INSERT INTO cias (cia_id, cia_nome, cia_nome_completo, cia_superior, cia_tel1, cia_tel2, cia_fax, cia_endereco1, cia_endereco2, cia_cidade, cia_estado, cia_cep, cia_pais, cia_url, cia_responsavel, cia_descricao, cia_tipo, cia_email, cia_customizado, cia_contatos, cia_acesso, cia_cabacalho, cia_nup, cia_qnt_nup, cia_logo) VALUES 
  (2,'Organização de Treino','Organização de Treino',1,NULL,NULL,NULL,NULL,NULL,NULL,NULL,NULL,NULL,NULL,1,NULL,0,NULL,NULL,NULL,0,'<p style=\"text-align: center;\"><strong>ORGANIZAÇÃO DE TREINO</strong></p>',NULL,0,'1/sisp.gif');

INSERT INTO contatos (contato_id, contato_cia, contato_dept, contato_dono, contato_posto_valor, contato_posto, contato_nomeguerra, contato_nomecompleto, contato_ordem, contato_arma, contato_nascimento, contato_funcao, contato_codigo, contato_tipo, contato_matricula, contato_cpf, contato_cnpj, contato_email, contato_email2, contato_url, contato_dddtel, contato_tel, contato_dddtel2, contato_tel2, contato_dddfax, contato_fax, contato_dddcel, contato_cel, contato_endereco1, contato_endereco2, contato_cidade, contato_estado, contato_cep, contato_pais, contato_notas, contato_jabber, contato_icq, contato_msn, contato_yahoo, contato_skype, contato_icone, contato_privado, contato_chave_atualizacao, contato_ultima_atualizacao, contato_pedido_atualizacao, contato_hora_custo) VALUES 
(9,2,NULL,1,19,'Sr.','Aluno 1','Aluno 1',NULL,NULL,'0000-00-00','instruendo',NULL,NULL,NULL,NULL,NULL,NULL,NULL,NULL,NULL,NULL,NULL,NULL,NULL,NULL,NULL,NULL,NULL,NULL,NULL,NULL,NULL,'BR',NULL,NULL,NULL,NULL,NULL,NULL,NULL,0,'',NULL,NULL,100.000),
(10,2,NULL,1,19,'Sr.','Aluno 2','Aluno 2',NULL,NULL,'0000-00-00','instruendo',NULL,NULL,NULL,NULL,NULL,NULL,NULL,NULL,NULL,NULL,NULL,NULL,NULL,NULL,NULL,NULL,NULL,NULL,NULL,NULL,NULL,'BR',NULL,NULL,NULL,NULL,NULL,NULL,NULL,0,'',NULL,NULL,100.000),
(11,2,NULL,1,19,'Sr.','Aluno 3','Aluno 3',NULL,NULL,'0000-00-00','instruendo',NULL,NULL,NULL,NULL,NULL,NULL,NULL,NULL,NULL,NULL,NULL,NULL,NULL,NULL,NULL,NULL,NULL,NULL,NULL,NULL,NULL,'BR',NULL,NULL,NULL,NULL,NULL,NULL,NULL,0,'',NULL,NULL,100.000),
(12,2,NULL,1,19,'Sr.','Aluno 4','Aluno 4',NULL,NULL,'0000-00-00','instruendo',NULL,NULL,NULL,NULL,NULL,NULL,NULL,NULL,NULL,NULL,NULL,NULL,NULL,NULL,NULL,NULL,NULL,NULL,NULL,NULL,NULL,'BR',NULL,NULL,NULL,NULL,NULL,NULL,NULL,0,'',NULL,NULL,100.000),
(13,2,NULL,1,19,'Sr.','Aluno 5','Aluno 5',NULL,NULL,'0000-00-00','instruendo',NULL,NULL,NULL,NULL,NULL,NULL,NULL,NULL,NULL,NULL,NULL,NULL,NULL,NULL,NULL,NULL,NULL,NULL,NULL,NULL,NULL,'BR',NULL,NULL,NULL,NULL,NULL,NULL,NULL,0,'',NULL,NULL,100.000),
(14,2,NULL,1,19,'Sr.','Aluno 6','Aluno 6',NULL,NULL,'0000-00-00','instruendo',NULL,NULL,NULL,NULL,NULL,NULL,NULL,NULL,NULL,NULL,NULL,NULL,NULL,NULL,NULL,NULL,NULL,NULL,NULL,NULL,NULL,'BR',NULL,NULL,NULL,NULL,NULL,NULL,NULL,0,'',NULL,NULL,100.000),
(15,2,NULL,1,19,'Sr.','Aluno 7','Aluno 7',NULL,NULL,'0000-00-00','instruendo',NULL,NULL,NULL,NULL,NULL,NULL,NULL,NULL,NULL,NULL,NULL,NULL,NULL,NULL,NULL,NULL,NULL,NULL,NULL,NULL,NULL,'BR',NULL,NULL,NULL,NULL,NULL,NULL,NULL,0,'',NULL,NULL,100.000),
(16,2,NULL,1,19,'Sr.','Aluno 8','Aluno 8',NULL,NULL,'0000-00-00','instruendo',NULL,NULL,NULL,NULL,NULL,NULL,NULL,NULL,NULL,NULL,NULL,NULL,NULL,NULL,NULL,NULL,NULL,NULL,NULL,NULL,NULL,'BR',NULL,NULL,NULL,NULL,NULL,NULL,NULL,0,'',NULL,NULL,100.000),
(17,2,NULL,1,19,'Sr.','Aluno 9','Aluno 9',NULL,NULL,'0000-00-00','instruendo',NULL,NULL,NULL,NULL,NULL,NULL,NULL,NULL,NULL,NULL,NULL,NULL,NULL,NULL,NULL,NULL,NULL,NULL,NULL,NULL,NULL,'BR',NULL,NULL,NULL,NULL,NULL,NULL,NULL,0,'',NULL,NULL,100.000),
(18,2,NULL,1,19,'Sr.','Aluno 10','Aluno 10',NULL,NULL,'0000-00-00','instruendo',NULL,NULL,NULL,NULL,NULL,NULL,NULL,NULL,NULL,NULL,NULL,NULL,NULL,NULL,NULL,NULL,NULL,NULL,NULL,NULL,NULL,'BR',NULL,NULL,NULL,NULL,NULL,NULL,NULL,0,'',NULL,NULL,100.000),
(19,2,NULL,1,19,'Sr.','Aluno 11','Aluno 11',NULL,NULL,'0000-00-00','instruendo',NULL,NULL,NULL,NULL,NULL,NULL,NULL,NULL,NULL,NULL,NULL,NULL,NULL,NULL,NULL,NULL,NULL,NULL,NULL,NULL,NULL,'BR',NULL,NULL,NULL,NULL,NULL,NULL,NULL,0,'',NULL,NULL,100.000),
(20,2,NULL,1,19,'Sr.','Aluno 12','Aluno 12',NULL,NULL,'0000-00-00','instruendo',NULL,NULL,NULL,NULL,NULL,NULL,NULL,NULL,NULL,NULL,NULL,NULL,NULL,NULL,NULL,NULL,NULL,NULL,NULL,NULL,NULL,'BR',NULL,NULL,NULL,NULL,NULL,NULL,NULL,0,'',NULL,NULL,100.000),
(21,2,NULL,1,19,'Sr.','Aluno 13','Aluno 13',NULL,NULL,'0000-00-00','instruendo',NULL,NULL,NULL,NULL,NULL,NULL,NULL,NULL,NULL,NULL,NULL,NULL,NULL,NULL,NULL,NULL,NULL,NULL,NULL,NULL,NULL,'BR',NULL,NULL,NULL,NULL,NULL,NULL,NULL,0,'',NULL,NULL,100.000),
(22,2,NULL,1,19,'Sr.','Aluno 14','Aluno 14',NULL,NULL,'0000-00-00','instruendo',NULL,NULL,NULL,NULL,NULL,NULL,NULL,NULL,NULL,NULL,NULL,NULL,NULL,NULL,NULL,NULL,NULL,NULL,NULL,NULL,NULL,'BR',NULL,NULL,NULL,NULL,NULL,NULL,NULL,0,'',NULL,NULL,100.000),
(23,2,NULL,1,19,'Sr.','Aluno 15','Aluno 15',NULL,NULL,'0000-00-00','instruendo',NULL,NULL,NULL,NULL,NULL,NULL,NULL,NULL,NULL,NULL,NULL,NULL,NULL,NULL,NULL,NULL,NULL,NULL,NULL,NULL,NULL,'BR',NULL,NULL,NULL,NULL,NULL,NULL,NULL,0,'',NULL,NULL,100.000),
(24,2,NULL,1,19,'Sr.','Aluno 16','Aluno 16',NULL,NULL,'0000-00-00','instruendo',NULL,NULL,NULL,NULL,NULL,NULL,NULL,NULL,NULL,NULL,NULL,NULL,NULL,NULL,NULL,NULL,NULL,NULL,NULL,NULL,NULL,'BR',NULL,NULL,NULL,NULL,NULL,NULL,NULL,0,'',NULL,NULL,100.000),
(25,2,NULL,1,19,'Sr.','Aluno 17','Aluno 17',NULL,NULL,'0000-00-00','instruendo',NULL,NULL,NULL,NULL,NULL,NULL,NULL,NULL,NULL,NULL,NULL,NULL,NULL,NULL,NULL,NULL,NULL,NULL,NULL,NULL,NULL,'BR',NULL,NULL,NULL,NULL,NULL,NULL,NULL,0,'',NULL,NULL,100.000),
(26,2,NULL,1,19,'Sr.','Aluno 18','Aluno 18',NULL,NULL,'0000-00-00','instruendo',NULL,NULL,NULL,NULL,NULL,NULL,NULL,NULL,NULL,NULL,NULL,NULL,NULL,NULL,NULL,NULL,NULL,NULL,NULL,NULL,NULL,'BR',NULL,NULL,NULL,NULL,NULL,NULL,NULL,0,'',NULL,NULL,100.000),
(27,2,NULL,1,19,'Sr.','Aluno 19','Aluno 19',NULL,NULL,'0000-00-00','instruendo',NULL,NULL,NULL,NULL,NULL,NULL,NULL,NULL,NULL,NULL,NULL,NULL,NULL,NULL,NULL,NULL,NULL,NULL,NULL,NULL,NULL,'BR',NULL,NULL,NULL,NULL,NULL,NULL,NULL,0,'',NULL,NULL,100.000),
(28,2,NULL,1,19,'Sr.','Aluno 20','Aluno 20',NULL,NULL,'0000-00-00','instruendo',NULL,NULL,NULL,NULL,NULL,NULL,NULL,NULL,NULL,NULL,NULL,NULL,NULL,NULL,NULL,NULL,NULL,NULL,NULL,NULL,NULL,'BR',NULL,NULL,NULL,NULL,NULL,NULL,NULL,0,'',NULL,NULL,100.000),
(29,2,NULL,1,19,'Sr.','Aluno 21','Aluno 21',NULL,NULL,'0000-00-00','instruendo',NULL,NULL,NULL,NULL,NULL,NULL,NULL,NULL,NULL,NULL,NULL,NULL,NULL,NULL,NULL,NULL,NULL,NULL,NULL,NULL,NULL,'BR',NULL,NULL,NULL,NULL,NULL,NULL,NULL,0,'',NULL,NULL,100.000),
(30,2,NULL,1,19,'Sr.','Aluno 22','Aluno 22',NULL,NULL,'0000-00-00','instruendo',NULL,NULL,NULL,NULL,NULL,NULL,NULL,NULL,NULL,NULL,NULL,NULL,NULL,NULL,NULL,NULL,NULL,NULL,NULL,NULL,NULL,'BR',NULL,NULL,NULL,NULL,NULL,NULL,NULL,0,'',NULL,NULL,100.000),
(31,2,NULL,1,19,'Sr.','Aluno 23','Aluno 23',NULL,NULL,'0000-00-00','instruendo',NULL,NULL,NULL,NULL,NULL,NULL,NULL,NULL,NULL,NULL,NULL,NULL,NULL,NULL,NULL,NULL,NULL,NULL,NULL,NULL,NULL,'BR',NULL,NULL,NULL,NULL,NULL,NULL,NULL,0,'',NULL,NULL,100.000),
(32,2,NULL,1,19,'Sr.','Aluno 24','Aluno 24',NULL,NULL,'0000-00-00','instruendo',NULL,NULL,NULL,NULL,NULL,NULL,NULL,NULL,NULL,NULL,NULL,NULL,NULL,NULL,NULL,NULL,NULL,NULL,NULL,NULL,NULL,'BR',NULL,NULL,NULL,NULL,NULL,NULL,NULL,0,'',NULL,NULL,100.000),
(33,2,NULL,1,19,'Sr.','Aluno 25','Aluno 25',NULL,NULL,'0000-00-00','instruendo',NULL,NULL,NULL,NULL,NULL,NULL,NULL,NULL,NULL,NULL,NULL,NULL,NULL,NULL,NULL,NULL,NULL,NULL,NULL,NULL,NULL,'BR',NULL,NULL,NULL,NULL,NULL,NULL,NULL,0,'',NULL,NULL,100.000),
(34,2,NULL,1,19,'Sr.','Aluno 26','Aluno 26',NULL,NULL,'0000-00-00','instruendo',NULL,NULL,NULL,NULL,NULL,NULL,NULL,NULL,NULL,NULL,NULL,NULL,NULL,NULL,NULL,NULL,NULL,NULL,NULL,NULL,NULL,'BR',NULL,NULL,NULL,NULL,NULL,NULL,NULL,0,'',NULL,NULL,100.000),
(35,2,NULL,1,19,'Sr.','Aluno 27','Aluno 27',NULL,NULL,'0000-00-00','instruendo',NULL,NULL,NULL,NULL,NULL,NULL,NULL,NULL,NULL,NULL,NULL,NULL,NULL,NULL,NULL,NULL,NULL,NULL,NULL,NULL,NULL,'BR',NULL,NULL,NULL,NULL,NULL,NULL,NULL,0,'',NULL,NULL,100.000),
(36,2,NULL,1,19,'Sr.','Aluno 28','Aluno 28',NULL,NULL,'0000-00-00','instruendo',NULL,NULL,NULL,NULL,NULL,NULL,NULL,NULL,NULL,NULL,NULL,NULL,NULL,NULL,NULL,NULL,NULL,NULL,NULL,NULL,NULL,'BR',NULL,NULL,NULL,NULL,NULL,NULL,NULL,0,'',NULL,NULL,100.000),
(37,2,NULL,1,19,'Sr.','Aluno 29','Aluno 29',NULL,NULL,'0000-00-00','instruendo',NULL,NULL,NULL,NULL,NULL,NULL,NULL,NULL,NULL,NULL,NULL,NULL,NULL,NULL,NULL,NULL,NULL,NULL,NULL,NULL,NULL,'BR',NULL,NULL,NULL,NULL,NULL,NULL,NULL,0,'',NULL,NULL,100.000),
(38,2,NULL,1,19,'Sr.','Aluno 30','Aluno 30',NULL,NULL,'0000-00-00','instruendo',NULL,NULL,NULL,NULL,NULL,NULL,NULL,NULL,NULL,NULL,NULL,NULL,NULL,NULL,NULL,NULL,NULL,NULL,NULL,NULL,NULL,'BR',NULL,NULL,NULL,NULL,NULL,NULL,NULL,0,'',NULL,NULL,100.000),
(39,2,NULL,1,19,'Sr.','Aluno 31','Aluno 31',NULL,NULL,'0000-00-00','instruendo',NULL,NULL,NULL,NULL,NULL,NULL,NULL,NULL,NULL,NULL,NULL,NULL,NULL,NULL,NULL,NULL,NULL,NULL,NULL,NULL,NULL,'BR',NULL,NULL,NULL,NULL,NULL,NULL,NULL,0,'',NULL,NULL,100.000),
(40,2,NULL,1,19,'Sr.','Aluno 32','Aluno 32',NULL,NULL,'0000-00-00','instruendo',NULL,NULL,NULL,NULL,NULL,NULL,NULL,NULL,NULL,NULL,NULL,NULL,NULL,NULL,NULL,NULL,NULL,NULL,NULL,NULL,NULL,'BR',NULL,NULL,NULL,NULL,NULL,NULL,NULL,0,'',NULL,NULL,100.000),
(41,2,NULL,1,19,'Sr.','Aluno 33','Aluno 33',NULL,NULL,'0000-00-00','instruendo',NULL,NULL,NULL,NULL,NULL,NULL,NULL,NULL,NULL,NULL,NULL,NULL,NULL,NULL,NULL,NULL,NULL,NULL,NULL,NULL,NULL,'BR',NULL,NULL,NULL,NULL,NULL,NULL,NULL,0,'',NULL,NULL,100.000),
(42,2,NULL,1,19,'Sr.','Aluno 34','Aluno 34',NULL,NULL,'0000-00-00','instruendo',NULL,NULL,NULL,NULL,NULL,NULL,NULL,NULL,NULL,NULL,NULL,NULL,NULL,NULL,NULL,NULL,NULL,NULL,NULL,NULL,NULL,'BR',NULL,NULL,NULL,NULL,NULL,NULL,NULL,0,'',NULL,NULL,100.000),
(43,2,NULL,1,19,'Sr.','Aluno 35','Aluno 35',NULL,NULL,'0000-00-00','instruendo',NULL,NULL,NULL,NULL,NULL,NULL,NULL,NULL,NULL,NULL,NULL,NULL,NULL,NULL,NULL,NULL,NULL,NULL,NULL,NULL,NULL,'BR',NULL,NULL,NULL,NULL,NULL,NULL,NULL,0,'',NULL,NULL,100.000),
(44,2,NULL,1,19,'Sr.','Aluno 36','Aluno 36',NULL,NULL,'0000-00-00','instruendo',NULL,NULL,NULL,NULL,NULL,NULL,NULL,NULL,NULL,NULL,NULL,NULL,NULL,NULL,NULL,NULL,NULL,NULL,NULL,NULL,NULL,'BR',NULL,NULL,NULL,NULL,NULL,NULL,NULL,0,'',NULL,NULL,100.000),
(45,2,NULL,1,19,'Sr.','Aluno 37','Aluno 37',NULL,NULL,'0000-00-00','instruendo',NULL,NULL,NULL,NULL,NULL,NULL,NULL,NULL,NULL,NULL,NULL,NULL,NULL,NULL,NULL,NULL,NULL,NULL,NULL,NULL,NULL,'BR',NULL,NULL,NULL,NULL,NULL,NULL,NULL,0,'',NULL,NULL,100.000),
(46,2,NULL,1,19,'Sr.','Aluno 38','Aluno 38',NULL,NULL,'0000-00-00','instruendo',NULL,NULL,NULL,NULL,NULL,NULL,NULL,NULL,NULL,NULL,NULL,NULL,NULL,NULL,NULL,NULL,NULL,NULL,NULL,NULL,NULL,'BR',NULL,NULL,NULL,NULL,NULL,NULL,NULL,0,'',NULL,NULL,100.000),
(47,2,NULL,1,19,'Sr.','Aluno 39','Aluno 39',NULL,NULL,'0000-00-00','instruendo',NULL,NULL,NULL,NULL,NULL,NULL,NULL,NULL,NULL,NULL,NULL,NULL,NULL,NULL,NULL,NULL,NULL,NULL,NULL,NULL,NULL,'BR',NULL,NULL,NULL,NULL,NULL,NULL,NULL,0,'',NULL,NULL,100.000),
(48,2,NULL,1,19,'Sr.','Aluno 40','Aluno 40',NULL,NULL,'0000-00-00','instruendo',NULL,NULL,NULL,NULL,NULL,NULL,NULL,NULL,NULL,NULL,NULL,NULL,NULL,NULL,NULL,NULL,NULL,NULL,NULL,NULL,NULL,'BR',NULL,NULL,NULL,NULL,NULL,NULL,NULL,0,'',NULL,NULL,100.000),
(49,2,NULL,1,19,'Sr.','Aluno 41','Aluno 41',NULL,NULL,'0000-00-00','instruendo',NULL,NULL,NULL,NULL,NULL,NULL,NULL,NULL,NULL,NULL,NULL,NULL,NULL,NULL,NULL,NULL,NULL,NULL,NULL,NULL,NULL,'BR',NULL,NULL,NULL,NULL,NULL,NULL,NULL,0,'',NULL,NULL,100.000),
(50,2,NULL,1,19,'Sr.','Aluno 42','Aluno 42',NULL,NULL,'0000-00-00','instruendo',NULL,NULL,NULL,NULL,NULL,NULL,NULL,NULL,NULL,NULL,NULL,NULL,NULL,NULL,NULL,NULL,NULL,NULL,NULL,NULL,NULL,'BR',NULL,NULL,NULL,NULL,NULL,NULL,NULL,0,'',NULL,NULL,100.000),
(51,2,NULL,1,19,'Sr.','Aluno 43','Aluno 43',NULL,NULL,'0000-00-00','instruendo',NULL,NULL,NULL,NULL,NULL,NULL,NULL,NULL,NULL,NULL,NULL,NULL,NULL,NULL,NULL,NULL,NULL,NULL,NULL,NULL,NULL,'BR',NULL,NULL,NULL,NULL,NULL,NULL,NULL,0,'',NULL,NULL,100.000),
(52,2,NULL,1,19,'Sr.','Aluno 44','Aluno 44',NULL,NULL,'0000-00-00','instruendo',NULL,NULL,NULL,NULL,NULL,NULL,NULL,NULL,NULL,NULL,NULL,NULL,NULL,NULL,NULL,NULL,NULL,NULL,NULL,NULL,NULL,'BR',NULL,NULL,NULL,NULL,NULL,NULL,NULL,0,'',NULL,NULL,100.000),
(53,2,NULL,1,19,'Sr.','Aluno 45','Aluno 45',NULL,NULL,'0000-00-00','instruendo',NULL,NULL,NULL,NULL,NULL,NULL,NULL,NULL,NULL,NULL,NULL,NULL,NULL,NULL,NULL,NULL,NULL,NULL,NULL,NULL,NULL,'BR',NULL,NULL,NULL,NULL,NULL,NULL,NULL,0,'',NULL,NULL,100.000),
(54,2,NULL,1,19,'Sr.','Aluno 46','Aluno 46',NULL,NULL,'0000-00-00','instruendo',NULL,NULL,NULL,NULL,NULL,NULL,NULL,NULL,NULL,NULL,NULL,NULL,NULL,NULL,NULL,NULL,NULL,NULL,NULL,NULL,NULL,'BR',NULL,NULL,NULL,NULL,NULL,NULL,NULL,0,'',NULL,NULL,100.000),
(55,2,NULL,1,19,'Sr.','Aluno 47','Aluno 47',NULL,NULL,'0000-00-00','instruendo',NULL,NULL,NULL,NULL,NULL,NULL,NULL,NULL,NULL,NULL,NULL,NULL,NULL,NULL,NULL,NULL,NULL,NULL,NULL,NULL,NULL,'BR',NULL,NULL,NULL,NULL,NULL,NULL,NULL,0,'',NULL,NULL,100.000),
(56,2,NULL,1,19,'Sr.','Aluno 48','Aluno 48',NULL,NULL,'0000-00-00','instruendo',NULL,NULL,NULL,NULL,NULL,NULL,NULL,NULL,NULL,NULL,NULL,NULL,NULL,NULL,NULL,NULL,NULL,NULL,NULL,NULL,NULL,'BR',NULL,NULL,NULL,NULL,NULL,NULL,NULL,0,'',NULL,NULL,100.000),
(57,2,NULL,1,19,'Sr.','Aluno 49','Aluno 49',NULL,NULL,'0000-00-00','instruendo',NULL,NULL,NULL,NULL,NULL,NULL,NULL,NULL,NULL,NULL,NULL,NULL,NULL,NULL,NULL,NULL,NULL,NULL,NULL,NULL,NULL,'BR',NULL,NULL,NULL,NULL,NULL,NULL,NULL,0,'',NULL,NULL,100.000),
(58,2,NULL,1,19,'Sr.','Aluno 50','Aluno 50',NULL,NULL,'0000-00-00','instruendo',NULL,NULL,NULL,NULL,NULL,NULL,NULL,NULL,NULL,NULL,NULL,NULL,NULL,NULL,NULL,NULL,NULL,NULL,NULL,NULL,NULL,'BR',NULL,NULL,NULL,NULL,NULL,NULL,NULL,0,'',NULL,NULL,100.000),
(59,2,NULL,1,19,'Sr.','Aluno 51','Aluno 51',NULL,NULL,'0000-00-00','instruendo',NULL,NULL,NULL,NULL,NULL,NULL,NULL,NULL,NULL,NULL,NULL,NULL,NULL,NULL,NULL,NULL,NULL,NULL,NULL,NULL,NULL,'BR',NULL,NULL,NULL,NULL,NULL,NULL,NULL,0,'',NULL,NULL,100.000),
(60,2,NULL,1,19,'Sr.','Aluno 52','Aluno 52',NULL,NULL,'0000-00-00','instruendo',NULL,NULL,NULL,NULL,NULL,NULL,NULL,NULL,NULL,NULL,NULL,NULL,NULL,NULL,NULL,NULL,NULL,NULL,NULL,NULL,NULL,'BR',NULL,NULL,NULL,NULL,NULL,NULL,NULL,0,'',NULL,NULL,100.000),
(61,2,NULL,1,19,'Sr.','Aluno 53','Aluno 53',NULL,NULL,'0000-00-00','instruendo',NULL,NULL,NULL,NULL,NULL,NULL,NULL,NULL,NULL,NULL,NULL,NULL,NULL,NULL,NULL,NULL,NULL,NULL,NULL,NULL,NULL,'BR',NULL,NULL,NULL,NULL,NULL,NULL,NULL,0,'',NULL,NULL,100.000),
(62,2,NULL,1,19,'Sr.','Aluno 54','Aluno 54',NULL,NULL,'0000-00-00','instruendo',NULL,NULL,NULL,NULL,NULL,NULL,NULL,NULL,NULL,NULL,NULL,NULL,NULL,NULL,NULL,NULL,NULL,NULL,NULL,NULL,NULL,'BR',NULL,NULL,NULL,NULL,NULL,NULL,NULL,0,'',NULL,NULL,100.000),
(63,2,NULL,1,19,'Sr.','Aluno 55','Aluno 55',NULL,NULL,'0000-00-00','instruendo',NULL,NULL,NULL,NULL,NULL,NULL,NULL,NULL,NULL,NULL,NULL,NULL,NULL,NULL,NULL,NULL,NULL,NULL,NULL,NULL,NULL,'BR',NULL,NULL,NULL,NULL,NULL,NULL,NULL,0,'',NULL,NULL,100.000),
(64,2,NULL,1,19,'Sr.','Aluno 56','Aluno 56',NULL,NULL,'0000-00-00','instruendo',NULL,NULL,NULL,NULL,NULL,NULL,NULL,NULL,NULL,NULL,NULL,NULL,NULL,NULL,NULL,NULL,NULL,NULL,NULL,NULL,NULL,'BR',NULL,NULL,NULL,NULL,NULL,NULL,NULL,0,'',NULL,NULL,100.000),
(65,2,NULL,1,19,'Sr.','Aluno 57','Aluno 57',NULL,NULL,'0000-00-00','instruendo',NULL,NULL,NULL,NULL,NULL,NULL,NULL,NULL,NULL,NULL,NULL,NULL,NULL,NULL,NULL,NULL,NULL,NULL,NULL,NULL,NULL,'BR',NULL,NULL,NULL,NULL,NULL,NULL,NULL,0,'',NULL,NULL,100.000),
(66,2,NULL,1,19,'Sr.','Aluno 58','Aluno 58',NULL,NULL,'0000-00-00','instruendo',NULL,NULL,NULL,NULL,NULL,NULL,NULL,NULL,NULL,NULL,NULL,NULL,NULL,NULL,NULL,NULL,NULL,NULL,NULL,NULL,NULL,'BR',NULL,NULL,NULL,NULL,NULL,NULL,NULL,0,'',NULL,NULL,100.000),
(67,2,NULL,1,19,'Sr.','Aluno 59','Aluno 59',NULL,NULL,'0000-00-00','instruendo',NULL,NULL,NULL,NULL,NULL,NULL,NULL,NULL,NULL,NULL,NULL,NULL,NULL,NULL,NULL,NULL,NULL,NULL,NULL,NULL,NULL,'BR',NULL,NULL,NULL,NULL,NULL,NULL,NULL,0,'',NULL,NULL,100.000),
(68,2,NULL,1,19,'Sr.','Aluno 60','Aluno 60',NULL,NULL,'0000-00-00','instruendo',NULL,NULL,NULL,NULL,NULL,NULL,NULL,NULL,NULL,NULL,NULL,NULL,NULL,NULL,NULL,NULL,NULL,NULL,NULL,NULL,NULL,'BR',NULL,NULL,NULL,NULL,NULL,NULL,NULL,0,'',NULL,NULL,100.000);

INSERT INTO usuarios (usuario_id, usuario_contato, usuario_login, usuario_senha, usuario_superior, usuario_grupo_dept, usuario_acesso_email, usuario_pode_oculta, usuario_cm, usuario_rodape, usuario_chavepublica, usuario_especial, usuario_ativo, usuario_admin, usuario_login2, usuario_senha2, usuario_assinatura, usuario_pauta, usuario_contas) VALUES 
(9,9,'aluno1','e10adc3949ba59abbe56e057f20f883e',0,NULL,2,1,0,NULL,NULL,0,1,0,NULL,NULL,NULL,0,NULL),
(10,10,'aluno2','e10adc3949ba59abbe56e057f20f883e',0,NULL,2,1,0,NULL,NULL,0,1,0,NULL,NULL,NULL,0,NULL),
(11,11,'aluno3','e10adc3949ba59abbe56e057f20f883e',0,NULL,2,1,0,NULL,NULL,0,1,0,NULL,NULL,NULL,0,NULL),
(12,12,'aluno4','e10adc3949ba59abbe56e057f20f883e',0,NULL,2,1,0,NULL,NULL,0,1,0,NULL,NULL,NULL,0,NULL),
(13,13,'aluno5','e10adc3949ba59abbe56e057f20f883e',0,NULL,2,1,0,NULL,NULL,0,1,0,NULL,NULL,NULL,0,NULL),
(14,14,'aluno6','e10adc3949ba59abbe56e057f20f883e',0,NULL,2,1,0,NULL,NULL,0,1,0,NULL,NULL,NULL,0,NULL),
(15,15,'aluno7','e10adc3949ba59abbe56e057f20f883e',0,NULL,2,1,0,NULL,NULL,0,1,0,NULL,NULL,NULL,0,NULL),
(16,16,'aluno8','e10adc3949ba59abbe56e057f20f883e',0,NULL,2,1,0,NULL,NULL,0,1,0,NULL,NULL,NULL,0,NULL),
(17,17,'aluno9','e10adc3949ba59abbe56e057f20f883e',0,NULL,2,1,0,NULL,NULL,0,1,0,NULL,NULL,NULL,0,NULL),
(18,18,'aluno10','e10adc3949ba59abbe56e057f20f883e',0,NULL,2,1,0,NULL,NULL,0,1,0,NULL,NULL,NULL,0,NULL),
(19,19,'aluno11','e10adc3949ba59abbe56e057f20f883e',0,NULL,2,1,0,NULL,NULL,0,1,0,NULL,NULL,NULL,0,NULL),
(20,20,'aluno12','e10adc3949ba59abbe56e057f20f883e',0,NULL,2,1,0,NULL,NULL,0,1,0,NULL,NULL,NULL,0,NULL),
(21,21,'aluno13','e10adc3949ba59abbe56e057f20f883e',0,NULL,2,1,0,NULL,NULL,0,1,0,NULL,NULL,NULL,0,NULL),
(22,22,'aluno14','e10adc3949ba59abbe56e057f20f883e',0,NULL,2,1,0,NULL,NULL,0,1,0,NULL,NULL,NULL,0,NULL),
(23,23,'aluno15','e10adc3949ba59abbe56e057f20f883e',0,NULL,2,1,0,NULL,NULL,0,1,0,NULL,NULL,NULL,0,NULL),
(24,24,'aluno16','e10adc3949ba59abbe56e057f20f883e',0,NULL,2,1,0,NULL,NULL,0,1,0,NULL,NULL,NULL,0,NULL),
(25,25,'aluno17','e10adc3949ba59abbe56e057f20f883e',0,NULL,2,1,0,NULL,NULL,0,1,0,NULL,NULL,NULL,0,NULL),
(26,26,'aluno18','e10adc3949ba59abbe56e057f20f883e',0,NULL,2,1,0,NULL,NULL,0,1,0,NULL,NULL,NULL,0,NULL),
(27,27,'aluno19','e10adc3949ba59abbe56e057f20f883e',0,NULL,2,1,0,NULL,NULL,0,1,0,NULL,NULL,NULL,0,NULL),
(28,28,'aluno20','e10adc3949ba59abbe56e057f20f883e',0,NULL,2,1,0,NULL,NULL,0,1,0,NULL,NULL,NULL,0,NULL),
(29,29,'aluno21','e10adc3949ba59abbe56e057f20f883e',0,NULL,2,1,0,NULL,NULL,0,1,0,NULL,NULL,NULL,0,NULL),
(30,30,'aluno22','e10adc3949ba59abbe56e057f20f883e',0,NULL,2,1,0,NULL,NULL,0,1,0,NULL,NULL,NULL,0,NULL),
(31,31,'aluno23','e10adc3949ba59abbe56e057f20f883e',0,NULL,2,1,0,NULL,NULL,0,1,0,NULL,NULL,NULL,0,NULL),
(32,32,'aluno24','e10adc3949ba59abbe56e057f20f883e',0,NULL,2,1,0,NULL,NULL,0,1,0,NULL,NULL,NULL,0,NULL),
(33,33,'aluno25','e10adc3949ba59abbe56e057f20f883e',0,NULL,2,1,0,NULL,NULL,0,1,0,NULL,NULL,NULL,0,NULL),
(34,34,'aluno26','e10adc3949ba59abbe56e057f20f883e',0,NULL,2,1,0,NULL,NULL,0,1,0,NULL,NULL,NULL,0,NULL),
(35,35,'aluno27','e10adc3949ba59abbe56e057f20f883e',0,NULL,2,1,0,NULL,NULL,0,1,0,NULL,NULL,NULL,0,NULL),
(36,36,'aluno28','e10adc3949ba59abbe56e057f20f883e',0,NULL,2,1,0,NULL,NULL,0,1,0,NULL,NULL,NULL,0,NULL),
(37,37,'aluno29','e10adc3949ba59abbe56e057f20f883e',0,NULL,2,1,0,NULL,NULL,0,1,0,NULL,NULL,NULL,0,NULL),
(38,38,'aluno30','e10adc3949ba59abbe56e057f20f883e',0,NULL,2,1,0,NULL,NULL,0,1,0,NULL,NULL,NULL,0,NULL),
(39,39,'aluno31','e10adc3949ba59abbe56e057f20f883e',0,NULL,2,1,0,NULL,NULL,0,1,0,NULL,NULL,NULL,0,NULL),
(40,40,'aluno32','e10adc3949ba59abbe56e057f20f883e',0,NULL,2,1,0,NULL,NULL,0,1,0,NULL,NULL,NULL,0,NULL),
(41,41,'aluno33','e10adc3949ba59abbe56e057f20f883e',0,NULL,2,1,0,NULL,NULL,0,1,0,NULL,NULL,NULL,0,NULL),
(42,42,'aluno34','e10adc3949ba59abbe56e057f20f883e',0,NULL,2,1,0,NULL,NULL,0,1,0,NULL,NULL,NULL,0,NULL),
(43,43,'aluno35','e10adc3949ba59abbe56e057f20f883e',0,NULL,2,1,0,NULL,NULL,0,1,0,NULL,NULL,NULL,0,NULL),
(44,44,'aluno36','e10adc3949ba59abbe56e057f20f883e',0,NULL,2,1,0,NULL,NULL,0,1,0,NULL,NULL,NULL,0,NULL),
(45,45,'aluno37','e10adc3949ba59abbe56e057f20f883e',0,NULL,2,1,0,NULL,NULL,0,1,0,NULL,NULL,NULL,0,NULL),
(46,46,'aluno38','e10adc3949ba59abbe56e057f20f883e',0,NULL,2,1,0,NULL,NULL,0,1,0,NULL,NULL,NULL,0,NULL),
(47,47,'aluno39','e10adc3949ba59abbe56e057f20f883e',0,NULL,2,1,0,NULL,NULL,0,1,0,NULL,NULL,NULL,0,NULL),
(48,48,'aluno40','e10adc3949ba59abbe56e057f20f883e',0,NULL,2,1,0,NULL,NULL,0,1,0,NULL,NULL,NULL,0,NULL),
(49,49,'aluno41','e10adc3949ba59abbe56e057f20f883e',0,NULL,2,1,0,NULL,NULL,0,1,0,NULL,NULL,NULL,0,NULL),
(50,50,'aluno42','e10adc3949ba59abbe56e057f20f883e',0,NULL,2,1,0,NULL,NULL,0,1,0,NULL,NULL,NULL,0,NULL),
(51,51,'aluno43','e10adc3949ba59abbe56e057f20f883e',0,NULL,2,1,0,NULL,NULL,0,1,0,NULL,NULL,NULL,0,NULL),
(52,52,'aluno44','e10adc3949ba59abbe56e057f20f883e',0,NULL,2,1,0,NULL,NULL,0,1,0,NULL,NULL,NULL,0,NULL),
(53,53,'aluno45','e10adc3949ba59abbe56e057f20f883e',0,NULL,2,1,0,NULL,NULL,0,1,0,NULL,NULL,NULL,0,NULL),
(54,54,'aluno46','e10adc3949ba59abbe56e057f20f883e',0,NULL,2,1,0,NULL,NULL,0,1,0,NULL,NULL,NULL,0,NULL),
(55,55,'aluno47','e10adc3949ba59abbe56e057f20f883e',0,NULL,2,1,0,NULL,NULL,0,1,0,NULL,NULL,NULL,0,NULL),
(56,56,'aluno48','e10adc3949ba59abbe56e057f20f883e',0,NULL,2,1,0,NULL,NULL,0,1,0,NULL,NULL,NULL,0,NULL),
(57,57,'aluno49','e10adc3949ba59abbe56e057f20f883e',0,NULL,2,1,0,NULL,NULL,0,1,0,NULL,NULL,NULL,0,NULL),
(58,58,'aluno50','e10adc3949ba59abbe56e057f20f883e',0,NULL,2,1,0,NULL,NULL,0,1,0,NULL,NULL,NULL,0,NULL),
(59,59,'aluno51','e10adc3949ba59abbe56e057f20f883e',0,NULL,2,1,0,NULL,NULL,0,1,0,NULL,NULL,NULL,0,NULL),
(60,60,'aluno52','e10adc3949ba59abbe56e057f20f883e',0,NULL,2,1,0,NULL,NULL,0,1,0,NULL,NULL,NULL,0,NULL),
(61,61,'aluno53','e10adc3949ba59abbe56e057f20f883e',0,NULL,2,1,0,NULL,NULL,0,1,0,NULL,NULL,NULL,0,NULL),
(62,62,'aluno54','e10adc3949ba59abbe56e057f20f883e',0,NULL,2,1,0,NULL,NULL,0,1,0,NULL,NULL,NULL,0,NULL),
(63,63,'aluno55','e10adc3949ba59abbe56e057f20f883e',0,NULL,2,1,0,NULL,NULL,0,1,0,NULL,NULL,NULL,0,NULL),
(64,64,'aluno56','e10adc3949ba59abbe56e057f20f883e',0,NULL,2,1,0,NULL,NULL,0,1,0,NULL,NULL,NULL,0,NULL),
(65,65,'aluno57','e10adc3949ba59abbe56e057f20f883e',0,NULL,2,1,0,NULL,NULL,0,1,0,NULL,NULL,NULL,0,NULL),
(66,66,'aluno58','e10adc3949ba59abbe56e057f20f883e',0,NULL,2,1,0,NULL,NULL,0,1,0,NULL,NULL,NULL,0,NULL),
(67,67,'aluno59','e10adc3949ba59abbe56e057f20f883e',0,NULL,2,1,0,NULL,NULL,0,1,0,NULL,NULL,NULL,0,NULL),
(68,68,'aluno60','e10adc3949ba59abbe56e057f20f883e',0,NULL,2,1,0,NULL,NULL,0,1,0,NULL,NULL,NULL,0,NULL);

INSERT INTO perfil_usuario (perfil_usuario_usuario, perfil_usuario_perfil) VALUES 
	(9,14),
	(10,14),
	(11,14),
	(12,14),
	(13,14),
	(14,14),
	(15,14),
	(16,14),
	(17,14),
	(18,14),
	(19,14),
	(20,14),
	(21,14),
	(22,14),
	(23,14),
	(24,14),
	(25,14),
	(26,14),
	(27,14),
	(28,14),
	(29,14),
	(30,14),
	(31,14),
	(32,14),
	(33,14),
	(34,14),
	(35,14),
	(36,14),
	(37,14),
	(38,14),
	(39,14),
	(40,14),
	(41,14),
	(42,14),
	(43,14),
	(44,14),
	(45,14),
	(46,14),
	(47,14),
	(48,14),
	(49,14),
	(50,14),
	(51,14),
	(52,14),
	(53,14),
	(54,14),
	(55,14),
	(56,14),
	(57,14),
	(58,14),
	(59,14),
	(60,14),
	(61,14),
	(62,14),
	(63,14),
	(64,14),
	(65,14),
	(66,14),
	(67,14),
	(68,14);
