SET FOREIGN_KEY_CHECKS=0;

INSERT INTO checklist_dados (checklist_dados_id, pratica_indicador_valor_indicador, checklist_dados_responsavel, checklist_dados_campos, checklist_dados_nome_usuario, checklist_dados_funcao_usuario, checklist_dados_obs, pratica_indicador_valor_data, pratica_indicador_valor_valor, checklist_dados_checklist_id) VALUES
  (1,455,6,0x613A32363A7B693A303B613A31303A7B733A31383A22636865636B6C6973745F6C697374615F6964223B733A333A22363339223B733A32383A22636865636B6C6973745F6C697374615F636865636B6C6973745F6964223B733A323A223738223B733A32313A22636865636B6C6973745F6C697374615F6F7264656D223B733A313A2231223B733A32353A22636865636B6C6973745F6C697374615F64657363726963616F223B733A3133303A223C703E41206C69636974612663636564696C3B266174696C64653B6F20666F6920666F726D616C697A61646120706F72206D65696F2064652070726F636573736F2061646D696E69737472617469766F2C206465766964616D656E7465206175747561646F2C2070726F746F636F6C61646F2065206E756D657261646F3F3C2F703E223B733A32303A22636865636B6C6973745F6C697374615F7065736F223B733A353A22312E303030223B733A32393A22636865636B6C6973745F6C697374615F6A757374696669636174697661223B733A303A22223B733A32333A22636865636B6C6973745F6C697374615F6C6567656E6461223B733A313A2230223B733A31393A22636865636B6C6973745F6C697374615F73696D223B733A313A2231223B733A31393A22636865636B6C6973745F6C697374615F6E616F223B733A313A2230223B733A31383A22636865636B6C6973745F6C697374615F6E61223B733A313A2230223B7D693A313B613A31303A7B733A31383A22636865636B6C6973745F6C697374615F6964223B733A333A22363430223B733A32383A22636865636B6C6973745F6C697374615F636865636B6C6973745F6964223B733A323A223738223B733A32313A22636865636B6C6973745F6C697374615F6F7264656D223B733A313A2232223B733A32353A22636865636B6C6973745F6C697374615F64657363726963616F223B733A3134333A223C703E41206175746F72697A612663636564696C3B266174696C64653B6F2070617261207265616C697A612663636564696C3B266174696C64653B6F206461206C69636974612663636564696C3B266174696C64653B6F20636F6E73746120646F2070726F636573736F2028656D697469646120706F72206175746F722C20636F6D706574656E7465293F3C2F703E223B733A32303A22636865636B6C6973745F6C697374615F7065736F223B733A353A22312E303030223B733A32393A22636865636B6C6973745F6C697374615F6A757374696669636174697661223B733A303A22223B733A32333A22636865636B6C6973745F6C697374615F6C6567656E6461223B733A313A2230223B733A31393A22636865636B6C6973745F6C697374615F73696D223B733A313A2231223B733A31393A22636865636B6C6973745F6C697374615F6E616F223B733A313A2230223B733A31383A22636865636B6C6973745F6C697374615F6E61223B733A313A2230223B7D693A323B613A31303A7B733A31383A22636865636B6C6973745F6C697374615F6964223B733A333A22363431223B733A32383A22636865636B6C6973745F6C697374615F636865636B6C6973745F6964223B733A323A223738223B733A32313A22636865636B6C6973745F6C697374615F6F7264656D223B733A313A2233223B733A32353A22636865636B6C6973745F6C697374615F64657363726963616F223B733A3131303A223C703E41206A757374696669636174697661207061726120636F6E74726174612663636564696C3B266174696C64653B6F2028656D69746964612070656C61206175746F72696461646520636F6D706574656E74652920636F6E73746120646F2070726F636573736F3F3C2F703E223B733A32303A22636865636B6C6973745F6C697374615F7065736F223B733A353A22312E303030223B733A32393A22636865636B6C6973745F6C697374615F6A757374696669636174697661223B733A32353A2241696E64612066616C74612073657220656C61626F72616461223B733A32333A22636865636B6C6973745F6C697374615F6C6567656E6461223B733A313A2230223B733A31393A22636865636B6C6973745F6C697374615F73696D223B733A313A2230223B733A31393A22636865636B6C6973745F6C697374615F6E616F223B733A313A2231223B733A31383A22636865636B6C6973745F6C697374615F6E61223B733A313A2230223B7D693A333B613A31303A7B733A31383A22636865636B6C6973745F6C697374615F6964223B733A333A22363432223B733A32383A22636865636B6C6973745F6C697374615F636865636B6C6973745F6964223B733A323A223738223B733A32313A22636865636B6C6973745F6C697374615F6F7264656D223B733A313A2234223B733A32353A22636865636B6C6973745F6C697374615F64657363726963616F223B733A3133363A223C703E466F6920656C61626F7261646F207465726D6F2064652072656665722665636972633B6E63696120636F6D206120696E646963612663636564696C3B266174696C64653B6F20646F206F626A65746F20646520666F726D6120707265636973612C20737566696369656E7465206520636C6172613F266E6273703B266E6273703B3C2F703E223B733A32303A22636865636B6C6973745F6C697374615F7065736F223B733A353A22312E303030223B733A32393A22636865636B6C6973745F6C697374615F6A757374696669636174697661223B733A36353A2245737065636966696361E7F565732074E9636E69636173206EE36F20666F72616D20656E7472656775656D2070656C6F207365746F722064656D616E64616E7465223B733A32333A22636865636B6C6973745F6C697374615F6C6567656E6461223B733A313A2230223B733A31393A22636865636B6C6973745F6C697374615F73696D223B733A313A2230223B733A31393A22636865636B6C6973745F6C697374615F6E616F223B733A313A2231223B733A31383A22636865636B6C6973745F6C697374615F6E61223B733A313A2230223B7D693A343B613A31303A7B733A31383A22636865636B6C6973745F6C697374615F6964223B733A333A22363433223B733A32383A22636865636B6C6973745F6C697374615F636865636B6C6973745F6964223B733A323A223738223B733A32313A22636865636B6C6973745F6C697374615F6F7264656D223B733A313A2235223B733A32353A22636865636B6C6973745F6C697374615F64657363726963616F223B733A3635353A223C703E4F207465726D6F2064652072656665722665636972633B6E63696120636F6E74266561637574653B6D20656C656D656E746F7320636170617A65732064652070726F7069636961722061206176616C69612663636564696C3B266174696C64653B6F20646F20637573746F2070656C612061646D696E69737472612663636564696C3B266174696C64653B6F206469616E7465206465206F722663636564696C3B616D656E746F20646574616C6861646F2C20646566696E692663636564696C3B266174696C64653B6F20646F73206D266561637574653B746F646F732C20657374726174266561637574653B6769612064652073757072696D656E746F2C2076616C6F7220657374696D61646F20656D20706C616E696C6861732064652061636F72646F20636F6D206F207072652663636564696C3B6F206465206D65726361646F2C2063726F6E6F6772616D612066266961637574653B7369636F2D66696E616E636569726F2C20736520666F72206F206361736F2C2063726974266561637574653B72696F206465206163656974612663636564696C3B266174696C64653B6F20646F206F626A65746F2C206465766572657320646F20636F6E7472617461646F206520646F20636F6E74726174616E74652C2070726F636564696D656E746F732064652066697363616C697A612663636564696C3B266174696C64653B6F206520676572656E6369616D656E746F20646F20636F6E747261746F2C207072617A6F2064652065786563752663636564696C3B266174696C64653B6F20652073616E2663636564696C3B266F74696C64653B65732C20646520666F726D6120636C6172612C20636F6E636973612065206F626A65746976613F266E6273703B266E6273703B3C2F703E223B733A32303A22636865636B6C6973745F6C697374615F7065736F223B733A353A22312E303030223B733A32393A22636865636B6C6973745F6C697374615F6A757374696669636174697661223B733A303A22223B733A32333A22636865636B6C6973745F6C697374615F6C6567656E6461223B733A313A2230223B733A31393A22636865636B6C6973745F6C697374615F73696D223B733A313A2231223B733A31393A22636865636B6C6973745F6C697374615F6E616F223B733A313A2230223B733A31383A22636865636B6C6973745F6C697374615F6E61223B733A313A2230223B7D693A353B613A31303A7B733A31383A22636865636B6C6973745F6C697374615F6964223B733A333A22363434223B733A32383A22636865636B6C6973745F6C697374615F636865636B6C6973745F6964223B733A323A223738223B733A32313A22636865636B6C6973745F6C697374615F6F7264656D223B733A313A2236223B733A32353A22636865636B6C6973745F6C697374615F64657363726963616F223B733A37353A223C703E4F207465726D6F2064652072656665722665636972633B6E63696120666F69206170726F7661646F2070656C61206175746F72696461646520636F6D706574656E74653F3C2F703E223B733A32303A22636865636B6C6973745F6C697374615F7065736F223B733A353A22312E303030223B733A32393A22636865636B6C6973745F6C697374615F6A757374696669636174697661223B733A303A22223B733A32333A22636865636B6C6973745F6C697374615F6C6567656E6461223B733A313A2230223B733A31393A22636865636B6C6973745F6C697374615F73696D223B733A313A2231223B733A31393A22636865636B6C6973745F6C697374615F6E616F223B733A313A2230223B733A31383A22636865636B6C6973745F6C697374615F6E61223B733A313A2230223B7D693A363B613A31303A7B733A31383A22636865636B6C6973745F6C697374615F6964223B733A333A22363435223B733A32383A22636865636B6C6973745F6C697374615F636865636B6C6973745F6964223B733A323A223738223B733A32313A22636865636B6C6973745F6C697374615F6F7264656D223B733A313A2237223B733A32353A22636865636B6C6973745F6C697374615F64657363726963616F223B733A36363A223C703E4F207465726D6F2064652072656665722665636972633B6E63696120636F6E73746120646F2070726F636573736F3F266E6273703B266E6273703B3C2F703E223B733A32303A22636865636B6C6973745F6C697374615F7065736F223B733A353A22312E303030223B733A32393A22636865636B6C6973745F6C697374615F6A757374696669636174697661223B733A303A22223B733A32333A22636865636B6C6973745F6C697374615F6C6567656E6461223B733A313A2230223B733A31393A22636865636B6C6973745F6C697374615F73696D223B733A313A2231223B733A31393A22636865636B6C6973745F6C697374615F6E616F223B733A313A2230223B733A31383A22636865636B6C6973745F6C697374615F6E61223B733A313A2230223B7D693A373B613A31303A7B733A31383A22636865636B6C6973745F6C697374615F6964223B733A333A22363436223B733A32383A22636865636B6C6973745F6C697374615F636865636B6C6973745F6964223B733A323A223738223B733A32313A22636865636B6C6973745F6C697374615F6F7264656D223B733A313A2238223B733A32353A22636865636B6C6973745F6C697374615F64657363726963616F223B733A38373A223C703E412064657369676E612663636564696C3B266174696C64653B6F20646F20707265676F6569726F2065206461206571756970652064652061706F696F20636F6E73746120646F2070726F636573736F3F3C2F703E223B733A32303A22636865636B6C6973745F6C697374615F7065736F223B733A353A22312E303030223B733A32393A22636865636B6C6973745F6C697374615F6A757374696669636174697661223B733A303A22223B733A32333A22636865636B6C6973745F6C697374615F6C6567656E6461223B733A313A2230223B733A31393A22636865636B6C6973745F6C697374615F73696D223B733A313A2231223B733A31393A22636865636B6C6973745F6C697374615F6E616F223B733A313A2230223B733A31383A22636865636B6C6973745F6C697374615F6E61223B733A313A2230223B7D693A383B613A31303A7B733A31383A22636865636B6C6973745F6C697374615F6964223B733A333A22363437223B733A32383A22636865636B6C6973745F6C697374615F636865636B6C6973745F6964223B733A323A223738223B733A32313A22636865636B6C6973745F6C697374615F6F7264656D223B733A313A2239223B733A32353A22636865636B6C6973745F6C697374615F64657363726963616F223B733A37373A223C703E4F2065646974616C2065207265737065637469766F7320616E65786F7320287175616E646F20666F72206F206361736F2920636F6E7374616D20646F2070726F636573736F3F3C2F703E223B733A32303A22636865636B6C6973745F6C697374615F7065736F223B733A353A22312E303030223B733A32393A22636865636B6C6973745F6C697374615F6A757374696669636174697661223B733A303A22223B733A32333A22636865636B6C6973745F6C697374615F6C6567656E6461223B733A313A2230223B733A31393A22636865636B6C6973745F6C697374615F73696D223B733A313A2231223B733A31393A22636865636B6C6973745F6C697374615F6E616F223B733A313A2230223B733A31383A22636865636B6C6973745F6C697374615F6E61223B733A313A2230223B7D693A393B613A31303A7B733A31383A22636865636B6C6973745F6C697374615F6964223B733A333A22363438223B733A32383A22636865636B6C6973745F6C697374615F636865636B6C6973745F6964223B733A323A223738223B733A32313A22636865636B6C6973745F6C697374615F6F7264656D223B733A323A223130223B733A32353A22636865636B6C6973745F6C697374615F64657363726963616F223B733A3135323A223C703E4F2065646974616C2065207265737065637469766F7320616E65786F7320287175616E646F20666F72206F206361736F2920666F6920636F6E63656269646F2064652061636F72646F20636F6D206F7320646974616D6573206461206C656769736C612663636564696C3B266174696C64653B6F20287669646520636865636B2D6C69737420646F2065646974616C293F3C2F703E223B733A32303A22636865636B6C6973745F6C697374615F7065736F223B733A353A22312E303030223B733A32393A22636865636B6C6973745F6C697374615F6A757374696669636174697661223B733A303A22223B733A32333A22636865636B6C6973745F6C697374615F6C6567656E6461223B733A313A2230223B733A31393A22636865636B6C6973745F6C697374615F73696D223B733A313A2230223B733A31393A22636865636B6C6973745F6C697374615F6E616F223B733A313A2231223B733A31383A22636865636B6C6973745F6C697374615F6E61223B733A313A2230223B7D693A31303B613A31303A7B733A31383A22636865636B6C6973745F6C697374615F6964223B733A333A22363439223B733A32383A22636865636B6C6973745F6C697374615F636865636B6C6973745F6964223B733A323A223738223B733A32313A22636865636B6C6973745F6C697374615F6F7264656D223B733A323A223131223B733A32353A22636865636B6C6973745F6C697374615F64657363726963616F223B733A36333A223C703E41206D696E75746120646F20636F6E747261746F2C20736520666F72206F206361736F2C20636F6E73746120646F2070726F636573736F3F3C2F703E223B733A32303A22636865636B6C6973745F6C697374615F7065736F223B733A353A22312E303030223B733A32393A22636865636B6C6973745F6C697374615F6A757374696669636174697661223B733A303A22223B733A32333A22636865636B6C6973745F6C697374615F6C6567656E6461223B733A313A2230223B733A31393A22636865636B6C6973745F6C697374615F73696D223B733A313A2230223B733A31393A22636865636B6C6973745F6C697374615F6E616F223B733A313A2231223B733A31383A22636865636B6C6973745F6C697374615F6E61223B733A313A2230223B7D693A31313B613A31303A7B733A31383A22636865636B6C6973745F6C697374615F6964223B733A333A22363530223B733A32383A22636865636B6C6973745F6C697374615F636865636B6C6973745F6964223B733A323A223738223B733A32313A22636865636B6C6973745F6C697374615F6F7264656D223B733A323A223132223B733A32353A22636865636B6C6973745F6C697374615F64657363726963616F223B733A39373A223C703E4F2070617265636572206A7572266961637574653B6469636F206170726F76616E646F206173206D696E7574617320646F2065646974616C206520646F20636F6E747261746F20636F6E73746120646F2070726F636573736F3F3C2F703E223B733A32303A22636865636B6C6973745F6C697374615F7065736F223B733A353A22312E303030223B733A32393A22636865636B6C6973745F6C697374615F6A757374696669636174697661223B733A303A22223B733A32333A22636865636B6C6973745F6C697374615F6C6567656E6461223B733A313A2230223B733A31393A22636865636B6C6973745F6C697374615F73696D223B733A313A2231223B733A31393A22636865636B6C6973745F6C697374615F6E616F223B733A313A2230223B733A31383A22636865636B6C6973745F6C697374615F6E61223B733A313A2230223B7D693A31323B613A31303A7B733A31383A22636865636B6C6973745F6C697374615F6964223B733A333A22363531223B733A32383A22636865636B6C6973745F6C697374615F636865636B6C6973745F6964223B733A323A223738223B733A32313A22636865636B6C6973745F6C697374615F6F7264656D223B733A323A223133223B733A32353A22636865636B6C6973745F6C697374615F64657363726963616F223B733A39323A223C703E4F7320636F6D70726F76616E74657320646173207075626C6963612663636564696C3B266F74696C64653B657320646F2065646974616C20726573756D69646F20636F6E7374616D20646F2070726F636573736F3F3C2F703E223B733A32303A22636865636B6C6973745F6C697374615F7065736F223B733A353A22312E303030223B733A32393A22636865636B6C6973745F6C697374615F6A757374696669636174697661223B733A303A22223B733A32333A22636865636B6C6973745F6C697374615F6C6567656E6461223B733A313A2230223B733A31393A22636865636B6C6973745F6C697374615F73696D223B733A313A2231223B733A31393A22636865636B6C6973745F6C697374615F6E616F223B733A313A2230223B733A31383A22636865636B6C6973745F6C697374615F6E61223B733A313A2230223B7D693A31333B613A31303A7B733A31383A22636865636B6C6973745F6C697374615F6964223B733A333A22363532223B733A32383A22636865636B6C6973745F6C697374615F636865636B6C6973745F6964223B733A323A223738223B733A32313A22636865636B6C6973745F6C697374615F6F7264656D223B733A323A223134223B733A32353A22636865636B6C6973745F6C697374615F64657363726963616F223B733A3139383A223C703E466F69207265737065697461646F206F207072617A6F2064652038206469617320267561637574653B7465697320656E747265206120646976756C67612663636564696C3B266174696C64653B6F206461206C69636974612663636564696C3B266174696C64653B6F20287075626C6963612663636564696C3B266174696C64653B6F20646F20617669736F20646F2065646974616C2920652061207265616C697A612663636564696C3B266174696C64653B6F20646F206576656E746F3F3C2F703E223B733A32303A22636865636B6C6973745F6C697374615F7065736F223B733A353A22312E303030223B733A32393A22636865636B6C6973745F6C697374615F6A757374696669636174697661223B733A303A22223B733A32333A22636865636B6C6973745F6C697374615F6C6567656E6461223B733A313A2230223B733A31393A22636865636B6C6973745F6C697374615F73696D223B733A313A2231223B733A31393A22636865636B6C6973745F6C697374615F6E616F223B733A313A2230223B733A31383A22636865636B6C6973745F6C697374615F6E61223B733A313A2230223B7D693A31343B613A31303A7B733A31383A22636865636B6C6973745F6C697374615F6964223B733A333A22363533223B733A32383A22636865636B6C6973745F6C697374615F636865636B6C6973745F6964223B733A323A223738223B733A32313A22636865636B6C6973745F6C697374615F6F7264656D223B733A323A223135223B733A32353A22636865636B6C6973745F6C697374615F64657363726963616F223B733A3130373A223C703E4F20617669736F20636F6E74656E646F206F20726573756D6F20646F2065646974616C20666F69207075626C696361646F206E6F73206D65696F7320707265766973746F732070656C61206C656769736C612663636564696C3B266174696C64653B6F3F3C2F703E223B733A32303A22636865636B6C6973745F6C697374615F7065736F223B733A353A22312E303030223B733A32393A22636865636B6C6973745F6C697374615F6A757374696669636174697661223B733A303A22223B733A32333A22636865636B6C6973745F6C697374615F6C6567656E6461223B733A313A2230223B733A31393A22636865636B6C6973745F6C697374615F73696D223B733A313A2231223B733A31393A22636865636B6C6973745F6C697374615F6E616F223B733A313A2230223B733A31383A22636865636B6C6973745F6C697374615F6E61223B733A313A2230223B7D693A31353B613A31303A7B733A31383A22636865636B6C6973745F6C697374615F6964223B733A333A22363534223B733A32383A22636865636B6C6973745F6C697374615F636865636B6C6973745F6964223B733A323A223738223B733A32313A22636865636B6C6973745F6C697374615F6F7264656D223B733A323A223136223B733A32353A22636865636B6C6973745F6C697374615F64657363726963616F223B733A3239303A223C703E4F7320646F63756D656E746F73206E6563657373266161637574653B72696F7320266167726176653B20686162696C6974612663636564696C3B266174696C64653B6F20286F726967696E616973206F752063266F61637574653B7069617320617574656E7469636164617320706F722063617274266F61637574653B72696F7320636F6D706574656E746573206F7520706F72207365727669646F7265732064612061646D696E69737472612663636564696C3B266174696C64653B6F206F75207075626C6963612663636564696C3B266174696C64653B6F20656D20266F61637574653B7267266174696C64653B6F20646120696D7072656E7361206F66696369616C2920636F6E7374616D20646F2070726F636573736F3F3C2F703E223B733A32303A22636865636B6C6973745F6C697374615F7065736F223B733A353A22312E303030223B733A32393A22636865636B6C6973745F6C697374615F6A757374696669636174697661223B733A303A22223B733A32333A22636865636B6C6973745F6C697374615F6C6567656E6461223B733A313A2230223B733A31393A22636865636B6C6973745F6C697374615F73696D223B733A313A2231223B733A31393A22636865636B6C6973745F6C697374615F6E616F223B733A313A2230223B733A31383A22636865636B6C6973745F6C697374615F6E61223B733A313A2230223B7D693A31363B613A31303A7B733A31383A22636865636B6C6973745F6C697374615F6964223B733A333A22363535223B733A32383A22636865636B6C6973745F6C697374615F636865636B6C6973745F6964223B733A323A223738223B733A32313A22636865636B6C6973745F6C697374615F6F7264656D223B733A323A223137223B733A32353A22636865636B6C6973745F6C697374615F64657363726963616F223B733A3333373A223C703E412061746120636F6E73746120646F2070726F636573736F206520636F6E74266561637574653B6D20726567697374726F20646F73206C69636974616E746573207061727469636970616E7465732C206461732070726F706F737461206170726573656E74616461732C20646F73206C616E636573206F6665727461646F73206E61206F7264656D20646520636C61737369666963612663636564696C3B266174696C64653B6F2C2064612061636569746162696C69646164652064612070726F706F737461206465207072652663636564696C3B6F2C20646120686162696C6974612663636564696C3B266174696C64653B6F206520646F73207265637572736F7320706F7276656E7475726120696E746572706F73746F732C20726573706563746976617320616E266161637574653B6C697365732065206465636973266F74696C64653B65733F3C2F703E223B733A32303A22636865636B6C6973745F6C697374615F7065736F223B733A353A22312E303030223B733A32393A22636865636B6C6973745F6C697374615F6A757374696669636174697661223B733A303A22223B733A32333A22636865636B6C6973745F6C697374615F6C6567656E6461223B733A313A2230223B733A31393A22636865636B6C6973745F6C697374615F73696D223B733A313A2231223B733A31393A22636865636B6C6973745F6C697374615F6E616F223B733A313A2230223B733A31383A22636865636B6C6973745F6C697374615F6E61223B733A313A2230223B7D693A31373B613A31303A7B733A31383A22636865636B6C6973745F6C697374615F6964223B733A333A22363536223B733A32383A22636865636B6C6973745F6C697374615F636865636B6C6973745F6964223B733A323A223738223B733A32313A22636865636B6C6973745F6C697374615F6F7264656D223B733A323A223138223B733A32353A22636865636B6C6973745F6C697374615F64657363726963616F223B733A3131373A223C703E4F73207061726563657265732074266561637574653B636E69636F73206F75206A7572266961637574653B6469636F7320656D697469646F7320736F6272652061206C69636974612663636564696C3B266174696C64653B6F20636F6E7374616D20646F2070726F636573736F3F3C2F703E223B733A32303A22636865636B6C6973745F6C697374615F7065736F223B733A353A22312E303030223B733A32393A22636865636B6C6973745F6C697374615F6A757374696669636174697661223B733A303A22223B733A32333A22636865636B6C6973745F6C697374615F6C6567656E6461223B733A313A2230223B733A31393A22636865636B6C6973745F6C697374615F73696D223B733A313A2231223B733A31393A22636865636B6C6973745F6C697374615F6E616F223B733A313A2230223B733A31383A22636865636B6C6973745F6C697374615F6E61223B733A313A2230223B7D693A31383B613A31303A7B733A31383A22636865636B6C6973745F6C697374615F6964223B733A333A22363537223B733A32383A22636865636B6C6973745F6C697374615F636865636B6C6973745F6964223B733A323A223738223B733A32313A22636865636B6C6973745F6C697374615F6F7264656D223B733A323A223139223B733A32353A22636865636B6C6973745F6C697374615F64657363726963616F223B733A3130313A223C703E4F732061746F732064652061646A75646963612663636564696C3B266174696C64653B6F20646F206F626A65746F206461206C69636974612663636564696C3B266174696C64653B6F20636F6E7374616D20646F2070726F636573736F3F3C2F703E223B733A32303A22636865636B6C6973745F6C697374615F7065736F223B733A353A22312E303030223B733A32393A22636865636B6C6973745F6C697374615F6A757374696669636174697661223B733A303A22223B733A32333A22636865636B6C6973745F6C697374615F6C6567656E6461223B733A313A2230223B733A31393A22636865636B6C6973745F6C697374615F73696D223B733A313A2231223B733A31393A22636865636B6C6973745F6C697374615F6E616F223B733A313A2230223B733A31383A22636865636B6C6973745F6C697374615F6E61223B733A313A2230223B7D693A31393B613A31303A7B733A31383A22636865636B6C6973745F6C697374615F6964223B733A333A22363538223B733A32383A22636865636B6C6973745F6C697374615F636865636B6C6973745F6964223B733A323A223738223B733A32313A22636865636B6C6973745F6C697374615F6F7264656D223B733A323A223230223B733A32353A22636865636B6C6973745F6C697374615F64657363726963616F223B733A3131333A223C703E4F732061746F7320646520686F6D6F6C6F67612663636564696C3B266174696C64653B6F20646F206F626A65746F206461206C69636974612663636564696C3B266174696C64653B6F20636F6E7374616D20646F2070726F636573736F3F266E6273703B266E6273703B3C2F703E223B733A32303A22636865636B6C6973745F6C697374615F7065736F223B733A353A22312E303030223B733A32393A22636865636B6C6973745F6C697374615F6A757374696669636174697661223B733A303A22223B733A32333A22636865636B6C6973745F6C697374615F6C6567656E6461223B733A313A2230223B733A31393A22636865636B6C6973745F6C697374615F73696D223B733A313A2231223B733A31393A22636865636B6C6973745F6C697374615F6E616F223B733A313A2230223B733A31383A22636865636B6C6973745F6C697374615F6E61223B733A313A2230223B7D693A32303B613A31303A7B733A31383A22636865636B6C6973745F6C697374615F6964223B733A333A22363539223B733A32383A22636865636B6C6973745F6C697374615F636865636B6C6973745F6964223B733A323A223738223B733A32313A22636865636B6C6973745F6C697374615F6F7264656D223B733A323A223231223B733A32353A22636865636B6C6973745F6C697374615F64657363726963616F223B733A3132303A223C703E4F20636F6D70726F76616E746520646120646976756C67612663636564696C3B266174696C64653B6F20646F20726573756C7461646F206461206C69636974612663636564696C3B266174696C64653B6F20636F6E73746120646F2070726F636573736F3F266E6273703B266E6273703B3C2F703E223B733A32303A22636865636B6C6973745F6C697374615F7065736F223B733A353A22312E303030223B733A32393A22636865636B6C6973745F6C697374615F6A757374696669636174697661223B733A303A22223B733A32333A22636865636B6C6973745F6C697374615F6C6567656E6461223B733A313A2230223B733A31393A22636865636B6C6973745F6C697374615F73696D223B733A313A2231223B733A31393A22636865636B6C6973745F6C697374615F6E616F223B733A313A2230223B733A31383A22636865636B6C6973745F6C697374615F6E61223B733A313A2230223B7D693A32313B613A31303A7B733A31383A22636865636B6C6973745F6C697374615F6964223B733A333A22363630223B733A32383A22636865636B6C6973745F6C697374615F636865636B6C6973745F6964223B733A323A223738223B733A32313A22636865636B6C6973745F6C697374615F6F7264656D223B733A323A223232223B733A32353A22636865636B6C6973745F6C697374615F64657363726963616F223B733A39313A223C703E4F207465726D6F20646520636F6E747261746F206F7520696E737472756D656E746F206571756976616C656E74652028636F6E666F726D65206F206361736F2920636F6E73746120646F2070726F636573736F3F3C2F703E223B733A32303A22636865636B6C6973745F6C697374615F7065736F223B733A353A22312E303030223B733A32393A22636865636B6C6973745F6C697374615F6A757374696669636174697661223B733A303A22223B733A32333A22636865636B6C6973745F6C697374615F6C6567656E6461223B733A313A2230223B733A31393A22636865636B6C6973745F6C697374615F73696D223B733A313A2231223B733A31393A22636865636B6C6973745F6C697374615F6E616F223B733A313A2230223B733A31383A22636865636B6C6973745F6C697374615F6E61223B733A313A2230223B7D693A32323B613A31303A7B733A31383A22636865636B6C6973745F6C697374615F6964223B733A333A22363631223B733A32383A22636865636B6C6973745F6C697374615F636865636B6C6973745F6964223B733A323A223738223B733A32313A22636865636B6C6973745F6C697374615F6F7264656D223B733A323A223233223B733A32353A22636865636B6C6973745F6C697374615F64657363726963616F223B733A39323A223C703E4F7320636F6D70726F76616E7465206461207075626C6963612663636564696C3B266174696C64653B6F20646F206578747261746F20646F20636F6E747261746F20636F6E73746120646F2070726F636573736F3F3C2F703E223B733A32303A22636865636B6C6973745F6C697374615F7065736F223B733A353A22312E303030223B733A32393A22636865636B6C6973745F6C697374615F6A757374696669636174697661223B733A303A22223B733A32333A22636865636B6C6973745F6C697374615F6C6567656E6461223B733A313A2230223B733A31393A22636865636B6C6973745F6C697374615F73696D223B733A313A2231223B733A31393A22636865636B6C6973745F6C697374615F6E616F223B733A313A2230223B733A31383A22636865636B6C6973745F6C697374615F6E61223B733A313A2230223B7D693A32333B613A31303A7B733A31383A22636865636B6C6973745F6C697374615F6964223B733A333A22363632223B733A32383A22636865636B6C6973745F6C697374615F636865636B6C6973745F6964223B733A323A223738223B733A32313A22636865636B6C6973745F6C697374615F6F7264656D223B733A323A223234223B733A32353A22636865636B6C6973745F6C697374615F64657363726963616F223B733A3330333A223C703E41207075626C6963612663636564696C3B266174696C64653B6F20726573756D69646120646F20696E737472756D656E746F20646520636F6E747261746F206F7520646520736575732061646974616D656E746F73206E6120696D7072656E7361206F66696369616C20666F692070726F766964656E63696164612070656C612041646D696E69737472612663636564696C3B266174696C64653B6F206174266561637574653B206F20352E266465673B2064696120267561637574653B74696C20646F206D2665636972633B732073656775696E746520616F2064652073756120617373696E61747572612C2070617261206F636F72726572206E6F207072617A6F20646520323020646961732064617175656C6120646174613F266E6273703B266E6273703B3C2F703E223B733A32303A22636865636B6C6973745F6C697374615F7065736F223B733A353A22312E303030223B733A32393A22636865636B6C6973745F6C697374615F6A757374696669636174697661223B733A303A22223B733A32333A22636865636B6C6973745F6C697374615F6C6567656E6461223B733A313A2230223B733A31393A22636865636B6C6973745F6C697374615F73696D223B733A313A2231223B733A31393A22636865636B6C6973745F6C697374615F6E616F223B733A313A2230223B733A31383A22636865636B6C6973745F6C697374615F6E61223B733A313A2230223B7D693A32343B613A31303A7B733A31383A22636865636B6C6973745F6C697374615F6964223B733A333A22363633223B733A32383A22636865636B6C6973745F6C697374615F636865636B6C6973745F6964223B733A323A223738223B733A32313A22636865636B6C6973745F6C697374615F6F7264656D223B733A323A223235223B733A32353A22636865636B6C6973745F6C697374615F64657363726963616F223B733A3135353A223C703E536520666F72206F206361736F2C20636F6E7374616D20646F2070726F636573736F207265637572736F73206576656E7475616C6D656E7465206170726573656E7461646F732070656C6F73206C69636974616E7465732065207265737065637469766173206D616E6966657374612663636564696C3B266F74696C64653B65732065206465636973266F74696C64653B65733F3C2F703E223B733A32303A22636865636B6C6973745F6C697374615F7065736F223B733A353A22312E303030223B733A32393A22636865636B6C6973745F6C697374615F6A757374696669636174697661223B733A303A22223B733A32333A22636865636B6C6973745F6C697374615F6C6567656E6461223B733A313A2230223B733A31393A22636865636B6C6973745F6C697374615F73696D223B733A313A2231223B733A31393A22636865636B6C6973745F6C697374615F6E616F223B733A313A2230223B733A31383A22636865636B6C6973745F6C697374615F6E61223B733A313A2230223B7D693A32353B613A31303A7B733A31383A22636865636B6C6973745F6C697374615F6964223B733A333A22363634223B733A32383A22636865636B6C6973745F6C697374615F636865636B6C6973745F6964223B733A323A223738223B733A32313A22636865636B6C6973745F6C697374615F6F7264656D223B733A323A223236223B733A32353A22636865636B6C6973745F6C697374615F64657363726963616F223B733A3133333A223C703E536520666F72206F206361736F2C20636F6E73746120646F2070726F636573736F20646573706163686F20646520616E756C612663636564696C3B266174696C64653B6F206F75206465207265766F67612663636564696C3B266174696C64653B6F206461206C69636974612663636564696C3B266174696C64653B6F3F3C2F703E223B733A32303A22636865636B6C6973745F6C697374615F7065736F223B733A353A22312E303030223B733A32393A22636865636B6C6973745F6C697374615F6A757374696669636174697661223B733A303A22223B733A32333A22636865636B6C6973745F6C697374615F6C6567656E6461223B733A313A2230223B733A31393A22636865636B6C6973745F6C697374615F73696D223B733A313A2231223B733A31393A22636865636B6C6973745F6C697374615F6E616F223B733A313A2230223B733A31383A22636865636B6C6973745F6C697374615F6E61223B733A313A2230223B7D7D,NULL,NULL,'Paralisar a licitação até a soluções das não conformidades.','2016-11-24 00:00:00',84.615,NULL);


INSERT INTO municipio_lista (municipio_lista_id, municipio_lista_municipio, municipio_lista_projeto, municipio_lista_tarefa, municipio_lista_pratica, municipio_lista_acao, municipio_lista_indicador, municipio_lista_usuario, municipio_lista_objetivo, municipio_lista_tema, municipio_lista_fator, municipio_lista_estrategia, municipio_lista_meta, municipio_lista_demanda, municipio_lista_calendario) VALUES
  (1,4302105,1,NULL,NULL,NULL,NULL,NULL,NULL,NULL,NULL,NULL,NULL,NULL,NULL),
  (2,4305108,1,NULL,NULL,NULL,NULL,NULL,NULL,NULL,NULL,NULL,NULL,NULL,NULL),
  (3,4313409,1,NULL,NULL,NULL,NULL,NULL,NULL,NULL,NULL,NULL,NULL,NULL,NULL),
  (4,4314902,1,NULL,NULL,NULL,NULL,NULL,NULL,NULL,NULL,NULL,NULL,NULL,NULL);


INSERT INTO baseline_municipio_lista (baseline_id, municipio_lista_id, municipio_lista_municipio, municipio_lista_projeto, municipio_lista_tarefa, municipio_lista_pratica, municipio_lista_acao, municipio_lista_indicador, municipio_lista_usuario, municipio_lista_objetivo, municipio_lista_tema, municipio_lista_fator, municipio_lista_estrategia, municipio_lista_meta, municipio_lista_demanda, municipio_lista_calendario) VALUES
  (2,1,4302105,1,NULL,NULL,NULL,NULL,NULL,NULL,NULL,NULL,NULL,NULL,NULL,NULL),
  (2,2,4305108,1,NULL,NULL,NULL,NULL,NULL,NULL,NULL,NULL,NULL,NULL,NULL,NULL),
  (2,3,4313409,1,NULL,NULL,NULL,NULL,NULL,NULL,NULL,NULL,NULL,NULL,NULL,NULL),
  (2,4,4314902,1,NULL,NULL,NULL,NULL,NULL,NULL,NULL,NULL,NULL,NULL,NULL,NULL),
  (3,1,4302105,1,NULL,NULL,NULL,NULL,NULL,NULL,NULL,NULL,NULL,NULL,NULL,NULL),
  (3,2,4305108,1,NULL,NULL,NULL,NULL,NULL,NULL,NULL,NULL,NULL,NULL,NULL,NULL),
  (3,3,4313409,1,NULL,NULL,NULL,NULL,NULL,NULL,NULL,NULL,NULL,NULL,NULL,NULL),
  (3,4,4314902,1,NULL,NULL,NULL,NULL,NULL,NULL,NULL,NULL,NULL,NULL,NULL,NULL);


INSERT INTO plano_acao (plano_acao_id, plano_acao_cia, plano_acao_responsavel, plano_acao_projeto, plano_acao_tarefa, plano_acao_pratica, plano_acao_indicador, plano_acao_perspectiva, plano_acao_tema, plano_acao_objetivo, plano_acao_estrategia, plano_acao_meta, plano_acao_fator, plano_acao_usuario, plano_acao_nome, plano_acao_descricao, plano_acao_cor, plano_acao_acesso, plano_acao_inicio, plano_acao_fim, plano_acao_percentagem, plano_acao_ativo, plano_acao_ano, plano_acao_codigo, plano_acao_principal_indicador) VALUES
  (1,1,6,NULL,NULL,NULL,NULL,NULL,NULL,NULL,3,3,NULL,NULL,'Curso de Auto-avaliação do GesPública','<p>Para melhorar a gestão o curso de auto-avaliação de 250 pontos do GesPública para trabalhar o Balanced Score Card é uma proposta válida, ainda mais por não ter nenhum custo.</p>','defeb9',0,'2016-01-01','2016-12-31',20.000,1,'2015',NULL,NULL);

INSERT INTO plano_acao_item (plano_acao_item_id, plano_acao_item_acao, plano_acao_item_responsavel, plano_acao_item_cia, plano_acao_item_ordem, plano_acao_item_nome, plano_acao_item_quando, plano_acao_item_oque, plano_acao_item_como, plano_acao_item_onde, plano_acao_item_quanto, plano_acao_item_porque, plano_acao_item_quem, plano_acao_item_inicio, plano_acao_item_fim, plano_acao_item_duracao, plano_acao_item_acesso, plano_acao_item_principal_indicador) VALUES
  (1,1,6,1,1,'Contatar','','Contatar o GesPública','Após contato telefônico deverá ser enviado um ofício solicitando o curso','','Sem custo','Para marcar uma data de curso','Assessor de gestão','2016-02-16 08:00:00','2016-02-16 08:00:00',0.000,0,NULL),
  (2,1,5,1,1,'Treinamento','','Treinamento de auto-avaliação 250 pontos.','A sala deverá ter projetor LCD, quadro branco e computador','Na sala de instrução','Custo do deslocamento e almoço da equipe do GesPública','Para ser realizada a auto-avaliação da organização','Equipe do GesPública','2016-03-16 18:00:00','2016-03-22 17:00:00',5.000,0,NULL);

INSERT INTO plano_acao_item_custos (plano_acao_item_custos_id, plano_acao_item_custos_plano_acao_item, plano_acao_item_custos_usuario, plano_acao_item_custos_tipo, plano_acao_item_custos_nome, plano_acao_item_custos_data, plano_acao_item_custos_quantidade, plano_acao_item_custos_custo, plano_acao_item_custos_percentagem, plano_acao_item_custos_descricao, plano_acao_item_custos_ordem, plano_acao_item_custos_nd, plano_acao_item_custos_categoria_economica, plano_acao_item_custos_grupo_despesa, plano_acao_item_custos_modalidade_aplicacao, plano_acao_item_custos_metodo, plano_acao_item_custos_exercicio, plano_acao_item_custos_data_limite, plano_acao_item_custos_uuid) VALUES
  (1,2,1,1,'onibus','2016-03-16 18:03:53',2.000,320.000,0,'Passagem POA-Bento Gnçalves-POA',1,'39.00','3','3','90',NULL,NULL,'2016-03-16',NULL),
  (2,2,1,1,'Almoço','2016-03-16 18:03:41',2.000,16.000,0,'Refeição básica',2,'30.00','3','3','90',NULL,NULL,'2016-03-16',NULL);

INSERT INTO plano_acao_item_depts (plano_acao_item_id, dept_id) VALUES
  (1,3),
  (2,3),
  (2,5);

INSERT INTO plano_acao_item_designados (plano_acao_item_id, usuario_id) VALUES
  (1,3),
  (2,6),
  (2,7);

INSERT INTO projeto_mudanca (projeto_mudanca_id, projeto_mudanca_projeto, projeto_mudanca_tarefa, projeto_mudanca_responsavel, projeto_mudanca_cliente, projeto_mudanca_autoridade, projeto_mudanca_numero, projeto_mudanca_justificativa, projeto_mudanca_parecer_tecnico, projeto_mudanca_solucoes, projeto_mudanca_impacto_cronograma, projeto_mudanca_impacto_custo, projeto_mudanca_novo_risco, projeto_mudanca_outros_impactos, projeto_mudanca_solucao, projeto_mudanca_parecer, projeto_mudanca_requisitante_aprovada, projeto_mudanca_requisitante_reprovada, projeto_mudanca_administracao_aprovada, projeto_mudanca_administracao_reprovada, projeto_mudanca_data, projeto_mudanca_data_aprovacao, projeto_mudanca_cor, projeto_mudanca_acesso) VALUES
  (1,1,NULL,7,6,2,1,'Devido a necessidade de a obra de construção da quadra não entre em resto à pagar, deverá terminar qantes do final do ano fiscal. Para garantir que seja uma obra de rápida construção foi solicitado que haja uma mudança de modelo de quadra a ser licitada, indo de alvenaria para pré-montada em alumínio.','Solicitação plenamente possível de ser atendida haja vista o termo de referência ainda não ter sido enviado para a análise jurídica.','A mudança de modelo de quadra foi a única opção visualizada que permitirá, mesmo com possíveis atrasos, a conclusão sem precisar utilizar restos à pagar.','Irá diminuir o tempo de execução.','Haverá um acrescimo marginal nos custos.','Há um número restrito de construtoras que trabalham com estruturas de quadras pré-montadas, logo haverá menos concorrência na licitação, o que poderá prejudicar uma queda nos preços.','Com estruturas pré-montadas, haverá menos impacto ambiental no local da construção.','Pesquisar o modelo de quadra pré-montada de alumínio que melhor atenda a nossa necessidade para fazer parte do Termo de Referência, no edital da licitação.','O ordenador de despesas é de parecer favorável a mudança solicitada.',1,0,1,0,'2016-01-28 00:00:00','2016-11-06 17:40:37','e0fbff',0);

INSERT INTO projeto_mudanca_usuarios (projeto_mudanca_id, usuario_id) VALUES
  (1,4),
  (1,5),
  (1,6),
  (1,7),
  (1,2),
  (1,3);

INSERT INTO ata (ata_id, ata_cia, ata_titulo, ata_projeto, ata_tarefa, ata_responsavel, ata_numero, ata_data_inicio, ata_data_fim, ata_local, ata_relato, ata_proxima_data_inicio, ata_proxima_data_fim, ata_proxima_local, ata_cor, ata_acesso) VALUES
  (1,1,'Reunião de coordenação', 1,NULL,2,1,'2016-11-24 08:00:00','2016-11-24 11:00:00','No escritório de projetos.','<p>Foi Deliberado sobre os modelos de quadra pré-montados mais econômico. Chegou-se a conclusão que uma quadra poliesportiva pré-montada em alumínio seria o modelo mais interessante para a administração.</p>','2016-10-16 14:00:00','2016-10-16 16:00:00','Na sala da comissão Permanente de Licitações (CPL)','a4fed7',0);

INSERT INTO ata_acao (ata_acao_id, ata_acao_ata, ata_acao_responsavel, ata_acao_inicio, ata_acao_fim, ata_acao_duracao, ata_acao_percentagem, ata_acao_texto, ata_acao_ordem, ata_acao_tipo) VALUES
  (1,1,7,'2016-02-02 17:00:00','2016-02-02 17:00:00',0,0,'Pesquisar preços no mercado local para quadras de alumínio.',1,''),
  (2,1,7,'2016-02-08 17:00:00','2016-02-08 17:00:00',0,0,'Remeter a especificação do modelo de quadra para a comissão permanente de licitação (CPL)',2,''),
  (3,1,2,'2016-02-18 17:00:00','2016-02-18 17:00:00',0,0,'Contatar a Comissão Regional de Obras para verificar as especificações da quadra descrita no termo de referência montado pela CPL',3,'');

INSERT INTO ata_pauta (ata_pauta_id, ata_pauta_ata, ata_pauta_texto, ata_pauta_ordem, ata_pauta_tipo) VALUES
  (1,1,'Exposição dos prós e contras dos modelos de quadra poliesportivas.',1,0),
  (2,1,'Definição do modelo a integrar o termo de referência da licitação.',2,0),
  (3,1,'Definir a data da próxima reunião da equipe do projeto.',3,0),
  (4,1,'Verificação dos resultados da licitação.',4,1),
  (5,1,'Definição do fiscal do contrato da construção da quadra poliesportiva.',5,1),
  (6,1,'Denfir a data da próxima reunião.',6,1);

INSERT INTO ata_usuario (ata_usuario_ata, ata_usuario_usuario) VALUES
  (1,6),
  (1,7),
  (1,3);

INSERT INTO projeto_recebimento (projeto_recebimento_id, projeto_recebimento_projeto, projeto_recebimento_tarefa, projeto_recebimento_responsavel, projeto_recebimento_cliente, projeto_recebimento_autoridade, projeto_recebimento_numero, projeto_recebimento_observacao, projeto_recebimento_provisorio, projeto_recebimento_definitivo, projeto_recebimento_data_prevista, projeto_recebimento_data_entrega, projeto_recebimento_data_aprovacao, projeto_recebimento_cor, projeto_recebimento_acesso) VALUES
  (1,1,NULL,6,2,NULL,1,'Entrega de relatório sobre possibilidade de quadras a serem construídas.',0,1,'2016-01-30','2016-01-29',NULL,'ffffc2',0);

INSERT INTO projeto_recebimento_lista (projeto_recebimento_lista_id, projeto_recebimento_lista_recebimento_id, projeto_recebimento_lista_responsavel, projeto_recebimento_lista_ordem, projeto_recebimento_lista_data, projeto_recebimento_lista_produto) VALUES
  (1,1,NULL,1,'2016-10-24 22:59:26','Proposta de termo de referência para quadra pré-montada com estrutura em alumínio.'),
  (2,1,NULL,2,'2016-10-24 22:59:19','Proposta de termo de referência para quadra coberta de alvenaria.');

INSERT INTO projeto_recebimento_usuarios (projeto_recebimento_id, usuario_id) VALUES
  (1,5),
  (1,7);

INSERT INTO licao (licao_id, licao_cia, licao_responsavel, licao_projeto, licao_nome, licao_ocorrencia, licao_tipo, licao_categoria, licao_consequencia, licao_acao_tomada, licao_aprendizado, licao_data, licao_acesso, licao_cor, licao_ativa) VALUES
  (1,1,6,1,'Pesquisa para obra de engenharia','Sem ter um termo de referência com o detalhamento da quadra coberta desejada, as firmas de engenharia consultadas deram valores muito discrepantes.',0,'Custo','Com proposta tão díspares de valores, houve um perigo de poucas empresas se enteressarem em participar da licitação na modalidade concorrência, quando o valor máximo fosse abaixo do ofertado.','Foi solicitada a empresa com o menor valor ofertado que enviasse uma planilha de custos que foi posteriormente enviada para as outras firmas de engenharia.','Não se pode fazer pesquisa de preço de obra de enguenharia sem ter um projeto executivo bem definido.','2016-10-24 23:06:13',0,'ffcccc',1);

INSERT INTO licao_usuarios (licao_id, usuario_id) VALUES
  (1,7),
  (1,2);

INSERT INTO agenda_arquivos (agenda_arquivo_id, agenda_arquivo_agenda_id, agenda_arquivo_usuario, agenda_arquivo_ordem, agenda_arquivo_endereco, agenda_arquivo_data, agenda_arquivo_nome, agenda_arquivo_tipo, agenda_arquivo_extensao) VALUES
  (1,1,1,1,'1/1_documento_exemplo.pdf','2016-07-24 19:15:06','documento exemplo.pdf','application','pdf');

INSERT INTO agenda_usuarios (usuario_id, agenda_id, aceito, data) VALUES
  (1,1,1,'2016-07-24 19:14:04'),
  (2,1,0,NULL),
  (3,1,0,NULL),
  (4,1,0,NULL),
  (5,1,0,NULL),
  (6,1,0,NULL),
  (7,1,0,NULL),
  (8,1,0,NULL);

INSERT INTO agenda (agenda_id, agenda_tipo, agenda_dono, agenda_titulo, agenda_inicio, agenda_fim, agenda_descricao, agenda_nr_recorrencias, agenda_recorrencias, agenda_lembrar, agenda_privado, agenda_diautil, agenda_notificar, agenda_localizacao, agenda_acesso, agenda_cor, agenda_criacao, agenda_modificacao) VALUES
  (1,NULL,1,'Reu término de exercicio financeiro','2016-12-20 10:00:00','2016-12-20 11:30:00','Todos deverão levar a documentação necessária para participar da reunião.',0,0,900,0,0,0,'',0,'fff0b0',NULL,NULL);

INSERT INTO alteracoes (alteracao_id, responsavel, campo, chave, data, vetor, diferente) VALUES
  (1,1,'tarefa',3,'2016-07-25 15:26:38',0x613A353A7B733A363A22746172656661223B613A33333A7B733A393A227461726566615F6964223B733A313A2233223B733A31313A227461726566615F6E6F6D65223B733A31363A224C6963697461E7E36F20517561647261223B733A31353A227461726566615F7375706572696F72223B733A313A2233223B733A31323A227461726566615F6D6172636F223B733A313A2230223B733A31343A227461726566615F70726F6A65746F223B733A313A2231223B733A31313A227461726566615F646F6E6F223B733A333A22313336223B733A31333A227461726566615F696E6963696F223B733A31393A22323031312D30392D32392030393A30303A3030223B733A31343A227461726566615F6475726163616F223B733A323A223435223B733A31393A227461726566615F6475726163616F5F7469706F223B733A313A2231223B733A32343A227461726566615F686F7261735F74726162616C6861646173223B733A313A2230223B733A31303A227461726566615F66696D223B733A31393A22323031312D31302D31382031343A30303A3030223B733A31333A227461726566615F737461747573223B733A313A2230223B733A31373A227461726566615F7072696F726964616465223B733A313A2230223B733A31383A227461726566615F70657263656E746167656D223B733A313A2239223B733A31363A227461726566615F64657363726963616F223B733A303A22223B733A31313A227461726566615F6F6E6465223B733A303A22223B733A31333A227461726566615F706F72717565223B733A303A22223B733A31313A227461726566615F636F6D6F223B733A303A22223B733A32313A227461726566615F637573746F5F616C6D656A61646F223B733A343A22302E3030223B733A32323A227461726566615F75726C5F72656C6163696F6E616461223B733A303A22223B733A31343A227461726566615F63726961646F72223B733A313A2236223B733A31323A227461726566615F6F7264656D223B733A313A2230223B733A32343A227461726566615F636C69656E74655F7075626C6963616461223B733A313A2230223B733A31353A227461726566615F64696E616D696361223B733A313A2231223B733A31333A227461726566615F61636573736F223B733A313A2230223B733A31363A227461726566615F6E6F74696669636172223B733A313A2230223B733A31323A227461726566615F6465707473223B733A323A223130223B733A31353A227461726566615F636F6E7461746F73223B733A363A22382C31342C34223B733A31383A227461726566615F637573746F6D697A61646F223B4E3B733A31313A227461726566615F7469706F223B733A313A2231223B733A31383A227461726566615F617475616C697A61646F72223B733A313A2230223B733A31383A227461726566615F646174615F637269616461223B733A31393A22303030302D30302D30302030303A30303A3030223B733A32323A227461726566615F646174615F617475616C697A616461223B733A31393A22303030302D30302D30302030303A30303A3030223B7D733A31303A2264657369676E61646F73223B613A313A7B693A3133363B733A333A22313030223B7D733A383A227265637572736F73223B613A313A7B693A313B613A353A7B733A31303A227265637572736F5F6964223B733A313A2231223B733A31323A227265637572736F5F7469706F223B733A313A2235223B733A31383A227265637572736F5F7175616E746964616465223B733A363A22313230303030223B733A31343A227265637572736F5F696E6963696F223B733A31393A22323031312D30392D32392030393A30303A3030223B733A31313A227265637572736F5F66696D223B733A31393A22323031312D31302D31382031343A30303A3030223B7D7D733A31393A227461726566615F646570656E64656E63696173223B613A303A7B7D733A31313A22637573746F6D697A61646F223B613A303A7B7D7D,0x613A313A7B693A303B733A31353A227265637572736F5F74617265666173223B7D),
  (2,1,'tarefa',2,'2016-08-08 21:19:42',0x613A353A7B733A363A22746172656661223B613A33353A7B733A393A227461726566615F6964223B733A313A2232223B733A31313A227461726566615F6E6F6D65223B733A31333A224D6F64656C6F20517561647261223B733A31353A227461726566615F7375706572696F72223B733A313A2232223B733A31323A227461726566615F6D6172636F223B733A313A2230223B733A31343A227461726566615F70726F6A65746F223B733A313A2231223B733A31313A227461726566615F646F6E6F223B733A333A22313335223B733A31333A227461726566615F696E6963696F223B733A31393A22323031332D30312D32372031343A30303A3030223B733A31343A227461726566615F6475726163616F223B733A323A223234223B733A31393A227461726566615F6475726163616F5F7469706F223B733A313A2231223B733A32343A227461726566615F686F7261735F74726162616C6861646173223B733A323A223234223B733A31303A227461726566615F66696D223B733A31393A22323031332D30312D32392031333A30303A3030223B733A31333A227461726566615F737461747573223B733A313A2230223B733A31373A227461726566615F7072696F726964616465223B733A313A2231223B733A31383A227461726566615F70657263656E746167656D223B733A333A22313030223B733A31323A227461726566615F637573746F223B733A313A2230223B733A31323A227461726566615F676173746F223B733A313A2230223B733A31363A227461726566615F64657363726963616F223B733A37383A22506573717569736172206D6F64656C6F73206520707265E76F7320646173207175616472617320706F6C692D6573706F727469766173206F66657274616461732070656C6F206D65726361646F2E223B733A31313A227461726566615F6F6E6465223B733A303A22223B733A31333A227461726566615F706F72717565223B733A303A22223B733A31313A227461726566615F636F6D6F223B733A303A22223B733A32313A227461726566615F637573746F5F616C6D656A61646F223B733A353A2232302E3030223B733A32323A227461726566615F75726C5F72656C6163696F6E616461223B733A303A22223B733A31343A227461726566615F63726961646F72223B733A313A2236223B733A31323A227461726566615F6F7264656D223B733A313A2230223B733A32343A227461726566615F636C69656E74655F7075626C6963616461223B733A313A2230223B733A31353A227461726566615F64696E616D696361223B733A323A223331223B733A31333A227461726566615F61636573736F223B733A313A2230223B733A31363A227461726566615F6E6F74696669636172223B733A313A2230223B733A31323A227461726566615F6465707473223B733A323A223138223B733A31353A227461726566615F636F6E7461746F73223B733A303A22223B733A31383A227461726566615F637573746F6D697A61646F223B4E3B733A31313A227461726566615F7469706F223B733A313A2231223B733A31383A227461726566615F617475616C697A61646F72223B733A313A2230223B733A31383A227461726566615F646174615F637269616461223B733A31393A22303030302D30302D30302030303A30303A3030223B733A32323A227461726566615F646174615F617475616C697A616461223B733A31393A22303030302D30302D30302030303A30303A3030223B7D733A31303A2264657369676E61646F73223B613A313A7B693A3133353B733A333A22313030223B7D733A383A227265637572736F73223B613A303A7B7D733A31393A227461726566615F646570656E64656E63696173223B613A313A7B693A313B733A313A2231223B7D733A31313A22637573746F6D697A61646F223B613A303A7B7D7D,0x613A303A7B7D);

INSERT INTO anexos (anexo_id, msg_id, usuario_id, modelo, chave_publica, nome, caminho, tipo_doc, doc_nr, nome_de, funcao_de, data_envio, assinatura, nome_fantasia) VALUES
  (1,12,4,3,NULL,'Modelo de MDO','','MDO','','Spalding','Ch 1ª Seção','2016-07-25 18:49:16','',NULL),
  (2,13,4,0,NULL,'documento exemplo.pdf','2012/07/M13_1_documento_exemplo.pdf','Aditamento','','Spalding','Ch 1ª Seção','2016-07-25 18:51:31','','');

INSERT INTO anotacao (anotacao_id, msg_id, msg_usuario_id, usuario_id, chave_publica, datahora, texto, tipo, nome_de, funcao_de, anotacao_usuarios, assinatura) VALUES
  (1,3,17,1,NULL,'2016-07-14 15:29:38','<p>Devem responder este despacho at&eacute; dezembro de 2012</p>',1,'Administrador','admin',0,NULL),
  (2,3,18,4,NULL,'2016-07-14 15:30:43','<p>Irei enviar o quanto antes</p>',2,'Spalding','Ch 1ª Seção',0,NULL),
  (3,3,19,5,NULL,'2016-07-14 15:31:40','<p>Um exemplo de anota&ccedil;&atilde;o</p>',4,'Rossano','Ch 2ª Seção',0,NULL);

INSERT INTO arquivo_pasta (arquivo_pasta_id, arquivo_pasta_superior, arquivo_pasta_cia, arquivo_pasta_projeto, arquivo_pasta_tarefa, arquivo_pasta_acesso, arquivo_pasta_pratica, arquivo_pasta_acao, arquivo_pasta_indicador, arquivo_pasta_usuario, arquivo_pasta_objetivo, arquivo_pasta_fator, arquivo_pasta_estrategia, arquivo_pasta_meta, arquivo_pasta_nome, arquivo_pasta_descricao) VALUES
  (1,NULL,1,1,NULL,0,NULL,NULL,NULL,NULL,NULL,NULL,NULL,NULL,'Doc Quadra Coberta',NULL);

INSERT INTO arquivos (arquivo_id, arquivo_superior, arquivo_cia, arquivo_dept, arquivo_dono, arquivo_usuario_upload, arquivo_pasta, chave_publica, arquivo_projeto, arquivo_tarefa, arquivo_pratica, arquivo_acao, arquivo_indicador, arquivo_usuario, arquivo_objetivo, arquivo_perspectiva, arquivo_tema, arquivo_fator, arquivo_estrategia, arquivo_meta, arquivo_demanda, arquivo_instrumento, arquivo_calendario, arquivo_ata, arquivo_canvas, arquivo_versao_id, arquivo_categoria, arquivo_nome, arquivo_nome_real, arquivo_descricao, arquivo_acesso, assinatura, arquivo_data, arquivo_tipo, arquivo_versao, arquivo_saida, arquivo_motivo_saida, arquivo_icone, arquivo_tamanho, arquivo_cor, arquivo_ativo, arquivo_local) VALUES
  (1,NULL,1,NULL,8,8,1,0,1,NULL,NULL,NULL,NULL,NULL,NULL,NULL,NULL,NULL,NULL,NULL,NULL,NULL,NULL,NULL,NULL,1,0,'quadra_simples.jpg','161514c4b68b40f5a9','<p>Modelo de quadra de baixo custo</p>',0,NULL,'2016-07-24 19:27:00','image/jpeg',1.000,NULL,NULL,'obj/',16602,'FFFFFF',1,'projetos/1/');

INSERT INTO brainstorm (brainstorm_id, brainstorm_cia, brainstorm_responsavel, brainstorm_nome, brainstorm_objeto, brainstorm_acesso, brainstorm_datahora) VALUES
  (1,1,4,'Macro-projeto para 2011-2012','[{\"pai\" : \"root\", \"filho\" : \"root\", \"texto\" : \"Macro-projeto para o 3º B Com\", \"obs\" : \"CMS sinalizou o envio de um aporte expressivo de recurso ao 3º B Com\"},{\"pai\" : \"root\", \"filho\" : \"nodulo1\", \"texto\" : \"Reforma dos alojamentos\", \"obs\" : \"Melhorar o ambiente para os EVs\"},{\"pai\" : \"nodulo1\", \"filho\" : \"nodulo2\", \"texto\" : \"Não conformidade com objetivo estratégico\", \"obs\" : \"Melhoria dos alojamento não irá aumentar a operacionalidade da Organização.\"},{\"pai\" : \"root\", \"filho\" : \"nodulo3\", \"texto\" : \"Pista de atletismo 400m\", \"obs\" : \"A pista atual, de terra, não pode ser utilizada no verão devido às chuvas.\"},{\"pai\" : \"nodulo3\", \"filho\" : \"nodulo4\", \"texto\" : \"Valor proibitivo\", \"obs\" : \"Necessidade de recursos superiores à R$300.000,00 não possibilita a escolha deste projeto.\"},{\"pai\" : \"root\", \"filho\" : \"nodulo5\", \"texto\" : \"Quadra coberta\", \"obs\" : \"Facilitar o treinamento físico militar nos meses de inverno e dias de chuva.\"},{\"pai\" : \"nodulo5\", \"filho\" : \"nodulo6\", \"texto\" : \"Projeto viável\", \"obs\" : \"Custo em torno de R$90.000,00, o condidata a ser o projeto escolhido.\"},{\"pai\" : \"nodulo6\", \"filho\" : \"nodulo7\", \"texto\" : \"Quadra pré-fabricada\", \"obs\" : \"Facilidade de construção e custo atrativo.\"},{\"pai\" : \"nodulo7\", \"filho\" : \"nodulo10\", \"texto\" : \"Facilidade de licitação\", \"obs\" : \"Poder-se-á utilizar pregão eletrônico por ser uma obra de engenharia de pequeno porte. Deverá baratear o custo.\"},{\"pai\" : \"nodulo6\", \"filho\" : \"nodulo8\", \"texto\" : \"Quadra de alvenaria\", \"obs\" : \"Utilizar o Pelotão de obras para construir a quadra.\"},{\"pai\" : \"nodulo8\", \"filho\" : \"nodulo9\", \"texto\" : \"Risco de não conclusão\", \"obs\" : \"O efetivo do Pelotão de obras é um fator de risco para concluir uma obra deste porte.\"}]',0,'2016-10-12 08:46:11');

INSERT INTO brainstorm_projetos (brainstorm_id, projeto_id) VALUES
  (1,1);

INSERT INTO causa_efeito (causa_efeito_id, causa_efeito_cia, causa_efeito_responsavel, causa_efeito_nome, causa_efeito_objeto, causa_efeito_acesso, causa_efeito_datahora) VALUES
  (1,1,1,'Possíveis problemas com a quadra coberta','[{\"pai\" : \"root\", \"filho\" : \"root\", \"texto\" : \"Possíveis problemas com a quadra coberta\", \"obs\" : \"Verificação dos possíveis cenários de problemas, para permitir ações proativas\"},{\"pai\" : \"root\", \"filho\" : \"materia\", \"texto\" : \"Matéria-prima\", \"obs\" : \"\"},{\"pai\" : \"materia\", \"filho\" : \"nodulo1\", \"texto\" : \"Material diferente do licitado\", \"obs\" : \"Qualidade em desacordo com a especificação do edital\"},{\"pai\" : \"nodulo1\", \"filho\" : \"nodulo2\", \"texto\" : \"Obrigar a troca do material, de acordo com a lei 8666\", \"obs\" : \"Pregoeiro e almoxarife devem acionar o fornecedor\"},{\"pai\" : \"root\", \"filho\" : \"maquinario\", \"texto\" : \"Maquinário\", \"obs\" : \"\"},{\"pai\" : \"maquinario\", \"filho\" : \"nodulo10\", \"texto\" : \"Necessidade de energia elétrica\", \"obs\" : \"Falta de energia elétrica no local da obra\"},{\"pai\" : \"nodulo10\", \"filho\" : \"nodulo11\", \"texto\" : \"à cargo da firma a colocação de gerador\", \"obs\" : \"Deverá constar no edital esta informação.\"},{\"pai\" : \"root\", \"filho\" : \"maodeobra\", \"texto\" : \"Mão de Obra\", \"obs\" : \"\"},{\"pai\" : \"maodeobra\", \"filho\" : \"nodulo3\", \"texto\" : \"funcionários sem material de proteção\", \"obs\" : \"Legislação trabalhista e correlatas\"},{\"pai\" : \"root\", \"filho\" : \"metodo\", \"texto\" : \"Método\", \"obs\" : \"\"},{\"pai\" : \"metodo\", \"filho\" : \"nodulo4\", \"texto\" : \"Não cumprimento do projeto executivo\", \"obs\" : \"Especificações técnicas estabelecidas pela CRO/2\"},{\"pai\" : \"nodulo4\", \"filho\" : \"nodulo5\", \"texto\" : \"Fiscal de contrato aciona o preposto\", \"obs\" : \"O não cumprimento do projeto executivo acarreta as sanções administrativas previstas no edital.\"},{\"pai\" : \"root\", \"filho\" : \"medicao\", \"texto\" : \"Medição\", \"obs\" : \"\"},{\"pai\" : \"medicao\", \"filho\" : \"nodulo8\", \"texto\" : \"Andamento da obra aquém do estabelecido\", \"obs\" : \"\"},{\"pai\" : \"nodulo8\", \"filho\" : \"nodulo9\", \"texto\" : \"Fiscal de contrato verifica semanalmente\", \"obs\" : \"Semanalmente o discal de contrato compara o previsto no projeto executivo com o que foi executado.\"},{\"pai\" : \"root\", \"filho\" : \"meioambiente\", \"texto\" : \"Meio-Ambiente\", \"obs\" : \"\"},{\"pai\" : \"meioambiente\", \"filho\" : \"nodulo6\", \"texto\" : \"Inverno rigoroso\", \"obs\" : \"Temperaturas podem cair até 0oC\"},{\"pai\" : \"nodulo6\", \"filho\" : \"nodulo7\", \"texto\" : \"Estabelecer o ínicio das obras para setembro\", \"obs\" : \"Deverá constar no edital\"}]',0,'2016-07-11 21:16:33');

INSERT INTO causa_efeito_projetos (causa_efeito_id, projeto_id) VALUES
  (1,1);

INSERT INTO checklist (checklist_id, checklist_superior, checklist_modelo, checklist_cia, checklist_responsavel, checklist_nome, checklist_descricao, checklist_cor, checklist_acesso, checklist_tipo, checklist_ativo) VALUES
  (78,NULL,1,1,3,'Pregão eletrônico',NULL,'ffe1ad',0,'0',1);


INSERT INTO checklist_lista (checklist_lista_id, checklist_lista_checklist_id, checklist_lista_ordem, checklist_lista_descricao, checklist_lista_justificativa, checklist_lista_sim, checklist_lista_nao, checklist_lista_na, checklist_lista_peso, checklist_lista_data, checklist_lista_usuario) VALUES
	(639,78,1,'<p>A licita&ccedil;&atilde;o foi formalizada por meio de processo administrativo, devidamente autuado, protocolado e numerado?</p>',NULL,0,0,0,1.000,'2016-11-19 22:10:32',1),
  (640,78,2,'<p>A autoriza&ccedil;&atilde;o para realiza&ccedil;&atilde;o da licita&ccedil;&atilde;o consta do processo (emitida por autor, competente)?</p>',NULL,0,0,0,1.000,'2016-11-19 22:10:45',1),
  (641,78,3,'<p>A justificativa para contrata&ccedil;&atilde;o (emitida pela autoridade competente) consta do processo?</p>',NULL,0,0,0,1.000,'2016-11-19 22:11:19',1),
  (642,78,4,'<p>Foi elaborado termo de refer&ecirc;ncia com a indica&ccedil;&atilde;o do objeto de forma precisa, suficiente e clara?&nbsp;&nbsp;</p>',NULL,0,0,0,1.000,'2016-11-19 22:11:32',1),
  (643,78,5,'<p>O termo de refer&ecirc;ncia cont&eacute;m elementos capazes de propiciar a avalia&ccedil;&atilde;o do custo pela administra&ccedil;&atilde;o diante de or&ccedil;amento detalhado, defini&ccedil;&atilde;o dos m&eacute;todos, estrat&eacute;gia de suprimento, valor estimado em planilhas de acordo com o pre&ccedil;o de mercado, cronograma f&iacute;sico-financeiro, se for o caso, crit&eacute;rio de aceita&ccedil;&atilde;o do objeto, deveres do contratado e do contratante, procedimentos de fiscaliza&ccedil;&atilde;o e gerenciamento do contrato, prazo de execu&ccedil;&atilde;o e san&ccedil;&otilde;es, de forma clara, concisa e objetiva?&nbsp;&nbsp;</p>',NULL,0,0,0,1.000,'2016-11-19 22:11:43',1),
  (644,78,6,'<p>O termo de refer&ecirc;ncia foi aprovado pela autoridade competente?</p>',NULL,0,0,0,1.000,'2016-11-20 02:50:39',1),
  (645,78,7,'<p>O termo de refer&ecirc;ncia consta do processo?&nbsp;&nbsp;</p>',NULL,0,0,0,1.000,'2016-11-20 02:50:49',1),
  (646,78,8,'<p>A designa&ccedil;&atilde;o do pregoeiro e da equipe de apoio consta do processo?</p>',NULL,0,0,0,1.000,'2016-11-20 02:50:59',1),
  (647,78,9,'<p>O edital e respectivos anexos (quando for o caso) constam do processo?</p>',NULL,0,0,0,1.000,'2016-11-20 02:51:08',1),
  (648,78,10,'<p>O edital e respectivos anexos (quando for o caso) foi concebido de acordo com os ditames da legisla&ccedil;&atilde;o (vide check-list do edital)?</p>',NULL,0,0,0,1.000,'2016-11-20 02:51:17',1),
  (649,78,11,'<p>A minuta do contrato, se for o caso, consta do processo?</p>',NULL,0,0,0,1.000,'2016-11-20 02:51:25',1),
  (650,78,12,'<p>O parecer jur&iacute;dico aprovando as minutas do edital e do contrato consta do processo?</p>',NULL,0,0,0,1.000,'2016-11-20 02:51:35',1),
  (651,78,13,'<p>Os comprovantes das publica&ccedil;&otilde;es do edital resumido constam do processo?</p>',NULL,0,0,0,1.000,'2016-11-20 02:51:43',1),
  (652,78,14,'<p>Foi respeitado o prazo de 8 dias &uacute;teis entre a divulga&ccedil;&atilde;o da licita&ccedil;&atilde;o (publica&ccedil;&atilde;o do aviso do edital) e a realiza&ccedil;&atilde;o do evento?</p>',NULL,0,0,0,1.000,'2016-11-20 02:53:18',1),
  (653,78,15,'<p>O aviso contendo o resumo do edital foi publicado nos meios previstos pela legisla&ccedil;&atilde;o?</p>',NULL,0,0,0,1.000,'2016-11-20 02:53:27',1),
  (654,78,16,'<p>Os documentos necess&aacute;rios &agrave; habilita&ccedil;&atilde;o (originais ou c&oacute;pias autenticadas por cart&oacute;rios competentes ou por servidores da administra&ccedil;&atilde;o ou publica&ccedil;&atilde;o em &oacute;rg&atilde;o da imprensa oficial) constam do processo?</p>',NULL,0,0,0,1.000,'2016-11-20 02:53:39',1),
  (655,78,17,'<p>A ata consta do processo e cont&eacute;m registro dos licitantes participantes, das proposta apresentadas, dos lances ofertados na ordem de classifica&ccedil;&atilde;o, da aceitabilidade da proposta de pre&ccedil;o, da habilita&ccedil;&atilde;o e dos recursos porventura interpostos, respectivas an&aacute;lises e decis&otilde;es?</p>',NULL,0,0,0,1.000,'2016-11-20 02:53:57',1),
  (656,78,18,'<p>Os pareceres t&eacute;cnicos ou jur&iacute;dicos emitidos sobre a licita&ccedil;&atilde;o constam do processo?</p>',NULL,0,0,0,1.000,'2016-11-20 02:54:05',1),
  (657,78,19,'<p>Os atos de adjudica&ccedil;&atilde;o do objeto da licita&ccedil;&atilde;o constam do processo?</p>',NULL,0,0,0,1.000,'2016-11-20 02:54:11',1),
  (658,78,20,'<p>Os atos de homologa&ccedil;&atilde;o do objeto da licita&ccedil;&atilde;o constam do processo?&nbsp;&nbsp;</p>',NULL,0,0,0,1.000,'2016-11-20 02:54:19',1),
  (659,78,21,'<p>O comprovante da divulga&ccedil;&atilde;o do resultado da licita&ccedil;&atilde;o consta do processo?&nbsp;&nbsp;</p>',NULL,0,0,0,1.000,'2016-11-20 02:54:27',1),
  (660,78,22,'<p>O termo de contrato ou instrumento equivalente (conforme o caso) consta do processo?</p>',NULL,0,0,0,1.000,'2016-11-20 02:54:33',1),
  (661,78,23,'<p>Os comprovante da publica&ccedil;&atilde;o do extrato do contrato consta do processo?</p>',NULL,0,0,0,1.000,'2016-11-20 02:54:42',1),
  (662,78,24,'<p>A publica&ccedil;&atilde;o resumida do instrumento de contrato ou de seus aditamentos na imprensa oficial foi providenciada pela Administra&ccedil;&atilde;o at&eacute; o 5.&deg; dia &uacute;til do m&ecirc;s seguinte ao de sua assinatura, para ocorrer no prazo de 20 dias daquela data?&nbsp;&nbsp;</p>',NULL,0,0,0,1.000,'2016-11-20 02:54:52',1),
  (663,78,25,'<p>Se for o caso, constam do processo recursos eventualmente apresentados pelos licitantes e respectivas manifesta&ccedil;&otilde;es e decis&otilde;es?</p>',NULL,0,0,0,1.000,'2016-11-20 02:55:11',1),
  (664,78,26,'<p>Se for o caso, consta do processo despacho de anula&ccedil;&atilde;o ou de revoga&ccedil;&atilde;o da licita&ccedil;&atilde;o?</p>',NULL,0,0,0,1.000,'2016-11-20 02:55:18',1);

INSERT INTO depts (dept_id, dept_superior, dept_cia, dept_responsavel, dept_nome, dept_codigo, dept_tel, dept_fax, dept_endereco1, dept_endereco2, dept_cidade, dept_estado, dept_cep, dept_url, dept_descricao, dept_pais, dept_email, dept_tipo, dept_contatos, dept_acesso) VALUES
  (1,NULL,1,2,'Dirertor',NULL,'','','','','','0','','','Diretoria','BR','',0,'',0),
  (2,NULL,1,4,'1ª Seção',NULL,'3246-8333','','Estrada da Serraria, 2680','Serraria','Porto Alegre','RS','91770-010','201.40.165.165','Responsável pelo controle de Pessoal','BR','',2,'',0),
  (3,1,1,3,'Estado-Maior',NULL,'','','','','','0','','','Apoio a Diretoria','BR','',2,'',0),
  (4,NULL,1,5,'2ª Seção',NULL,'3246-8333','','Estrada da Serraria, 2680','Serraria','Porto Alegre','RS','91770-010','201.40.165.165','Responsável pelo serviço de Inteligência da Organização','BR','',2,'',0),
  (5,NULL,1,6,'3ª Seção',NULL,'','','','','','','','','Responsável pela parte Operacional','','',2,NULL,0),
  (34,NULL,1,7,'4ª Seção',NULL,'','','','','','0','','','','BR','',2,'',0);

INSERT INTO estrategias (pg_estrategia_id, pg_estrategia_cia, pg_estrategia_fator, pg_estrategia_usuario, pg_estrategia_nome, pg_estrategia_data, pg_estrategia_ordem, pg_estrategia_acesso, pg_estrategia_cor, pg_estrategia_oque, pg_estrategia_descricao, pg_estrategia_onde, pg_estrategia_quando, pg_estrategia_como, pg_estrategia_porque, pg_estrategia_quanto, pg_estrategia_quem, pg_estrategia_controle, pg_estrategia_melhorias, pg_estrategia_metodo_aprendizado, pg_estrategia_desde_quando, pg_estrategia_composicao, pg_estrategia_ativo, pg_estrategia_tipo) VALUES
  (2,1,5,NULL,'Adestrar a Organização para que possa ser empregada, como um todo, em apoio ao Esc Sup.','2016-05-16 03:47:26',1,0,'FFFFFF','','','','','','','','','','','','',0,1,NULL),
  (3,1,6,NULL,'Adotar a cultura da gestão empreendedora, melhorando o desempenho na área Adm.','2016-05-16 03:48:04',2,0,'FFFFFF','','','','','','','','','','','','',0,1,NULL),
  (4,1,4,NULL,'Incrementar as atividades sócio-recreativas e culturais da Organização.','2016-05-16 03:48:32',3,0,'FFFFFF','','','','','','','','','','','','',0,1,NULL);

INSERT INTO estrategias_depts (pg_estrategia_id, dept_id) VALUES
  (2,2),
  (3,3),
  (3,5),
  (4,1),
  (4,34);

INSERT INTO estrategias_usuarios (pg_estrategia_id, usuario_id) VALUES
  (2,3),
  (2,4),
  (3,3),
  (3,6),
  (4,2),
  (4,7);

INSERT INTO evento_arquivos (evento_arquivo_id, evento_arquivo_evento_id, evento_arquivo_usuario, evento_arquivo_ordem, evento_arquivo_endereco, evento_arquivo_data, evento_arquivo_nome, evento_arquivo_tipo, evento_arquivo_extensao) VALUES
  (1,4,1,1,'4/1_documento_exemplo.pdf','2016-07-24 19:31:42','documento exemplo.pdf','application','pdf');


INSERT INTO evento_usuarios (usuario_id, evento_id, aceito, data) VALUES
  (1,4,0,NULL),
  (2,3,0,NULL),
  (2,4,0,NULL),
  (2,5,0,NULL),
  (3,3,0,NULL),
  (3,4,0,NULL),
  (4,4,0,NULL),
  (5,4,0,NULL),
  (6,3,0,NULL),
  (6,4,0,NULL),
  (6,5,0,NULL),
  (7,4,0,NULL),
  (8,4,0,NULL);

INSERT INTO eventos (evento_id, evento_superior, evento_cia, evento_dono, evento_projeto, evento_tarefa, evento_pratica, evento_acao, evento_tema, evento_objetivo, evento_fator, evento_estrategia, evento_meta, evento_indicador, evento_calendario, evento_titulo, evento_inicio, evento_fim, evento_descricao, evento_url, evento_nr_recorrencias, evento_recorrencias, evento_lembrar, evento_icone, evento_tipo, evento_diautil, evento_notificar, evento_localizacao, evento_acesso, evento_cor) VALUES
  (3,NULL,1,1,1,NULL,NULL,NULL,NULL,NULL,NULL,NULL,NULL,NULL,NULL,'Verificação Quadra','2016-04-29 08:00:00','2016-04-29 17:00:00','Verificação do andamento do projeto da quadra',NULL,0,0,900,'obj/evento',12,0,0,'',0,'ffffe0'),
  (4,NULL,1,1,1,NULL,NULL,NULL,NULL,NULL,NULL,NULL,NULL,NULL,NULL,'Reu de avaliação','2016-10-31 08:00:00','2016-10-31 10:00:00','Reunião para verificar o andamento do projeto da quadra',NULL,0,0,900,'obj/evento',0,0,0,'',0,'ffffe0'),
  (5,NULL,1,1,NULL,NULL,124,NULL,NULL,NULL,NULL,NULL,NULL,NULL,NULL,'Reu Fiscal Contratos','2016-10-05 09:00:00','2016-10-05 10:00:00','Reu do Fiscal de contratos com o Cmt para apresentar as alterações do mês corrente.',NULL,0,0,900,'obj/evento',0,0,0,'',0,'ffffe0');

INSERT INTO fatores_criticos (pg_fator_critico_id, pg_fator_critico_cia, pg_fator_critico_objetivo, pg_fator_critico_usuario, pg_fator_critico_nome, pg_fator_critico_data, pg_fator_critico_ordem, pg_fator_critico_acesso, pg_fator_critico_cor, pg_fator_critico_oque, pg_fator_critico_descricao, pg_fator_critico_onde, pg_fator_critico_quando, pg_fator_critico_como, pg_fator_critico_porque, pg_fator_critico_quanto, pg_fator_critico_quem, pg_fator_critico_controle, pg_fator_critico_melhorias, pg_fator_critico_metodo_aprendizado, pg_fator_critico_desde_quando, pg_fator_critico_ativo, pg_fator_critico_tipo) VALUES
  (4,1,4,NULL,'Grupo de trabalho heterogêneo',NULL,0,0,'ffe0fa',NULL,NULL,NULL,NULL,NULL,NULL,NULL,NULL,NULL,NULL,NULL,NULL,1,NULL),
  (5,1,2,NULL,'Recursos financeiros para exercícios no terreno',NULL,0,0,'b9fecd',NULL,NULL,NULL,NULL,NULL,NULL,NULL,NULL,NULL,NULL,NULL,NULL,1,NULL),
  (6,1,3,NULL,'Envolver os servidores com o sistema de auto-avaliação',NULL,0,0,'abacc7',NULL,NULL,NULL,NULL,NULL,NULL,NULL,NULL,NULL,NULL,NULL,NULL,1,NULL);

INSERT INTO forum_mensagens (mensagem_id, mensagem_forum, mensagem_superior, mensagem_autor, mensagem_editor, mensagem_titulo, mensagem_data, mensagem_texto, mensagem_publicada) VALUES
  (1,1,NULL,2,NULL,'Empresa construtora de cobertura','2012-05-16 16:16:59','Algum integrante do 3º B Com sabe de alguma empresa que constrói coberturas para quadras?',1),
  (2,1,1,3,NULL,'Re: Empresa construtora de cobertura','2012-05-16 16:26:53','Conheço a Magnofer, que trabalha com empenho.Site : http://www.magnofer.com.br/',1),
  (3,1,1,4,1,'Re: Empresa construtora de cobertura','2012-05-16 16:31:06','Em Recife, o Cia Com pesquisou pela revista met@alica, especializada em coberturas pré-fabricadas.Site:http://www.metalica.com.br',1);

INSERT INTO forum_visitas (visita_usuario, visita_forum, visita_mensagem, visita_data) VALUES
  (1,1,1,'2012-05-16 16:31:06'),
  (1,1,2,'2012-05-16 16:31:06'),
  (1,1,3,'2012-05-16 16:31:06'),
  (4,1,1,'2012-05-16 16:31:06'),
  (4,1,2,'2012-05-16 16:31:06'),
  (4,1,3,'2012-05-16 16:31:06');

INSERT INTO foruns (forum_id, forum_cia, forum_dono, forum_moderador, forum_projeto, forum_tarefa, forum_pratica, forum_acao, forum_objetivo, forum_fator, forum_estrategia, forum_meta, forum_indicador, forum_nome, forum_status, forum_descricao, forum_data_criacao, forum_ultima_data, forum_ultimo_id, forum_contagem_msg, forum_acesso) VALUES
  (1,1,5,5,1,NULL,NULL,NULL,NULL,NULL,NULL,NULL,NULL,'Quadra Coberta do 3º B Com',-1,'Espaço para discussão sobre os modelos de quadras cobertas existentes no mercado.','2012-05-16 16:15:31','2012-05-16 16:31:06',3,3,0);

INSERT INTO grupo (grupo_id, grupo_cia, grupo_usuario, grupo_descricao) VALUES
  (1,1,NULL,'Oficiais'),
  (2,1,6,'Importantes');

INSERT INTO gut (gut_id, gut_cia, gut_responsavel, gut_nome, gut_acesso, gut_datahora) VALUES
  (1,1,6,'Problemas levantados na quadra coberta',0,'2016-10-12 08:55:49');

INSERT INTO gut_linha (gut_linha_id, gut_id, gut_texto, gut_g, gut_u, gut_t) VALUES
  (1,1,'Material diferente do licitado',2,3,1),
  (2,1,'Necessidade de energia elétrica',1,1,1),
  (3,1,'funcionários sem material de proteção',3,1,1),
  (4,1,'Não cumprimento do projeto executivo',4,2,5),
  (5,1,'Andamento da obra aquém do estabelecido',1,1,3),
  (6,1,'Inverno rigoroso',2,1,1);

INSERT INTO gut_projetos (gut_id, projeto_id) VALUES
  (1,1);

INSERT INTO instrumento (instrumento_id, instrumento_cia, instrumento_responsavel, instrumento_numero, instrumento_nome, instrumento_ano, instrumento_licitacao, instrumento_edital_nr, instrumento_edital_ano, instrumento_processo, instrumento_objeto, instrumento_entidade, instrumento_entidade_cnpj, instrumento_data_celebracao, instrumento_data_publicacao, instrumento_data_inicio, instrumento_data_termino, instrumento_valor, instrumento_valor_contrapartida, instrumento_tipo, instrumento_situacao, instrumento_porcentagem, instrumento_acesso, instrumento_cor, instrumento_depts, instrumento_contatos, instrumento_designados, instrumento_recursos) VALUES
  (1,1,6,'2033-E5','Projeto Força no Esporte','2015',3,NULL,NULL,NULL,'<p>Um programa desenvolvido pelo Ministério do Esporte e pelo Ministério da Defesa. O objetivo do projeto é promover, por meio da prática desportiva, a integração social, a prevenção à doença e promoção da saúde, a prevenção à marginalidade e à violência, a valorização da cidadania, a inserção no trabalho e permanência destas pessoas nas atividades físicas, esportivas e de lazer, como uma forma de desenvolver o processo de inclusão social.</p>','Min. do Desporto',NULL,'2012-05-13','2012-05-20','2012-06-01','2016-12-31',150000.00,0.00,5,3,25,0,'9bfeb7','4,5',NULL,NULL,'1');

INSERT INTO instrumento_depts (instrumento_id, dept_id) VALUES
  (1,4),
  (1,5);

INSERT INTO instrumento_recursos (instrumento_id, recurso_id) VALUES
  (1,1);

INSERT INTO links (link_id, link_cia, link_projeto, link_tarefa, link_superior, link_dono, link_pratica, link_acao, link_indicador, link_objetivo, link_fator, link_estrategia, link_meta, link_usuario, link_nome, link_url, link_descricao, link_data, link_categoria, link_icone, link_acesso) VALUES
  (1,1,1,2,NULL,8,NULL,NULL,NULL,NULL,NULL,NULL,NULL,NULL,'Quadras Esportivas Sathler','http://www.sathler.com.br/_produtos/quadras%20esportivas.html','Fabricam quadras esportivas.','2012-05-16 15:54:09',0,'obj/',0),
  (2,1,1,2,NULL,8,NULL,NULL,NULL,NULL,NULL,NULL,NULL,NULL,'Coberturas Cobertoni','http://www.cobertoni.com.br/','Projetos de cobertura para ginásios.','2012-10-22 07:10:31',1,'obj/',0);

INSERT INTO metas (pg_meta_id, pg_meta_cia, pg_meta_responsavel, pg_meta_estrategia, pg_meta_nome, pg_meta_ordem, pg_meta_prazo, pg_meta_data, pg_meta_oque, pg_meta_descricao, pg_meta_onde, pg_meta_quando, pg_meta_como, pg_meta_porque, pg_meta_quanto, pg_meta_quem, pg_meta_controle, pg_meta_melhorias, pg_meta_metodo_aprendizado, pg_meta_desde_quando, pg_meta_cor, pg_meta_ativo, pg_meta_acesso, pg_meta_tipo) VALUES
  (1,1,1,2,'Atingir Atingir 80% do pessoal pronto na Organização em H+2',NULL,NULL,NULL,NULL,NULL,NULL,NULL,NULL,NULL,NULL,NULL,NULL,NULL,NULL,NULL,'a4f2fe',1,0,NULL),
  (2,1,1,2,'Atingir 80% de disponibilidade do MEM VII',NULL,NULL,NULL,NULL,NULL,NULL,NULL,NULL,NULL,NULL,NULL,NULL,NULL,NULL,NULL,'ffd6d6',1,0,NULL),
  (3,1,1,3,'Atingir pontuação acima de 400 na AA',NULL,NULL,NULL,NULL,NULL,NULL,NULL,NULL,NULL,NULL,NULL,NULL,NULL,NULL,NULL,'ffebf4',1,0,NULL),
  (4,1,1,3,'Realizar 1 instrução por trimestre sobre gestão',NULL,NULL,NULL,NULL,NULL,NULL,NULL,NULL,NULL,NULL,NULL,NULL,NULL,NULL,NULL,'f5f5ff',1,0,NULL),
  (5,1,1,3,'Atingir 50% de realização dos projetos até Dez 09',NULL,NULL,NULL,NULL,NULL,NULL,NULL,NULL,NULL,NULL,NULL,NULL,NULL,NULL,NULL,'defeb9',1,0,NULL),
  (6,1,1,3,'Atingir 80 % de satisfação com o atendimento médico',NULL,NULL,NULL,NULL,NULL,NULL,NULL,NULL,NULL,NULL,NULL,NULL,NULL,NULL,NULL,'ffffad',1,0,NULL);

INSERT INTO modelo_usuario (modelo_usuario_id, de_id, para_id, modelo_id, pasta_id, modelo_anotacao_id, despacho_pasta_envio, despacho_pasta_receb, status, tipo, datahora, datahora_leitura, cm, meio, aviso_leitura, copia_oculta, nome_de, funcao_de, nome_para, funcao_para, cor, nota, resposta_despacho, data_retorno, data_limite) VALUES
  (1,1,4,1,NULL,NULL,NULL,NULL,1,3,'2016-01-14 15:59:47','2016-07-15 11:18:41',0,'',0,0,'Administrador','admin','Spalding','Ch 1ª Seção','',NULL,NULL,NULL,NULL),
  (2,1,5,1,NULL,NULL,NULL,NULL,0,3,'2016-01-14 15:59:47',NULL,0,'',0,0,'Administrador','admin','Rossano','Ch 2ª Seção','',NULL,NULL,NULL,NULL),
  (3,1,6,1,NULL,NULL,NULL,NULL,1,3,'2016-01-14 15:59:47','2016-07-14 16:00:22',0,'',0,0,'Administrador','admin','Reinert','Ch 3ª Seção','',NULL,NULL,NULL,NULL),
  (4,1,18,1,NULL,NULL,NULL,NULL,0,3,'2016-01-14 15:59:47',NULL,0,'',0,0,'Administrador','admin','Assumpção','Ch 4ª Seção','',NULL,NULL,NULL,NULL),
  (5,1,2,1,NULL,NULL,NULL,NULL,0,3,'2016-01-14 15:59:47',NULL,0,'',0,0,'Administrador','admin','Pires Filho','Diretor','',NULL,NULL,NULL,NULL),
  (6,1,7,1,NULL,NULL,NULL,NULL,0,3,'2016-01-14 15:59:47',NULL,0,'',0,0,'Administrador','admin','Minato','Protocolista','',NULL,NULL,NULL,NULL),
  (7,1,3,1,NULL,NULL,NULL,NULL,0,3,'2016-01-14 15:59:47',NULL,0,'',0,0,'Administrador','admin','Fantine','Vice-Diretor','',NULL,NULL,NULL,NULL),
  (8,4,2,3,NULL,NULL,NULL,NULL,0,0,'2016-01-25 18:49:16',NULL,0,'',0,0,'Spalding','Ch 1ª Seção','Pires Filho','Diretor','',NULL,NULL,NULL,NULL),
  (9,4,3,3,NULL,NULL,NULL,NULL,0,0,'2016-01-25 18:49:16',NULL,0,'',0,0,'Spalding','Ch 1ª Seção','Fantine','Vice-Diretor','',NULL,NULL,NULL,NULL),
  (10,4,8,3,NULL,NULL,NULL,NULL,0,0,'2016-01-25 18:49:16',NULL,0,'',0,0,'Spalding','Ch 1ª Seção','Assumpção','Ch 4ª Seção','',NULL,NULL,NULL,NULL),
  (11,4,6,3,NULL,NULL,NULL,NULL,0,0,'2016-01-25 18:49:16',NULL,0,'',0,0,'Spalding','Ch 1ª Seção','Reinert','Ch 3ª Seção','',NULL,NULL,NULL,NULL),
  (12,4,5,3,NULL,NULL,NULL,NULL,0,0,'2016-01-25 18:49:16',NULL,0,'',0,0,'Spalding','Ch 1ª Seção','Rossano','Ch 2ª Seção','',NULL,NULL,NULL,NULL),
  (13,4,4,3,NULL,NULL,NULL,NULL,1,0,'2016-01-25 18:49:16','2016-07-25 18:59:40',0,'',0,0,'Spalding','Ch 1ª Seção','Spalding','Ch 1ª Seção','',NULL,NULL,NULL,NULL),
  (14,4,7,3,NULL,NULL,NULL,NULL,0,0,'2016-01-25 18:49:16',NULL,0,'',0,0,'Spalding','Ch 1ª Seção','Minato','Protocolista','',NULL,NULL,NULL,NULL),
  (15,4,1,3,NULL,NULL,NULL,NULL,0,0,'2016-01-25 18:49:16',NULL,0,'',0,0,'Spalding','Ch 1ª Seção','Administrador','admin','',NULL,NULL,NULL,NULL);

INSERT INTO modelos (modelo_id, modelo_tipo, modelo_criador_original, modelo_autoridade_assinou, modelo_protocolista, modelo_chave_publica, modelo_versao_aprovada, modelo_autoridade_aprovou, modelo_pode_alterar, modelo_data, modelo_assinatura, modelo_protocolo, modelo_data_protocolo, modelo_data_assinado, modelo_data_aprovado, modelo_assunto, modelo_numero, class_sigilosa, prioridade, modelo_criador_nome, modelo_criador_funcao, modelo_aprovou_nome, modelo_aprovou_funcao, modelo_assinatura_nome, modelo_assinatura_funcao) VALUES
  (1,1,1,NULL,NULL,NULL,NULL,NULL,0,'2016-01-14 15:59:26',NULL,NULL,NULL,NULL,NULL,'Teste de modelo de parte',NULL,0,0,'','','','','',''),
  (3,3,4,NULL,NULL,NULL,NULL,NULL,0,'2016-01-25 18:47:45',NULL,NULL,NULL,NULL,NULL,'Modelo de MDO',NULL,0,0,'','','','','','');

INSERT INTO modelos_anexos (modelo_anexo_id, modelo_id, usuario_id, chave_publica, nome, caminho, tipo_doc, doc_nr, nome_de, funcao_de, data_envio, assinatura, nome_fantasia) VALUES
  (1,1,4,NULL,'documento exemplo.pdf','2012/07/M1_1_documento_exemplo.pdf','Anexo','002','Spalding','Ch 1ª Seção','2016-07-25 23:30:23','','Documento pdf');

INSERT INTO modelos_dados (modelo_dados_id, modelo_dados_modelo, modelos_dados_criador, modelos_dados_campos, nome_usuario, funcao_usuario, modelo_dados_data) VALUES
  (1,1,1,0x613A393A7B733A353A2263616D706F223B613A31333A7B693A313B613A353A7B733A343A227469706F223B733A393A226361626563616C686F223B733A353A226461646F73223B733A3235393A223C70207374796C653D22746578742D616C69676E3A2063656E7465723B223E0D0A093C7374726F6E673E4D494E495354264561637574653B52494F204441204445464553413C6272202F3E0D0A094558264561637574653B524349544F2042524153494C4549524F3C6272202F3E0D0A09434F4D414E444F204D494C4954415220444F2053554C3C6272202F3E0D0A0933266F72646D3B20424154414C48264174696C64653B4F20444520434F4D554E4943412643636564696C3B264F74696C64653B45533C6272202F3E0D0A092833266F7264663B204369612054726E73202F2033266F72646D3B204245202F2031393137293C2F7374726F6E673E3C2F703E0D0A223B733A353A226578747261223B733A303A22223B733A383A226C6172675F6D6178223B733A303A22223B733A31313A226F7574726F5F63616D706F223B733A303A22223B7D693A323B613A353A7B733A343A227469706F223B733A393A2270726F746F636F6C6F223B733A353A226461646F73223B4E3B733A353A226578747261223B733A303A22223B733A383A226C6172675F6D6178223B733A303A22223B733A31313A226F7574726F5F63616D706F223B733A303A22223B7D693A333B613A353A7B733A343A227469706F223B733A363A22636964616465223B733A353A226461646F73223B733A31323A22506F72746F20416C65677265223B733A353A226578747261223B733A303A22223B733A383A226C6172675F6D6178223B733A303A22223B733A31313A226F7574726F5F63616D706F223B733A303A22223B7D693A343B613A353A7B733A343A227469706F223B733A343A2264617461223B733A353A226461646F73223B733A383A223230313030373134223B733A353A226578747261223B733A303A22223B733A383A226C6172675F6D6178223B733A303A22223B733A31313A226F7574726F5F63616D706F223B733A303A22223B7D693A353B613A353A7B733A343A227469706F223B733A323A22646F223B733A353A226461646F73223B733A323A22446F223B733A353A226578747261223B733A303A22223B733A383A226C6172675F6D6178223B733A303A22223B733A31313A226F7574726F5F63616D706F223B733A303A22223B7D693A363B613A353A7B733A343A227469706F223B733A393A2272656D6574656E7465223B733A353A226461646F73223B613A323A7B693A303B733A303A22223B693A313B733A353A2261646D696E223B7D733A353A226578747261223B733A303A22223B733A383A226C6172675F6D6178223B733A323A223437223B733A31313A226F7574726F5F63616D706F223B733A303A22223B7D693A373B613A353A7B733A343A227469706F223B733A323A22616F223B733A353A226461646F73223B733A323A22416F223B733A353A226578747261223B733A303A22223B733A383A226C6172675F6D6178223B733A303A22223B733A31313A226F7574726F5F63616D706F223B733A303A22223B7D693A383B613A353A7B733A343A227469706F223B733A31333A2264657374696E61746172696F73223B733A353A226461646F73223B613A323A7B693A303B733A303A22223B693A313B613A323A7B693A303B733A333A22313333223B693A313B733A383A2253436D742042746C223B7D7D733A353A226578747261223B733A32303A227374796C653D2277696474683A32393070783B22223B733A383A226C6172675F6D6178223B733A323A223437223B733A31313A226F7574726F5F63616D706F223B733A303A22223B7D693A393B613A353A7B733A343A227469706F223B733A31333A22626C6F636F5F73696D706C6573223B733A353A226461646F73223B733A31383A22546573746520646520646F63756D656E746F223B733A353A226578747261223B733A32303A227374796C653D2277696474683A32373070783B22223B733A383A226C6172675F6D6178223B733A323A223434223B733A31313A226F7574726F5F63616D706F223B733A303A22223B7D693A31303B613A353A7B733A343A227469706F223B733A31333A22626C6F636F5F73696D706C6573223B733A353A226461646F73223B733A303A22223B733A353A226578747261223B733A32303A227374796C653D2277696474683A33303070783B22223B733A383A226C6172675F6D6178223B733A323A223439223B733A31313A226F7574726F5F63616D706F223B733A303A22223B7D693A31313B613A353A7B733A343A227469706F223B733A353A22616E65786F223B733A353A226461646F73223B613A313A7B733A303A22223B733A303A22223B7D733A353A226578747261223B733A303A22223B733A383A226C6172675F6D6178223B733A303A22223B733A31313A226F7574726F5F63616D706F223B733A303A22223B7D693A31323B613A353A7B733A343A227469706F223B733A353A22626C6F636F223B733A353A226461646F73223B733A34353A223C703E0D0A094573746520266561637574653B20756D206D6F64656C6F2064652070617274652E3C2F703E0D0A223B733A353A226578747261223B733A303A22223B733A383A226C6172675F6D6178223B733A303A22223B733A31313A226F7574726F5F63616D706F223B733A303A22223B7D693A31333B613A353A7B733A343A227469706F223B733A31313A22696D706564696D656E746F223B733A353A226461646F73223B613A353A7B693A303B733A303A22223B693A313B733A333A2253722E223B693A323B733A31333A2241646D696E6973747261646F72223B693A333B733A353A2261646D696E223B693A373B733A313A2231223B7D733A353A226578747261223B733A303A22223B733A383A226C6172675F6D6178223B733A303A22223B733A31313A226F7574726F5F63616D706F223B733A303A22223B7D7D733A31313A226D6F64656C6F5F7469706F223B733A313A2231223B733A363A2265646963616F223B623A303B733A393A22696D7072657373616F223B623A303B733A393A226D6F64656C6F5F6964223B733A313A2231223B733A393A2270617261677261666F223B693A303B733A31353A226D6F64656C6F5F6461646F735F6964223B693A303B733A383A2274656D706C617465223B4F3A383A2254656D706C617465223A373A7B733A31343A220054656D706C6174650076617273223B613A31333A7B693A303B733A373A2263616D706F5F31223B693A313B733A373A2263616D706F5F33223B693A323B733A373A2263616D706F5F34223B693A333B733A373A2263616D706F5F32223B693A343B733A373A2263616D706F5F35223B693A353B733A373A2263616D706F5F36223B693A363B733A373A2263616D706F5F37223B693A373B733A373A2263616D706F5F38223B693A383B733A373A2263616D706F5F39223B693A393B733A383A2263616D706F5F3130223B693A31303B733A383A2263616D706F5F3131223B693A31313B733A383A2263616D706F5F3132223B693A31323B733A383A2263616D706F5F3133223B7D733A31363A220054656D706C6174650076616C756573223B613A393A7B733A333A227B2E7D223B733A313434343A223C7461626C652077696474683D22373530222063656C6C73706163696E673D2230222063656C6C70616464696E673D22302220616C69676E3D2263656E746572223E0D0A20203C74723E3C746420636F6C7370616E3D323020616C69676E3D63656E7465723E3C696D67207372633D222E2F6D6F64756C6F732F656D61696C2F6D6F64656C6F732F312F696D6167656E732F62726173616F5F72657075626C6963612E6769662220616C743D222220626F726465723D223022202F3E3C2F74643E3C2F74723E0D0A20203C74723E0D0A202020203C746420636F6C7370616E3D32303E7B63616D706F5F317D3C2F74643E3C2F74723E0D0A20203C74723E3C74642077696474683D223130223E266E6273703B3C2F74643E3C74642077696474683D22373338223E0D0A20200D0A20200D0A20203C7461626C652077696474683D2231303025222063656C6C73706163696E673D2230222063656C6C70616464696E673D2230223E0D0A0D0A20200D0A20203C74723E3C7464207374796C653D226865696768743A38307078223E266E6273703B3C2F74643E3C2F74723E0D0A20203C74723E3C74642077696474683D313030253E3C7461626C652077696474683D313030253E200D0A2020202020203C74723E3C74642077696474683D3435253E266E6273703B3C2F74643E3C7464207374796C653D22666F6E742D7765696768743A626F6C643B223E7B425F626C6F636F337D7B63616D706F5F347D3C2F74643E3C2F74723E0D0A20203C74723E3C74643E3C7461626C652063656C6C73706163696E673D2230222063656C6C70616464696E673D2230223E3C7472207374796C653D22666F6E742D7765696768743A626F6C643B223E0D0A202020202020202020203C7464206865696768743D223330223E5061727465266E6273703B3C2F74643E3C74643E7B63616D706F5F327D3C2F74643E3C2F74723E3C2F7461626C653E3C2F74643E3C74643E266E6273703B3C2F74643E3C2F74723E0D0A2020200D0A2020200D0A2020200D0A202020203C74723E0D0A2020202020203C74643E266E6273703B3C2F74643E3C74643E3C623E7B63616D706F5F357D3C2F623E266E6273703B7B63616D706F5F367D3C2F74643E3C2F74723E200D0A202020200D0A093C74723E3C7464207374796C653D226865696768743A3870782220636F6C7370616E3D32303E3C2F74643E3C2F74723E0D0A202020200D0A202020203C74723E3C74643E266E6273703B3C2F74643E3C74643E3C7461626C652077696474683D2231303025222063656C6C73706163696E673D2230222063656C6C70616464696E673D2230223E0D0A20202020093C74723E3C74642076616C69676E3D22746F70222077696474683D223230223E3C623E7B63616D706F5F377D3C2F623E266E6273703B3C2F74643E3C74643E7B63616D706F5F387D3C2F74643E3C2F74723E3C2F7461626C653E3C2F74643E3C2F74723E200D0A202020207B425F626C6F636F397D7B425F626C6F636F31307D7B425F626C6F636F31317D3C2F7461626C653E3C2F74643E3C2F74723E200D0A20203C74723E3C7464206865696768743D2238362220636F6C7370616E3D3230207374796C653D226865696768743A35347078223E3C2F74643E3C2F74723E0D0A20203C74723E0D0A202020203C746420616C69676E3D6C65667420636F6C7370616E3D32303E7B63616D706F5F31327D3C2F74643E3C2F74723E0D0A20203C74723E3C7464206865696768743D223730223E266E6273703B3C2F74643E3C2F74723E0D0A3C74723E0D0A20203C746420616C69676E3D63656E7465723E7B63616D706F5F31337D3C2F74643E3C2F74723E0D0A0D0A20203C2F7461626C653E0D0A20200D0A20200D0A20203C2F74643E3C2F74723E0D0A203C74723E3C746420636F6C7370616E3D3230206865696768743D223430223E266E6273703B3C2F74643E3C2F74723E0D0A3C2F7461626C653E223B733A31303A227B425F626C6F636F337D223B733A303A22223B733A383A227B626C6F636F337D223B733A32323A227B63616D706F5F337D266E6273703B2C266E6273703B223B733A31303A227B425F626C6F636F397D223B733A303A22223B733A383A227B626C6F636F397D223B733A3233363A223C74723E3C7464207374796C653D226865696768743A3870782220636F6C7370616E3D32303E3C2F74643E3C2F74723E20200D0A202020203C74723E3C74643E266E6273703B3C2F74643E3C74643E3C7461626C652077696474683D2231303025222063656C6C73706163696E673D2230222063656C6C70616464696E673D2230223E3C74723E3C74642076616C69676E3D22746F70222077696474683D223230223E3C623E417373756E746F3A3C2F623E266E6273703B3C2F74643E3C74643E7B63616D706F5F397D3C2F74643E3C2F74723E3C2F7461626C653E3C2F74643E3C2F74723E0D0A20202020223B733A31313A227B425F626C6F636F31307D223B733A303A22223B733A393A227B626C6F636F31307D223B733A3233383A223C74723E3C7464207374796C653D226865696768743A3870782220636F6C7370616E3D32303E3C2F74643E3C2F74723E200D0A202020203C74723E3C74643E266E6273703B3C2F74643E3C74643E3C7461626C652077696474683D2231303025222063656C6C73706163696E673D2230222063656C6C70616464696E673D2230223E3C74723E3C74642076616C69676E3D22746F70222077696474683D223230223E3C623E5265663A3C2F623E266E6273703B3C2F74643E0D0A202020203C74643E7B63616D706F5F31307D3C2F74643E3C2F74723E3C2F7461626C653E3C2F74643E3C2F74723E0D0A20202020223B733A31313A227B425F626C6F636F31317D223B733A303A22223B733A393A227B626C6F636F31317D223B733A3134313A223C74723E3C7464207374796C653D226865696768743A3870782220636F6C7370616E3D32303E3C2F74643E3C2F74723E0D0A202020203C74723E3C74643E266E6273703B3C2F74643E0D0A202020203C74642076616C69676E3D22746F70223E3C623E416E65786F3A3C2F623E266E6273703B7B63616D706F5F31317D3C2F74643E3C2F74723E0D0A20202020223B7D733A32303A220054656D706C6174650070726F70657274696573223B613A303A7B7D733A31393A220054656D706C61746500696E7374616E636573223B613A303A7B7D733A31363A220054656D706C61746500626C6F636B73223B613A343A7B693A303B733A363A22626C6F636F33223B693A313B733A363A22626C6F636F39223B693A323B733A373A22626C6F636F3130223B693A333B733A373A22626C6F636F3131223B7D733A31373A220054656D706C61746500706172656E7473223B613A313A7B733A313A222E223B613A343A7B693A303B733A363A22626C6F636F33223B693A313B733A363A22626C6F636F39223B693A323B733A373A22626C6F636F3130223B693A333B733A373A22626C6F636F3131223B7D7D733A31383A220054656D706C617465006163637572617465223B733A303A22223B7D733A333A22716E74223B693A31333B7D,NULL,NULL,'2013-07-14 15:59:26'),
  (2,1,136,0x613A393A7B733A353A2263616D706F223B613A31333A7B693A313B613A353A7B733A343A227469706F223B733A393A226361626563616C686F223B733A353A226461646F73223B733A3235393A223C70207374796C653D22746578742D616C69676E3A2063656E7465723B223E0D0A093C7374726F6E673E4D494E495354264561637574653B52494F204441204445464553413C6272202F3E0D0A094558264561637574653B524349544F2042524153494C4549524F3C6272202F3E0D0A09434F4D414E444F204D494C4954415220444F2053554C3C6272202F3E0D0A0933266F72646D3B20424154414C48264174696C64653B4F20444520434F4D554E4943412643636564696C3B264F74696C64653B45533C6272202F3E0D0A092833266F7264663B204369612054726E73202F2033266F72646D3B204245202F2031393137293C2F7374726F6E673E3C2F703E0D0A223B733A353A226578747261223B733A303A22223B733A383A226C6172675F6D6178223B733A303A22223B733A31313A226F7574726F5F63616D706F223B733A303A22223B7D693A323B613A353A7B733A343A227469706F223B733A393A2270726F746F636F6C6F223B733A353A226461646F73223B4E3B733A353A226578747261223B733A303A22223B733A383A226C6172675F6D6178223B733A303A22223B733A31313A226F7574726F5F63616D706F223B733A303A22223B7D693A333B613A353A7B733A343A227469706F223B733A363A22636964616465223B733A353A226461646F73223B733A31323A22506F72746F20416C65677265223B733A353A226578747261223B733A303A22223B733A383A226C6172675F6D6178223B733A303A22223B733A31313A226F7574726F5F63616D706F223B733A303A22223B7D693A343B613A353A7B733A343A227469706F223B733A343A2264617461223B733A353A226461646F73223B733A383A223230313030373134223B733A353A226578747261223B733A303A22223B733A383A226C6172675F6D6178223B733A303A22223B733A31313A226F7574726F5F63616D706F223B733A303A22223B7D693A353B613A353A7B733A343A227469706F223B733A323A22646F223B733A353A226461646F73223B733A323A22446F223B733A353A226578747261223B733A303A22223B733A383A226C6172675F6D6178223B733A303A22223B733A31313A226F7574726F5F63616D706F223B733A303A22223B7D693A363B613A353A7B733A343A227469706F223B733A393A2272656D6574656E7465223B733A353A226461646F73223B613A323A7B693A303B733A303A22223B693A313B733A353A2261646D696E223B7D733A353A226578747261223B733A303A22223B733A383A226C6172675F6D6178223B733A323A223437223B733A31313A226F7574726F5F63616D706F223B733A303A22223B7D693A373B613A353A7B733A343A227469706F223B733A323A22616F223B733A353A226461646F73223B733A323A22416F223B733A353A226578747261223B733A303A22223B733A383A226C6172675F6D6178223B733A303A22223B733A31313A226F7574726F5F63616D706F223B733A303A22223B7D693A383B613A353A7B733A343A227469706F223B733A31333A2264657374696E61746172696F73223B733A353A226461646F73223B613A323A7B693A303B733A303A22223B693A313B613A323A7B693A303B733A333A22313333223B693A313B733A383A2253436D742042746C223B7D7D733A353A226578747261223B733A32303A227374796C653D2277696474683A32393070783B22223B733A383A226C6172675F6D6178223B733A323A223437223B733A31313A226F7574726F5F63616D706F223B733A303A22223B7D693A393B613A353A7B733A343A227469706F223B733A31333A22626C6F636F5F73696D706C6573223B733A353A226461646F73223B733A31383A22546573746520646520646F63756D656E746F223B733A353A226578747261223B733A32303A227374796C653D2277696474683A32373070783B22223B733A383A226C6172675F6D6178223B733A323A223434223B733A31313A226F7574726F5F63616D706F223B733A303A22223B7D693A31303B613A353A7B733A343A227469706F223B733A31333A22626C6F636F5F73696D706C6573223B733A353A226461646F73223B733A303A22223B733A353A226578747261223B733A32303A227374796C653D2277696474683A33303070783B22223B733A383A226C6172675F6D6178223B733A323A223439223B733A31313A226F7574726F5F63616D706F223B733A303A22223B7D693A31313B613A353A7B733A343A227469706F223B733A353A22616E65786F223B733A353A226461646F73223B613A313A7B733A303A22223B733A303A22223B7D733A353A226578747261223B733A303A22223B733A383A226C6172675F6D6178223B733A303A22223B733A31313A226F7574726F5F63616D706F223B733A303A22223B7D693A31323B613A353A7B733A343A227469706F223B733A353A22626C6F636F223B733A353A226461646F73223B733A3137303A223C703E0D0A09416C746572612663636564696C3B266F74696C64653B657320666F72616D20666569746173206E6573746520646F63756D656E746F2070656C6F2053332E20416F2063686563617220617320616C746572612663636564696C3B266F74696C64653B657320616E746572696F72657320266561637574653B20706F7373266961637574653B76656C20766572206F20746578746F206F726967696E616C2E3C2F703E0D0A223B733A353A226578747261223B733A303A22223B733A383A226C6172675F6D6178223B733A303A22223B733A31313A226F7574726F5F63616D706F223B733A303A22223B7D693A31333B613A353A7B733A343A227469706F223B733A31313A22696D706564696D656E746F223B733A353A226461646F73223B613A353A7B693A303B733A303A22223B693A313B733A333A2253722E223B693A323B733A31333A2241646D696E6973747261646F72223B693A333B733A353A2261646D696E223B693A373B733A313A2231223B7D733A353A226578747261223B733A303A22223B733A383A226C6172675F6D6178223B733A303A22223B733A31313A226F7574726F5F63616D706F223B733A303A22223B7D7D733A31313A226D6F64656C6F5F7469706F223B733A313A2231223B733A363A2265646963616F223B623A303B733A393A22696D7072657373616F223B623A303B733A393A226D6F64656C6F5F6964223B733A313A2231223B733A393A2270617261677261666F223B693A303B733A31353A226D6F64656C6F5F6461646F735F6964223B693A303B733A383A2274656D706C617465223B4F3A383A2254656D706C617465223A373A7B733A31343A220054656D706C6174650076617273223B613A31333A7B693A303B733A373A2263616D706F5F31223B693A313B733A373A2263616D706F5F33223B693A323B733A373A2263616D706F5F34223B693A333B733A373A2263616D706F5F32223B693A343B733A373A2263616D706F5F35223B693A353B733A373A2263616D706F5F36223B693A363B733A373A2263616D706F5F37223B693A373B733A373A2263616D706F5F38223B693A383B733A373A2263616D706F5F39223B693A393B733A383A2263616D706F5F3130223B693A31303B733A383A2263616D706F5F3131223B693A31313B733A383A2263616D706F5F3132223B693A31323B733A383A2263616D706F5F3133223B7D733A31363A220054656D706C6174650076616C756573223B613A393A7B733A333A227B2E7D223B733A313434343A223C7461626C652077696474683D22373530222063656C6C73706163696E673D2230222063656C6C70616464696E673D22302220616C69676E3D2263656E746572223E0D0A20203C74723E3C746420636F6C7370616E3D323020616C69676E3D63656E7465723E3C696D67207372633D222E2F6D6F64756C6F732F656D61696C2F6D6F64656C6F732F312F696D6167656E732F62726173616F5F72657075626C6963612E6769662220616C743D222220626F726465723D223022202F3E3C2F74643E3C2F74723E0D0A20203C74723E0D0A202020203C746420636F6C7370616E3D32303E7B63616D706F5F317D3C2F74643E3C2F74723E0D0A20203C74723E3C74642077696474683D223130223E266E6273703B3C2F74643E3C74642077696474683D22373338223E0D0A20200D0A20200D0A20203C7461626C652077696474683D2231303025222063656C6C73706163696E673D2230222063656C6C70616464696E673D2230223E0D0A0D0A20200D0A20203C74723E3C7464207374796C653D226865696768743A38307078223E266E6273703B3C2F74643E3C2F74723E0D0A20203C74723E3C74642077696474683D313030253E3C7461626C652077696474683D313030253E200D0A2020202020203C74723E3C74642077696474683D3435253E266E6273703B3C2F74643E3C7464207374796C653D22666F6E742D7765696768743A626F6C643B223E7B425F626C6F636F337D7B63616D706F5F347D3C2F74643E3C2F74723E0D0A20203C74723E3C74643E3C7461626C652063656C6C73706163696E673D2230222063656C6C70616464696E673D2230223E3C7472207374796C653D22666F6E742D7765696768743A626F6C643B223E0D0A202020202020202020203C7464206865696768743D223330223E5061727465266E6273703B3C2F74643E3C74643E7B63616D706F5F327D3C2F74643E3C2F74723E3C2F7461626C653E3C2F74643E3C74643E266E6273703B3C2F74643E3C2F74723E0D0A2020200D0A2020200D0A2020200D0A202020203C74723E0D0A2020202020203C74643E266E6273703B3C2F74643E3C74643E3C623E7B63616D706F5F357D3C2F623E266E6273703B7B63616D706F5F367D3C2F74643E3C2F74723E200D0A202020200D0A093C74723E3C7464207374796C653D226865696768743A3870782220636F6C7370616E3D32303E3C2F74643E3C2F74723E0D0A202020200D0A202020203C74723E3C74643E266E6273703B3C2F74643E3C74643E3C7461626C652077696474683D2231303025222063656C6C73706163696E673D2230222063656C6C70616464696E673D2230223E0D0A20202020093C74723E3C74642076616C69676E3D22746F70222077696474683D223230223E3C623E7B63616D706F5F377D3C2F623E266E6273703B3C2F74643E3C74643E7B63616D706F5F387D3C2F74643E3C2F74723E3C2F7461626C653E3C2F74643E3C2F74723E200D0A202020207B425F626C6F636F397D7B425F626C6F636F31307D7B425F626C6F636F31317D3C2F7461626C653E3C2F74643E3C2F74723E200D0A20203C74723E3C7464206865696768743D2238362220636F6C7370616E3D3230207374796C653D226865696768743A35347078223E3C2F74643E3C2F74723E0D0A20203C74723E0D0A202020203C746420616C69676E3D6C65667420636F6C7370616E3D32303E7B63616D706F5F31327D3C2F74643E3C2F74723E0D0A20203C74723E3C7464206865696768743D223730223E266E6273703B3C2F74643E3C2F74723E0D0A3C74723E0D0A20203C746420616C69676E3D63656E7465723E7B63616D706F5F31337D3C2F74643E3C2F74723E0D0A0D0A20203C2F7461626C653E0D0A20200D0A20200D0A20203C2F74643E3C2F74723E0D0A203C74723E3C746420636F6C7370616E3D3230206865696768743D223430223E266E6273703B3C2F74643E3C2F74723E0D0A3C2F7461626C653E223B733A31303A227B425F626C6F636F337D223B733A303A22223B733A383A227B626C6F636F337D223B733A32323A227B63616D706F5F337D266E6273703B2C266E6273703B223B733A31303A227B425F626C6F636F397D223B733A303A22223B733A383A227B626C6F636F397D223B733A3233363A223C74723E3C7464207374796C653D226865696768743A3870782220636F6C7370616E3D32303E3C2F74643E3C2F74723E20200D0A202020203C74723E3C74643E266E6273703B3C2F74643E3C74643E3C7461626C652077696474683D2231303025222063656C6C73706163696E673D2230222063656C6C70616464696E673D2230223E3C74723E3C74642076616C69676E3D22746F70222077696474683D223230223E3C623E417373756E746F3A3C2F623E266E6273703B3C2F74643E3C74643E7B63616D706F5F397D3C2F74643E3C2F74723E3C2F7461626C653E3C2F74643E3C2F74723E0D0A20202020223B733A31313A227B425F626C6F636F31307D223B733A303A22223B733A393A227B626C6F636F31307D223B733A3233383A223C74723E3C7464207374796C653D226865696768743A3870782220636F6C7370616E3D32303E3C2F74643E3C2F74723E200D0A202020203C74723E3C74643E266E6273703B3C2F74643E3C74643E3C7461626C652077696474683D2231303025222063656C6C73706163696E673D2230222063656C6C70616464696E673D2230223E3C74723E3C74642076616C69676E3D22746F70222077696474683D223230223E3C623E5265663A3C2F623E266E6273703B3C2F74643E0D0A202020203C74643E7B63616D706F5F31307D3C2F74643E3C2F74723E3C2F7461626C653E3C2F74643E3C2F74723E0D0A20202020223B733A31313A227B425F626C6F636F31317D223B733A303A22223B733A393A227B626C6F636F31317D223B733A3134313A223C74723E3C7464207374796C653D226865696768743A3870782220636F6C7370616E3D32303E3C2F74643E3C2F74723E0D0A202020203C74723E3C74643E266E6273703B3C2F74643E0D0A202020203C74642076616C69676E3D22746F70223E3C623E416E65786F3A3C2F623E266E6273703B7B63616D706F5F31317D3C2F74643E3C2F74723E0D0A20202020223B7D733A32303A220054656D706C6174650070726F70657274696573223B613A303A7B7D733A31393A220054656D706C61746500696E7374616E636573223B613A303A7B7D733A31363A220054656D706C61746500626C6F636B73223B613A343A7B693A303B733A363A22626C6F636F33223B693A313B733A363A22626C6F636F39223B693A323B733A373A22626C6F636F3130223B693A333B733A373A22626C6F636F3131223B7D733A31373A220054656D706C61746500706172656E7473223B613A313A7B733A313A222E223B613A343A7B693A303B733A363A22626C6F636F33223B693A313B733A363A22626C6F636F39223B693A323B733A373A22626C6F636F3130223B693A333B733A373A22626C6F636F3131223B7D7D733A31383A220054656D706C617465006163637572617465223B733A303A22223B7D733A333A22716E74223B693A31333B7D,NULL,NULL,'2013-07-14 16:01:35'),
  (3,3,6,0x613A393A7B733A353A2263616D706F223B613A31313A7B693A313B613A353A7B733A343A227469706F223B733A393A226361626563616C686F223B733A353A226461646F73223B733A3235393A223C70207374796C653D22746578742D616C69676E3A2063656E7465723B223E0D0A093C7374726F6E673E4D494E495354264561637574653B52494F204441204445464553413C6272202F3E0D0A094558264561637574653B524349544F2042524153494C4549524F3C6272202F3E0D0A09434F4D414E444F204D494C4954415220444F2053554C3C6272202F3E0D0A0933266F72646D3B20424154414C48264174696C64653B4F20444520434F4D554E4943412643636564696C3B264F74696C64653B45533C6272202F3E0D0A092833266F7264663B204369612054726E73202F2033266F72646D3B204245202F2031393137293C2F7374726F6E673E3C2F703E0D0A223B733A353A226578747261223B733A303A22223B733A383A226C6172675F6D6178223B733A303A22223B733A31313A226F7574726F5F63616D706F223B733A303A22223B7D693A323B613A353A7B733A343A227469706F223B733A363A22636865636172223B733A353A226461646F73223B733A323A226F6E223B733A353A226578747261223B733A303A22223B733A383A226C6172675F6D6178223B733A303A22223B733A31313A226F7574726F5F63616D706F223B733A303A22223B7D693A333B613A353A7B733A343A227469706F223B733A363A22636865636172223B733A353A226461646F73223B4E3B733A353A226578747261223B733A303A22223B733A383A226C6172675F6D6178223B733A303A22223B733A31313A226F7574726F5F63616D706F223B733A303A22223B7D693A343B613A353A7B733A343A227469706F223B733A383A22656E64657265636F223B733A353A226461646F73223B733A31393A224573742E2053657272617269612C2032363830223B733A353A226578747261223B733A32303A227374796C653D2277696474683A33373570783B22223B733A383A226C6172675F6D6178223B733A323A223630223B733A31313A226F7574726F5F63616D706F223B733A303A22223B7D693A353B613A353A7B733A343A227469706F223B733A353A22746578746F223B733A353A226461646F73223B733A343A2230303233223B733A353A226578747261223B733A32303A227374796C653D2277696474683A31353070783B22223B733A383A226C6172675F6D6178223B733A323A223430223B733A31313A226F7574726F5F63616D706F223B733A303A22223B7D693A363B613A353A7B733A343A227469706F223B733A353A22746578746F223B733A353A226461646F73223B733A31343A2232332064652064657A656D62726F223B733A353A226578747261223B733A32303A227374796C653D2277696474683A31353070783B22223B733A383A226C6172675F6D6178223B733A323A223430223B733A31313A226F7574726F5F63616D706F223B733A303A22223B7D693A373B613A353A7B733A343A227469706F223B733A353A22626C6F636F223B733A353A226461646F73223B733A32383A223C703E0D0A09556D206D6F64656C6F206465204D444F3C2F703E0D0A223B733A353A226578747261223B733A303A22223B733A383A226C6172675F6D6178223B733A303A22223B733A31313A226F7574726F5F63616D706F223B733A303A22223B7D693A383B613A353A7B733A343A227469706F223B733A31333A22626C6F636F5F73696D706C6573223B733A353A226461646F73223B4E3B733A353A226578747261223B733A303A22223B733A383A226C6172675F6D6178223B733A303A22223B733A31313A226F7574726F5F63616D706F223B733A303A22223B7D693A393B613A353A7B733A343A227469706F223B733A353A22616E65786F223B733A353A226461646F73223B613A313A7B733A303A22223B733A303A22223B7D733A353A226578747261223B733A303A22223B733A383A226C6172675F6D6178223B733A303A22223B733A31313A226F7574726F5F63616D706F223B733A303A22223B7D693A31303B613A353A7B733A343A227469706F223B733A353A22626C6F636F223B733A353A226461646F73223B4E3B733A353A226578747261223B733A303A22223B733A383A226C6172675F6D6178223B733A303A22223B733A31313A226F7574726F5F63616D706F223B733A303A22223B7D693A31313B613A353A7B733A343A227469706F223B733A353A22746578746F223B733A353A226461646F73223B4E3B733A353A226578747261223B733A303A22223B733A383A226C6172675F6D6178223B733A303A22223B733A31313A226F7574726F5F63616D706F223B733A303A22223B7D7D733A31313A226D6F64656C6F5F7469706F223B733A313A2233223B733A363A2265646963616F223B623A303B733A393A22696D7072657373616F223B623A303B733A393A226D6F64656C6F5F6964223B733A313A2233223B733A393A2270617261677261666F223B693A303B733A31353A226D6F64656C6F5F6461646F735F6964223B693A303B733A383A2274656D706C617465223B4F3A383A2254656D706C617465223A373A7B733A31343A220054656D706C6174650076617273223B613A373A7B693A303B733A373A2263616D706F5F31223B693A313B733A373A2263616D706F5F32223B693A323B733A373A2263616D706F5F33223B693A333B733A373A2263616D706F5F34223B693A343B733A373A2263616D706F5F35223B693A353B733A373A2263616D706F5F36223B693A363B733A373A2263616D706F5F37223B7D733A31363A220054656D706C6174650076616C756573223B613A353A7B733A333A227B2E7D223B733A323336323A223C7461626C652077696474683D22373431222063656C6C73706163696E673D2230222063656C6C70616464696E673D223022207374796C653D22626F726465722D7374796C653A20736F6C69643B20626F726465722D77696474683A203170783B20626F726465722D636F6C6F723A20233030303B223E0D0A20203C74723E0D0A202020203C7464206865696768743D223134352220636F6C7370616E3D22322220616C69676E3D2263656E74657222207374796C653D22626F726465722D7374796C653A20736F6C69643B20626F726465722D77696474683A203070782031707820317078203070783B20626F726465722D636F6C6F723A20233030303B223E3C7374726F6E673E7B63616D706F5F317D3C2F7374726F6E673E3C2F74643E0D0A202020203C74642077696474683D223332332220616C69676E3D2263656E746572222076616C69676E3D22626F74746F6D22207374796C653D22626F726465722D7374796C653A20736F6C69643B20626F726465722D77696474683A203070782030707820317078203070783B20626F726465722D636F6C6F723A20233030303B223E3C7461626C652063656C6C70616464696E673D2230222063656C6C73706163696E673D2230223E3C74723E0D0A2020202020203C7464206865696768743D2231392220636F6C7370616E3D323020616C69676E3D2263656E746572223E3C7374726F6E673E4D2045204E2053204120472045204D266E6273703B266E6273703B266E6273703B266E6273703B266E6273703B202044204920522045205420413C2F7374726F6E673E3C2F74643E3C2F74723E0D0A093C74723E3C746420636F6C7370616E3D3230206865696768743D2235302220616C69676E3D2263656E746572223E266E6273703B3C2F74643E3C2F74723E0D0A2020202020203C74723E0D0A20202020202020203C74642077696474683D22323522206865696768743D2233302220616C69676E3D2263656E74657222207374796C653D22626F726465722D7374796C653A20736F6C69643B20626F726465722D77696474683A203170783B20626F726465722D636F6C6F723A20233030303B223E3C7374726F6E673E7B63616D706F5F327D3C2F7374726F6E673E3C2F74643E3C74642077696474683D223731223E4F46494349414C3C2F74643E3C74642077696474683D223630223E266E6273703B3C2F74643E0D0A202020203C74642077696474683D22323522206865696768743D2233302220616C69676E3D2263656E74657222207374796C653D22626F726465722D7374796C653A20736F6C69643B20626F726465722D77696474683A203170783B20626F726465722D636F6C6F723A20233030303B223E3C7374726F6E673E7B63616D706F5F337D3C2F7374726F6E673E3C2F74643E0D0A202020203C74642077696474683D22313130223E534F4349414C3C2F74643E3C2F7461626C653E3C2F74643E0D0A20203C2F74723E0D0A20203C74723E0D0A202020203C74642077696474683D22333422206865696768743D223130302220616C69676E3D2263656E74657222207374796C653D22626F726465722D7374796C653A20736F6C69643B20626F726465722D77696474683A203070782031707820317078203070783B20626F726465722D636F6C6F723A20233030303B223E453C6272202F3E4E3C6272202F3E443C2F74643E3C74642077696474683D2233373622207374796C653D22626F726465722D7374796C653A20736F6C69643B20626F726465722D77696474683A203070782031707820317078203070783B20626F726465722D636F6C6F723A20233030303B223E7B63616D706F5F347D3C2F74643E0D0A202020203C746420616C69676E3D2263656E746572222076616C69676E3D226D6964646C6522207374796C653D22626F726465722D7374796C653A20736F6C69643B20626F726465722D77696474683A203070782030707820317078203070783B20626F726465722D636F6C6F723A20233030303B223E3C703E564953544F20444F2043484546453C2F703E0D0A2020202020203C703E3C6272202F3E2E2E2E2E2E2E2E2E2E2E2E2E2E2E2E2E2E2E2E2E2E2E2E2E2E2E2E2E2E2E2E2E2E2E2E2E2E2E2E2E2E2E2E2E2E2E2E2E3C2F703E3C2F74643E3C2F74723E0D0A20203C74723E0D0A202020203C7464206865696768743D223232382220726F777370616E3D22322220616C69676E3D2263656E74657222207374796C653D22746578742D616C69676E3A63656E7465723B20626F726465722D7374796C653A20736F6C69643B20626F726465722D77696474683A203070782031707820307078203070783B20626F726465722D636F6C6F723A20233030303B223E543C6272202F3E453C6272202F3E583C6272202F3E543C6272202F3E4F3C2F74643E3C7464206865696768743D2233332220636F6C7370616E3D2232222076616C69676E3D2263656E74657222207374796C653D22626F726465722D7374796C653A20736F6C69643B20626F726465722D77696474683A203070782030707820317078203070783B20626F726465722D636F6C6F723A20233030303B223E7B425F626C6F636F357D266E6273703B7B425F626C6F636F367D3C2F74643E0D0A20203C2F74723E0D0A20203C74723E0D0A202020203C7464206865696768743D223336372220636F6C7370616E3D2232222076616C69676E3D22746F7022207374796C653D22626F726465722D7374796C653A20736F6C69643B20626F726465722D77696474683A203070782030707820307078203070783B20626F726465722D636F6C6F723A20233030303B223E7B63616D706F5F377D3C2F74643E0D0A20203C2F74723E0D0A20203C74723E0D0A202020203C7464206865696768743D2234312220636F6C7370616E3D2233222076616C69676E3D22626F74746F6D22207374796C653D22626F726465722D7374796C653A20736F6C69643B20626F726465722D77696474683A203170782030707820307078203070783B20626F726465722D636F6C6F723A20233030303B223E266E6273703B266E6273703B266E6273703B266E6273703B417373696E617475726120646F20457870656469646F723A202E2E2E2E2E2E2E2E2E2E2E2E2E2E2E2E2E2E2E2E2E2E2E2E2E2E2E2E2E2E2E2E2E2E2E2E2E2E2E2E2E2E2E2E2E2E2E2E2E2E2E2E2E2E2E2E2E2E2E2E2E2E2E2E2E2E2E3C2F74643E0D0A20203C2F74723E0D0A3C2F7461626C653E223B733A31303A227B425F626C6F636F357D223B733A303A22223B733A383A227B626C6F636F357D223B733A31323A224EBA207B63616D706F5F357D223B733A31303A227B425F626C6F636F367D223B733A303A22223B733A383A227B626C6F636F367D223B733A31323A226465207B63616D706F5F367D223B7D733A32303A220054656D706C6174650070726F70657274696573223B613A303A7B7D733A31393A220054656D706C61746500696E7374616E636573223B613A303A7B7D733A31363A220054656D706C61746500626C6F636B73223B613A323A7B693A303B733A363A22626C6F636F35223B693A313B733A363A22626C6F636F36223B7D733A31373A220054656D706C61746500706172656E7473223B613A313A7B733A313A222E223B613A323A7B693A303B733A363A22626C6F636F35223B693A313B733A363A22626C6F636F36223B7D7D733A31383A220054656D706C617465006163637572617465223B733A303A22223B7D733A333A22716E74223B693A31313B7D,NULL,NULL,'2013-07-25 18:47:45'),
  (4,1,6,0x613A393A7B733A353A2263616D706F223B613A31333A7B693A313B613A353A7B733A343A227469706F223B733A393A226361626563616C686F223B733A353A226461646F73223B733A3235393A223C70207374796C653D22746578742D616C69676E3A2063656E7465723B223E0D0A093C7374726F6E673E4D494E495354264561637574653B52494F204441204445464553413C6272202F3E0D0A094558264561637574653B524349544F2042524153494C4549524F3C6272202F3E0D0A09434F4D414E444F204D494C4954415220444F2053554C3C6272202F3E0D0A0933266F72646D3B20424154414C48264174696C64653B4F20444520434F4D554E4943412643636564696C3B264F74696C64653B45533C6272202F3E0D0A092833266F7264663B204369612054726E73202F2033266F72646D3B204245202F2031393137293C2F7374726F6E673E3C2F703E0D0A223B733A353A226578747261223B733A303A22223B733A383A226C6172675F6D6178223B733A303A22223B733A31313A226F7574726F5F63616D706F223B733A303A22223B7D693A323B613A353A7B733A343A227469706F223B733A393A2270726F746F636F6C6F223B733A353A226461646F73223B4E3B733A353A226578747261223B733A303A22223B733A383A226C6172675F6D6178223B733A303A22223B733A31313A226F7574726F5F63616D706F223B733A303A22223B7D693A333B613A353A7B733A343A227469706F223B733A363A22636964616465223B733A353A226461646F73223B733A31323A22506F72746F20416C65677265223B733A353A226578747261223B733A303A22223B733A383A226C6172675F6D6178223B733A303A22223B733A31313A226F7574726F5F63616D706F223B733A303A22223B7D693A343B613A353A7B733A343A227469706F223B733A343A2264617461223B733A353A226461646F73223B733A383A223230313030373134223B733A353A226578747261223B733A303A22223B733A383A226C6172675F6D6178223B733A303A22223B733A31313A226F7574726F5F63616D706F223B733A303A22223B7D693A353B613A353A7B733A343A227469706F223B733A323A22646F223B733A353A226461646F73223B733A323A22446F223B733A353A226578747261223B733A303A22223B733A383A226C6172675F6D6178223B733A303A22223B733A31313A226F7574726F5F63616D706F223B733A303A22223B7D693A363B613A353A7B733A343A227469706F223B733A393A2272656D6574656E7465223B733A353A226461646F73223B613A323A7B693A303B733A303A22223B693A313B733A353A2261646D696E223B7D733A353A226578747261223B733A303A22223B733A383A226C6172675F6D6178223B733A323A223437223B733A31313A226F7574726F5F63616D706F223B733A303A22223B7D693A373B613A353A7B733A343A227469706F223B733A323A22616F223B733A353A226461646F73223B733A323A22416F223B733A353A226578747261223B733A303A22223B733A383A226C6172675F6D6178223B733A303A22223B733A31313A226F7574726F5F63616D706F223B733A303A22223B7D693A383B613A353A7B733A343A227469706F223B733A31333A2264657374696E61746172696F73223B733A353A226461646F73223B613A323A7B693A303B733A303A22223B693A313B613A323A7B693A303B733A333A22313333223B693A313B733A383A2253436D742042746C223B7D7D733A353A226578747261223B733A32303A227374796C653D2277696474683A32393070783B22223B733A383A226C6172675F6D6178223B733A323A223437223B733A31313A226F7574726F5F63616D706F223B733A303A22223B7D693A393B613A353A7B733A343A227469706F223B733A31333A22626C6F636F5F73696D706C6573223B733A353A226461646F73223B733A31383A22546573746520646520646F63756D656E746F223B733A353A226578747261223B733A32303A227374796C653D2277696474683A32373070783B22223B733A383A226C6172675F6D6178223B733A323A223434223B733A31313A226F7574726F5F63616D706F223B733A303A22223B7D693A31303B613A353A7B733A343A227469706F223B733A31333A22626C6F636F5F73696D706C6573223B733A353A226461646F73223B733A303A22223B733A353A226578747261223B733A32303A227374796C653D2277696474683A33303070783B22223B733A383A226C6172675F6D6178223B733A323A223439223B733A31313A226F7574726F5F63616D706F223B733A303A22223B7D693A31313B613A353A7B733A343A227469706F223B733A353A22616E65786F223B733A353A226461646F73223B613A313A7B693A333B733A31393A224D444F202D204D6F64656C6F206465204D444F223B7D733A353A226578747261223B733A303A22223B733A383A226C6172675F6D6178223B733A303A22223B733A31313A226F7574726F5F63616D706F223B733A303A22223B7D693A31323B613A353A7B733A343A227469706F223B733A353A22626C6F636F223B733A353A226461646F73223B733A3137303A223C703E0D0A09416C746572612663636564696C3B266F74696C64653B657320666F72616D20666569746173206E6573746520646F63756D656E746F2070656C6F2053332E20416F2063686563617220617320616C746572612663636564696C3B266F74696C64653B657320616E746572696F72657320266561637574653B20706F7373266961637574653B76656C20766572206F20746578746F206F726967696E616C2E3C2F703E0D0A223B733A353A226578747261223B733A303A22223B733A383A226C6172675F6D6178223B733A303A22223B733A31313A226F7574726F5F63616D706F223B733A303A22223B7D693A31333B613A353A7B733A343A227469706F223B733A31313A22696D706564696D656E746F223B733A353A226461646F73223B613A353A7B693A303B733A303A22223B693A313B733A333A2253722E223B693A323B733A31333A2241646D696E6973747261646F72223B693A333B733A353A2261646D696E223B693A373B733A313A2231223B7D733A353A226578747261223B733A303A22223B733A383A226C6172675F6D6178223B733A303A22223B733A31313A226F7574726F5F63616D706F223B733A303A22223B7D7D733A31313A226D6F64656C6F5F7469706F223B733A313A2231223B733A363A2265646963616F223B623A303B733A393A22696D7072657373616F223B623A303B733A393A226D6F64656C6F5F6964223B733A313A2231223B733A393A2270617261677261666F223B693A303B733A31353A226D6F64656C6F5F6461646F735F6964223B693A303B733A383A2274656D706C617465223B4F3A383A2254656D706C617465223A373A7B733A31343A220054656D706C6174650076617273223B613A31333A7B693A303B733A373A2263616D706F5F31223B693A313B733A373A2263616D706F5F33223B693A323B733A373A2263616D706F5F34223B693A333B733A373A2263616D706F5F32223B693A343B733A373A2263616D706F5F35223B693A353B733A373A2263616D706F5F36223B693A363B733A373A2263616D706F5F37223B693A373B733A373A2263616D706F5F38223B693A383B733A373A2263616D706F5F39223B693A393B733A383A2263616D706F5F3130223B693A31303B733A383A2263616D706F5F3131223B693A31313B733A383A2263616D706F5F3132223B693A31323B733A383A2263616D706F5F3133223B7D733A31363A220054656D706C6174650076616C756573223B613A393A7B733A333A227B2E7D223B733A313434343A223C7461626C652077696474683D22373530222063656C6C73706163696E673D2230222063656C6C70616464696E673D22302220616C69676E3D2263656E746572223E0D0A20203C74723E3C746420636F6C7370616E3D323020616C69676E3D63656E7465723E3C696D67207372633D222E2F6D6F64756C6F732F656D61696C2F6D6F64656C6F732F312F696D6167656E732F62726173616F5F72657075626C6963612E6769662220616C743D222220626F726465723D223022202F3E3C2F74643E3C2F74723E0D0A20203C74723E0D0A202020203C746420636F6C7370616E3D32303E7B63616D706F5F317D3C2F74643E3C2F74723E0D0A20203C74723E3C74642077696474683D223130223E266E6273703B3C2F74643E3C74642077696474683D22373338223E0D0A20200D0A20200D0A20203C7461626C652077696474683D2231303025222063656C6C73706163696E673D2230222063656C6C70616464696E673D2230223E0D0A0D0A20200D0A20203C74723E3C7464207374796C653D226865696768743A38307078223E266E6273703B3C2F74643E3C2F74723E0D0A20203C74723E3C74642077696474683D313030253E3C7461626C652077696474683D313030253E200D0A2020202020203C74723E3C74642077696474683D3435253E266E6273703B3C2F74643E3C7464207374796C653D22666F6E742D7765696768743A626F6C643B223E7B425F626C6F636F337D7B63616D706F5F347D3C2F74643E3C2F74723E0D0A20203C74723E3C74643E3C7461626C652063656C6C73706163696E673D2230222063656C6C70616464696E673D2230223E3C7472207374796C653D22666F6E742D7765696768743A626F6C643B223E0D0A202020202020202020203C7464206865696768743D223330223E5061727465266E6273703B3C2F74643E3C74643E7B63616D706F5F327D3C2F74643E3C2F74723E3C2F7461626C653E3C2F74643E3C74643E266E6273703B3C2F74643E3C2F74723E0D0A2020200D0A2020200D0A2020200D0A202020203C74723E0D0A2020202020203C74643E266E6273703B3C2F74643E3C74643E3C623E7B63616D706F5F357D3C2F623E266E6273703B7B63616D706F5F367D3C2F74643E3C2F74723E200D0A202020200D0A093C74723E3C7464207374796C653D226865696768743A3870782220636F6C7370616E3D32303E3C2F74643E3C2F74723E0D0A202020200D0A202020203C74723E3C74643E266E6273703B3C2F74643E3C74643E3C7461626C652077696474683D2231303025222063656C6C73706163696E673D2230222063656C6C70616464696E673D2230223E0D0A20202020093C74723E3C74642076616C69676E3D22746F70222077696474683D223230223E3C623E7B63616D706F5F377D3C2F623E266E6273703B3C2F74643E3C74643E7B63616D706F5F387D3C2F74643E3C2F74723E3C2F7461626C653E3C2F74643E3C2F74723E200D0A202020207B425F626C6F636F397D7B425F626C6F636F31307D7B425F626C6F636F31317D3C2F7461626C653E3C2F74643E3C2F74723E200D0A20203C74723E3C7464206865696768743D2238362220636F6C7370616E3D3230207374796C653D226865696768743A35347078223E3C2F74643E3C2F74723E0D0A20203C74723E0D0A202020203C746420616C69676E3D6C65667420636F6C7370616E3D32303E7B63616D706F5F31327D3C2F74643E3C2F74723E0D0A20203C74723E3C7464206865696768743D223730223E266E6273703B3C2F74643E3C2F74723E0D0A3C74723E0D0A20203C746420616C69676E3D63656E7465723E7B63616D706F5F31337D3C2F74643E3C2F74723E0D0A0D0A20203C2F7461626C653E0D0A20200D0A20200D0A20203C2F74643E3C2F74723E0D0A203C74723E3C746420636F6C7370616E3D3230206865696768743D223430223E266E6273703B3C2F74643E3C2F74723E0D0A3C2F7461626C653E223B733A31303A227B425F626C6F636F337D223B733A303A22223B733A383A227B626C6F636F337D223B733A32323A227B63616D706F5F337D266E6273703B2C266E6273703B223B733A31303A227B425F626C6F636F397D223B733A303A22223B733A383A227B626C6F636F397D223B733A3233363A223C74723E3C7464207374796C653D226865696768743A3870782220636F6C7370616E3D32303E3C2F74643E3C2F74723E20200D0A202020203C74723E3C74643E266E6273703B3C2F74643E3C74643E3C7461626C652077696474683D2231303025222063656C6C73706163696E673D2230222063656C6C70616464696E673D2230223E3C74723E3C74642076616C69676E3D22746F70222077696474683D223230223E3C623E417373756E746F3A3C2F623E266E6273703B3C2F74643E3C74643E7B63616D706F5F397D3C2F74643E3C2F74723E3C2F7461626C653E3C2F74643E3C2F74723E0D0A20202020223B733A31313A227B425F626C6F636F31307D223B733A303A22223B733A393A227B626C6F636F31307D223B733A3233383A223C74723E3C7464207374796C653D226865696768743A3870782220636F6C7370616E3D32303E3C2F74643E3C2F74723E200D0A202020203C74723E3C74643E266E6273703B3C2F74643E3C74643E3C7461626C652077696474683D2231303025222063656C6C73706163696E673D2230222063656C6C70616464696E673D2230223E3C74723E3C74642076616C69676E3D22746F70222077696474683D223230223E3C623E5265663A3C2F623E266E6273703B3C2F74643E0D0A202020203C74643E7B63616D706F5F31307D3C2F74643E3C2F74723E3C2F7461626C653E3C2F74643E3C2F74723E0D0A20202020223B733A31313A227B425F626C6F636F31317D223B733A303A22223B733A393A227B626C6F636F31317D223B733A3134313A223C74723E3C7464207374796C653D226865696768743A3870782220636F6C7370616E3D32303E3C2F74643E3C2F74723E0D0A202020203C74723E3C74643E266E6273703B3C2F74643E0D0A202020203C74642076616C69676E3D22746F70223E3C623E416E65786F3A3C2F623E266E6273703B7B63616D706F5F31317D3C2F74643E3C2F74723E0D0A20202020223B7D733A32303A220054656D706C6174650070726F70657274696573223B613A303A7B7D733A31393A220054656D706C61746500696E7374616E636573223B613A303A7B7D733A31363A220054656D706C61746500626C6F636B73223B613A343A7B693A303B733A363A22626C6F636F33223B693A313B733A363A22626C6F636F39223B693A323B733A373A22626C6F636F3130223B693A333B733A373A22626C6F636F3131223B7D733A31373A220054656D706C61746500706172656E7473223B613A313A7B733A313A222E223B613A343A7B693A303B733A363A22626C6F636F33223B693A313B733A363A22626C6F636F39223B693A323B733A373A22626C6F636F3130223B693A333B733A373A22626C6F636F3131223B7D7D733A31383A220054656D706C617465006163637572617465223B733A303A22223B7D733A333A22716E74223B693A31333B7D,NULL,NULL,'2013-07-25 23:30:47'),
  (5,1,6,0x613A393A7B733A353A2263616D706F223B613A31333A7B693A313B613A353A7B733A343A227469706F223B733A393A226361626563616C686F223B733A353A226461646F73223B733A3235393A223C70207374796C653D22746578742D616C69676E3A2063656E7465723B223E0D0A093C7374726F6E673E4D494E495354264561637574653B52494F204441204445464553413C6272202F3E0D0A094558264561637574653B524349544F2042524153494C4549524F3C6272202F3E0D0A09434F4D414E444F204D494C4954415220444F2053554C3C6272202F3E0D0A0933266F72646D3B20424154414C48264174696C64653B4F20444520434F4D554E4943412643636564696C3B264F74696C64653B45533C6272202F3E0D0A092833266F7264663B204369612054726E73202F2033266F72646D3B204245202F2031393137293C2F7374726F6E673E3C2F703E0D0A223B733A353A226578747261223B733A303A22223B733A383A226C6172675F6D6178223B733A303A22223B733A31313A226F7574726F5F63616D706F223B733A303A22223B7D693A323B613A353A7B733A343A227469706F223B733A393A2270726F746F636F6C6F223B733A353A226461646F73223B4E3B733A353A226578747261223B733A303A22223B733A383A226C6172675F6D6178223B733A303A22223B733A31313A226F7574726F5F63616D706F223B733A303A22223B7D693A333B613A353A7B733A343A227469706F223B733A363A22636964616465223B733A353A226461646F73223B733A31323A22506F72746F20416C65677265223B733A353A226578747261223B733A303A22223B733A383A226C6172675F6D6178223B733A303A22223B733A31313A226F7574726F5F63616D706F223B733A303A22223B7D693A343B613A353A7B733A343A227469706F223B733A343A2264617461223B733A353A226461646F73223B733A383A223230313030373134223B733A353A226578747261223B733A303A22223B733A383A226C6172675F6D6178223B733A303A22223B733A31313A226F7574726F5F63616D706F223B733A303A22223B7D693A353B613A353A7B733A343A227469706F223B733A323A22646F223B733A353A226461646F73223B733A323A22446F223B733A353A226578747261223B733A303A22223B733A383A226C6172675F6D6178223B733A303A22223B733A31313A226F7574726F5F63616D706F223B733A303A22223B7D693A363B613A353A7B733A343A227469706F223B733A393A2272656D6574656E7465223B733A353A226461646F73223B613A323A7B693A303B733A303A22223B693A313B733A353A2261646D696E223B7D733A353A226578747261223B733A303A22223B733A383A226C6172675F6D6178223B733A323A223437223B733A31313A226F7574726F5F63616D706F223B733A303A22223B7D693A373B613A353A7B733A343A227469706F223B733A323A22616F223B733A353A226461646F73223B733A323A22416F223B733A353A226578747261223B733A303A22223B733A383A226C6172675F6D6178223B733A303A22223B733A31313A226F7574726F5F63616D706F223B733A303A22223B7D693A383B613A353A7B733A343A227469706F223B733A31333A2264657374696E61746172696F73223B733A353A226461646F73223B613A323A7B693A303B733A303A22223B693A313B613A323A7B693A303B733A333A22313333223B693A313B733A383A2253436D742042746C223B7D7D733A353A226578747261223B733A32303A227374796C653D2277696474683A32393070783B22223B733A383A226C6172675F6D6178223B733A323A223437223B733A31313A226F7574726F5F63616D706F223B733A303A22223B7D693A393B613A353A7B733A343A227469706F223B733A31333A22626C6F636F5F73696D706C6573223B733A353A226461646F73223B733A31383A22546573746520646520646F63756D656E746F223B733A353A226578747261223B733A32303A227374796C653D2277696474683A32373070783B22223B733A383A226C6172675F6D6178223B733A323A223434223B733A31313A226F7574726F5F63616D706F223B733A303A22223B7D693A31303B613A353A7B733A343A227469706F223B733A31333A22626C6F636F5F73696D706C6573223B733A353A226461646F73223B733A303A22223B733A353A226578747261223B733A32303A227374796C653D2277696474683A33303070783B22223B733A383A226C6172675F6D6178223B733A323A223439223B733A31313A226F7574726F5F63616D706F223B733A303A22223B7D693A31313B613A353A7B733A343A227469706F223B733A353A22616E65786F223B733A353A226461646F73223B613A313A7B693A333B733A31393A224D444F202D204D6F64656C6F206465204D444F223B7D733A353A226578747261223B733A303A22223B733A383A226C6172675F6D6178223B733A303A22223B733A31313A226F7574726F5F63616D706F223B733A303A22223B7D693A31323B613A353A7B733A343A227469706F223B733A353A22626C6F636F223B733A353A226461646F73223B733A3137303A223C703E0D0A09416C746572612663636564696C3B266F74696C64653B657320666F72616D20666569746173206E6573746520646F63756D656E746F2070656C6F2053332E20416F2063686563617220617320616C746572612663636564696C3B266F74696C64653B657320616E746572696F72657320266561637574653B20706F7373266961637574653B76656C20766572206F20746578746F206F726967696E616C2E3C2F703E0D0A223B733A353A226578747261223B733A303A22223B733A383A226C6172675F6D6178223B733A303A22223B733A31313A226F7574726F5F63616D706F223B733A303A22223B7D693A31333B613A353A7B733A343A227469706F223B733A31313A22696D706564696D656E746F223B733A353A226461646F73223B613A353A7B693A303B733A303A22223B693A313B733A333A2253722E223B693A323B733A31333A2241646D696E6973747261646F72223B693A333B733A353A2261646D696E223B693A373B733A313A2231223B7D733A353A226578747261223B733A303A22223B733A383A226C6172675F6D6178223B733A303A22223B733A31313A226F7574726F5F63616D706F223B733A303A22223B7D7D733A31313A226D6F64656C6F5F7469706F223B733A313A2231223B733A363A2265646963616F223B623A303B733A393A22696D7072657373616F223B623A303B733A393A226D6F64656C6F5F6964223B733A313A2231223B733A393A2270617261677261666F223B693A303B733A31353A226D6F64656C6F5F6461646F735F6964223B693A303B733A383A2274656D706C617465223B4F3A383A2254656D706C617465223A373A7B733A31343A220054656D706C6174650076617273223B613A31333A7B693A303B733A373A2263616D706F5F31223B693A313B733A373A2263616D706F5F33223B693A323B733A373A2263616D706F5F34223B693A333B733A373A2263616D706F5F32223B693A343B733A373A2263616D706F5F35223B693A353B733A373A2263616D706F5F36223B693A363B733A373A2263616D706F5F37223B693A373B733A373A2263616D706F5F38223B693A383B733A373A2263616D706F5F39223B693A393B733A383A2263616D706F5F3130223B693A31303B733A383A2263616D706F5F3131223B693A31313B733A383A2263616D706F5F3132223B693A31323B733A383A2263616D706F5F3133223B7D733A31363A220054656D706C6174650076616C756573223B613A393A7B733A333A227B2E7D223B733A313434343A223C7461626C652077696474683D22373530222063656C6C73706163696E673D2230222063656C6C70616464696E673D22302220616C69676E3D2263656E746572223E0D0A20203C74723E3C746420636F6C7370616E3D323020616C69676E3D63656E7465723E3C696D67207372633D222E2F6D6F64756C6F732F656D61696C2F6D6F64656C6F732F312F696D6167656E732F62726173616F5F72657075626C6963612E6769662220616C743D222220626F726465723D223022202F3E3C2F74643E3C2F74723E0D0A20203C74723E0D0A202020203C746420636F6C7370616E3D32303E7B63616D706F5F317D3C2F74643E3C2F74723E0D0A20203C74723E3C74642077696474683D223130223E266E6273703B3C2F74643E3C74642077696474683D22373338223E0D0A20200D0A20200D0A20203C7461626C652077696474683D2231303025222063656C6C73706163696E673D2230222063656C6C70616464696E673D2230223E0D0A0D0A20200D0A20203C74723E3C7464207374796C653D226865696768743A38307078223E266E6273703B3C2F74643E3C2F74723E0D0A20203C74723E3C74642077696474683D313030253E3C7461626C652077696474683D313030253E200D0A2020202020203C74723E3C74642077696474683D3435253E266E6273703B3C2F74643E3C7464207374796C653D22666F6E742D7765696768743A626F6C643B223E7B425F626C6F636F337D7B63616D706F5F347D3C2F74643E3C2F74723E0D0A20203C74723E3C74643E3C7461626C652063656C6C73706163696E673D2230222063656C6C70616464696E673D2230223E3C7472207374796C653D22666F6E742D7765696768743A626F6C643B223E0D0A202020202020202020203C7464206865696768743D223330223E5061727465266E6273703B3C2F74643E3C74643E7B63616D706F5F327D3C2F74643E3C2F74723E3C2F7461626C653E3C2F74643E3C74643E266E6273703B3C2F74643E3C2F74723E0D0A2020200D0A2020200D0A2020200D0A202020203C74723E0D0A2020202020203C74643E266E6273703B3C2F74643E3C74643E3C623E7B63616D706F5F357D3C2F623E266E6273703B7B63616D706F5F367D3C2F74643E3C2F74723E200D0A202020200D0A093C74723E3C7464207374796C653D226865696768743A3870782220636F6C7370616E3D32303E3C2F74643E3C2F74723E0D0A202020200D0A202020203C74723E3C74643E266E6273703B3C2F74643E3C74643E3C7461626C652077696474683D2231303025222063656C6C73706163696E673D2230222063656C6C70616464696E673D2230223E0D0A20202020093C74723E3C74642076616C69676E3D22746F70222077696474683D223230223E3C623E7B63616D706F5F377D3C2F623E266E6273703B3C2F74643E3C74643E7B63616D706F5F387D3C2F74643E3C2F74723E3C2F7461626C653E3C2F74643E3C2F74723E200D0A202020207B425F626C6F636F397D7B425F626C6F636F31307D7B425F626C6F636F31317D3C2F7461626C653E3C2F74643E3C2F74723E200D0A20203C74723E3C7464206865696768743D2238362220636F6C7370616E3D3230207374796C653D226865696768743A35347078223E3C2F74643E3C2F74723E0D0A20203C74723E0D0A202020203C746420616C69676E3D6C65667420636F6C7370616E3D32303E7B63616D706F5F31327D3C2F74643E3C2F74723E0D0A20203C74723E3C7464206865696768743D223730223E266E6273703B3C2F74643E3C2F74723E0D0A3C74723E0D0A20203C746420616C69676E3D63656E7465723E7B63616D706F5F31337D3C2F74643E3C2F74723E0D0A0D0A20203C2F7461626C653E0D0A20200D0A20200D0A20203C2F74643E3C2F74723E0D0A203C74723E3C746420636F6C7370616E3D3230206865696768743D223430223E266E6273703B3C2F74643E3C2F74723E0D0A3C2F7461626C653E223B733A31303A227B425F626C6F636F337D223B733A303A22223B733A383A227B626C6F636F337D223B733A32323A227B63616D706F5F337D266E6273703B2C266E6273703B223B733A31303A227B425F626C6F636F397D223B733A303A22223B733A383A227B626C6F636F397D223B733A3233363A223C74723E3C7464207374796C653D226865696768743A3870782220636F6C7370616E3D32303E3C2F74643E3C2F74723E20200D0A202020203C74723E3C74643E266E6273703B3C2F74643E3C74643E3C7461626C652077696474683D2231303025222063656C6C73706163696E673D2230222063656C6C70616464696E673D2230223E3C74723E3C74642076616C69676E3D22746F70222077696474683D223230223E3C623E417373756E746F3A3C2F623E266E6273703B3C2F74643E3C74643E7B63616D706F5F397D3C2F74643E3C2F74723E3C2F7461626C653E3C2F74643E3C2F74723E0D0A20202020223B733A31313A227B425F626C6F636F31307D223B733A303A22223B733A393A227B626C6F636F31307D223B733A3233383A223C74723E3C7464207374796C653D226865696768743A3870782220636F6C7370616E3D32303E3C2F74643E3C2F74723E200D0A202020203C74723E3C74643E266E6273703B3C2F74643E3C74643E3C7461626C652077696474683D2231303025222063656C6C73706163696E673D2230222063656C6C70616464696E673D2230223E3C74723E3C74642076616C69676E3D22746F70222077696474683D223230223E3C623E5265663A3C2F623E266E6273703B3C2F74643E0D0A202020203C74643E7B63616D706F5F31307D3C2F74643E3C2F74723E3C2F7461626C653E3C2F74643E3C2F74723E0D0A20202020223B733A31313A227B425F626C6F636F31317D223B733A303A22223B733A393A227B626C6F636F31317D223B733A3134313A223C74723E3C7464207374796C653D226865696768743A3870782220636F6C7370616E3D32303E3C2F74643E3C2F74723E0D0A202020203C74723E3C74643E266E6273703B3C2F74643E0D0A202020203C74642076616C69676E3D22746F70223E3C623E416E65786F3A3C2F623E266E6273703B7B63616D706F5F31317D3C2F74643E3C2F74723E0D0A20202020223B7D733A32303A220054656D706C6174650070726F70657274696573223B613A303A7B7D733A31393A220054656D706C61746500696E7374616E636573223B613A303A7B7D733A31363A220054656D706C61746500626C6F636B73223B613A343A7B693A303B733A363A22626C6F636F33223B693A313B733A363A22626C6F636F39223B693A323B733A373A22626C6F636F3130223B693A333B733A373A22626C6F636F3131223B7D733A31373A220054656D706C61746500706172656E7473223B613A313A7B733A313A222E223B613A343A7B693A303B733A363A22626C6F636F33223B693A313B733A363A22626C6F636F39223B693A323B733A373A22626C6F636F3130223B693A333B733A373A22626C6F636F3131223B7D7D733A31383A220054656D706C617465006163637572617465223B733A303A22223B7D733A333A22716E74223B693A31333B7D,NULL,NULL,'2013-07-25 23:31:51');

INSERT INTO msg (msg_id, de_id, chave_publica, precedencia, class_sigilosa, referencia, texto, cripto, cm, data_envio, nome_de, funcao_de, assinatura) VALUES
  (1,1,NULL,0,0,'Mensagem de boas-vindas','<h2><strong><span style=\"color: rgb(255, 0, 0);\">Bem vindo ao GP-Web!</span></strong></h2><p>O mesmo tem diversas funcionalidades que poder&atilde;o ser conferidas ao acessar a apresenta&ccedil;&atilde;o em powerpoint no site: <a href=\"http://204.40.165.165/demo\">204.40.165.165/demo</a></p>',0,'0','2016-07-14 15:22:42','Administrador','admin',''),
  (2,1,NULL,0,0,'Msg criptografada. Senha: brasil',NULL,2,'0','2016-01-14 15:25:25','Administrador','admin',''),
  (3,1,NULL,0,0,'Exemplo de Msg com múltiplos despachos, respostas e anotações','<p>Solicito o plano de f&eacute;rias de cada chefe de se&ccedil;&atilde;o</p>',0,'0','2016-01-14 15:28:01','Administrador','admin',''),
  (4,1,NULL,0,0,'Novo evento Evento: Reu de avaliação','<b>Evento:</b>Reu de avaliação<br />\n <a href=\"javascript:void(0);\" onclick=\"url_passar(0, ''m=calendario&a=ver&evento_id=4'');>Clique aqui para acessar</a><br />\n<b>Início:</b>29/07/2012 08:00<br />\n<b>Término:</b>29/07/2012 10:00<br />\n<b>Projeto:</b>Quadra coberta<br />\n<b>Tipo:</b>Geral<br />\n<b>Usuários:</b>Pires Filho, Fantine, Assumpção, Reinert, Rossano, Spalding, Minato, Administrador<br />\n<br />\nReunião para verificar o andamento do projeto da quadra<br />\n',0,'','2016-01-24 19:31:41','Administrador','admin',NULL),
  (5,1,NULL,0,0,'Novo evento Evento: Reu de avaliação','<b>Evento:</b>Reu de avaliação<br />\n <a href=\"javascript:void(0);\" onclick=\"url_passar(0, ''m=calendario&a=ver&evento_id=4'');>Clique aqui para acessar</a><br />\n<b>Início:</b>29/07/2012 08:00<br />\n<b>Término:</b>29/07/2012 10:00<br />\n<b>Projeto:</b>Quadra coberta<br />\n<b>Tipo:</b>Geral<br />\n<b>Usuários:</b>Pires Filho, Fantine, Assumpção, Reinert, Rossano, Spalding, Minato, Administrador<br />\n<br />\nReunião para verificar o andamento do projeto da quadra<br />\n',0,'','2016-01-24 19:31:42','Administrador','admin',NULL),
  (6,1,NULL,0,0,'Novo evento Evento: Reu de avaliação','<b>Evento:</b>Reu de avaliação<br />\n <a href=\"javascript:void(0);\" onclick=\"url_passar(0, ''m=calendario&a=ver&evento_id=4'');>Clique aqui para acessar</a><br />\n<b>Início:</b>29/07/2012 08:00<br />\n<b>Término:</b>29/07/2012 10:00<br />\n<b>Projeto:</b>Quadra coberta<br />\n<b>Tipo:</b>Geral<br />\n<b>Usuários:</b>Pires Filho, Fantine, Assumpção, Reinert, Rossano, Spalding, Minato, Administrador<br />\n<br />\nReunião para verificar o andamento do projeto da quadra<br />\n',0,'','2016-01-24 19:31:42','Administrador','admin',NULL),
  (7,1,NULL,0,0,'Novo evento Evento: Reu de avaliação','<b>Evento:</b>Reu de avaliação<br />\n <a href=\"javascript:void(0);\" onclick=\"url_passar(0, ''m=calendario&a=ver&evento_id=4'');>Clique aqui para acessar</a><br />\n<b>Início:</b>29/07/2012 08:00<br />\n<b>Término:</b>29/07/2012 10:00<br />\n<b>Projeto:</b>Quadra coberta<br />\n<b>Tipo:</b>Geral<br />\n<b>Usuários:</b>Pires Filho, Fantine, Assumpção, Reinert, Rossano, Spalding, Minato, Administrador<br />\n<br />\nReunião para verificar o andamento do projeto da quadra<br />\n',0,'','2016-01-24 19:31:42','Administrador','admin',NULL),
  (8,1,NULL,0,0,'Novo evento Evento: Reu de avaliação','<b>Evento:</b>Reu de avaliação<br />\n <a href=\"javascript:void(0);\" onclick=\"url_passar(0, ''m=calendario&a=ver&evento_id=4'');>Clique aqui para acessar</a><br />\n<b>Início:</b>29/07/2012 08:00<br />\n<b>Término:</b>29/07/2012 10:00<br />\n<b>Projeto:</b>Quadra coberta<br />\n<b>Tipo:</b>Geral<br />\n<b>Usuários:</b>Pires Filho, Fantine, Assumpção, Reinert, Rossano, Spalding, Minato, Administrador<br />\n<br />\nReunião para verificar o andamento do projeto da quadra<br />\n',0,'','2016-01-24 19:31:42','Administrador','admin',NULL),
  (9,1,NULL,0,0,'Novo evento Evento: Reu de avaliação','<b>Evento:</b>Reu de avaliação<br />\n <a href=\"javascript:void(0);\" onclick=\"url_passar(0, ''m=calendario&a=ver&evento_id=4'');>Clique aqui para acessar</a><br />\n<b>Início:</b>29/07/2012 08:00<br />\n<b>Término:</b>29/07/2012 10:00<br />\n<b>Projeto:</b>Quadra coberta<br />\n<b>Tipo:</b>Geral<br />\n<b>Usuários:</b>Pires Filho, Fantine, Assumpção, Reinert, Rossano, Spalding, Minato, Administrador<br />\n<br />\nReunião para verificar o andamento do projeto da quadra<br />\n',0,'','2016-01-24 19:31:42','Administrador','admin',NULL),
  (10,1,NULL,0,0,'Novo evento Evento: Reu de avaliação','<b>Evento:</b>Reu de avaliação<br />\n <a href=\"javascript:void(0);\" onclick=\"url_passar(0, ''m=calendario&a=ver&evento_id=4'');>Clique aqui para acessar</a><br />\n<b>Início:</b>29/07/2012 08:00<br />\n<b>Término:</b>29/07/2012 10:00<br />\n<b>Projeto:</b>Quadra coberta<br />\n<b>Tipo:</b>Geral<br />\n<b>Usuários:</b>Pires Filho, Fantine, Assumpção, Reinert, Rossano, Spalding, Minato, Administrador<br />\n<br />\nReunião para verificar o andamento do projeto da quadra<br />\n',0,'','2016-01-24 19:31:42','Administrador','admin',NULL),
  (11,1,NULL,0,0,'Quadra coberta - Modelo Quadra - quadra_simples.jpg','<b>Projeto:</b> Quadra coberta<br />\n<a href=\"javascript:void(0);\" onclick=\"url_passar(0, ''m=projetos&a=ver&projeto_id=1'');>Clique aqui para acessar</a><br />\n<br />\n<b>Tarefa</b>:    Modelo Quadra<br />\n<a href=\"javascript:void(0);\" onclick=\"url_passar(0, ''m=tarefas&a=ver&tarefa_id=2'');>Clique aqui para acessar</a><br />\n<b>Descrição:</b> <br />\nPesquisar modelos e preços das quadras poli-esportivas ofertadas pelo mercado.<br />\n<br />\nO arquivo quadra_simples.jpg foi atualizado pelo Administrador<br />\n<a href=http://localhost/gpweb/codigo/arquivo_visualizar.php?arquivo_id=1>Clique aqui para acessar</a><br />\n<b>Descrição:</b><br />\nModelo de quadra de baixo custo',0,'','2016-01-25 16:10:26','Administrador','admin',NULL),
  (12,4,NULL,0,0,'Mensagem com doc. interno em anexo','<p>Em anexo foi inclu&iacute;do um documento criado internamente</p>',0,'0','2016-01-25 18:49:16','Spalding','Ch 1ª Seção',''),
  (13,4,NULL,1,1,'Mensagem com anexo','<p>Em anexo um arquivo externo</p>',0,'0','2016-01-25 18:51:31','Spalding','Ch 1ª Seção',''),
  (14,1,NULL,0,0,'Msg de execução de tarefa','<p>Deveis implantar o Sistema GP-Web em sua se&ccedil;&atilde;o at&eacute; o final de 2012.</p>',0,'0','2016-03-31 10:43:49','Administrador','admin',NULL);

INSERT INTO msg_cripto (msg_cripto_id, msg_cripto_de, msg_cripto_para, msg_cripto_msg, chave_publica, texto, chave_envelope, tipo_cripto) VALUES
  (1,1,NULL,2,NULL,'mgxJ+bRvupeYofZLZMwbkYbwzP80FctatCmOvrM3qpuEl4RpTEa38KRxkYVQZMR4P+mCvGKF7ApLLgsyC6Mee1dveeVfmR83m5/c8auMEIuJmZiqp6o36s1lu/zT8Kd7pmL6PbjyfaGZMPr0c/pjmgjcW6HYds8ykwafyr8tMPQtqxpRLwjol1gYMQbd6e6f7dp9p51s3rKRS6beLyY/pqBe/nWtEAVS23+h9AUjOAWgEByeDeBl5tLp7cnWVHg4ZCHDuY1MA1yyIK6X2O2HaYifLBYPAZPWfL+VT0Tft76UQqkVhjX8VnP8Htj4ZUMhjJ4eyYvA8043f3a3DkokWQetz4SCNMKYx/gu2TQQMzaMBcM2OI1BO/zCr/u9S7pm0QQOUr0m3deuUFRFFseE0WqMKSyUCspJ1nlgSyAo+1I=',NULL,2);

INSERT INTO msg_usuario (msg_usuario_id, de_id, para_id, msg_id, pasta_id, anotacao_id, msg_cripto_id, despacho_pasta_envio, despacho_pasta_receb, status, tipo, datahora, datahora_leitura, cm, meio, aviso_leitura, copia_oculta, nome_de, funcao_de, nome_para, funcao_para, cor, nota, resposta_despacho, data_retorno, data_limite, tarefa, tarefa_progresso, tarefa_data, ignorar_de, ignorar_para) VALUES
  (1,1,1,1,NULL,NULL,NULL,NULL,NULL,0,0,'2016-01-14 15:22:42',NULL,0,'',0,0,'Administrador','admin','Administrador','admin','',NULL,NULL,NULL,NULL,NULL,0,NULL,NULL,NULL),
  (2,1,4,1,NULL,NULL,NULL,NULL,NULL,0,0,'2016-01-14 15:22:42',NULL,0,'',0,0,'Administrador','admin','Spalding','Ch 1ª Seção','',NULL,NULL,NULL,NULL,NULL,0,NULL,NULL,NULL),
  (3,1,5,1,NULL,NULL,NULL,NULL,NULL,0,0,'2016-01-14 15:22:42',NULL,0,'',0,0,'Administrador','admin','Rossano','Ch 2ª Seção','',NULL,NULL,NULL,NULL,NULL,0,NULL,NULL,NULL),
  (4,1,6,1,NULL,NULL,NULL,NULL,NULL,0,0,'2016-01-14 15:22:42',NULL,0,'',0,0,'Administrador','admin','Reinert','Ch 3ª Seção','',NULL,NULL,NULL,NULL,NULL,0,NULL,NULL,NULL),
  (5,1,8,1,NULL,NULL,NULL,NULL,NULL,0,0,'2016-01-14 15:22:42',NULL,0,'',0,0,'Administrador','admin','Assumpção','Ch 4ª Seção','',NULL,NULL,NULL,NULL,NULL,0,NULL,NULL,NULL),
  (6,1,2,1,NULL,NULL,NULL,NULL,NULL,0,0,'2016-01-14 15:22:42',NULL,0,'',0,0,'Administrador','admin','Pires Filho','Diretor','',NULL,NULL,NULL,NULL,NULL,0,NULL,NULL,NULL),
  (7,1,7,1,NULL,NULL,NULL,NULL,NULL,0,0,'2016-01-14 15:22:42',NULL,0,'',0,0,'Administrador','admin','Minato','Protocolista','',NULL,NULL,NULL,NULL,NULL,0,NULL,NULL,NULL),
  (8,1,3,1,NULL,NULL,NULL,NULL,NULL,0,0,'2016-01-14 15:22:42',NULL,0,'',0,0,'Administrador','admin','Fantine','Vice-Diretor','',NULL,NULL,NULL,NULL,NULL,0,NULL,NULL,NULL),
  (9,1,1,2,NULL,NULL,1,NULL,NULL,0,0,'2016-01-14 15:25:25',NULL,0,'',0,0,'Administrador','admin','Administrador','admin','',NULL,NULL,NULL,NULL,NULL,0,NULL,NULL,NULL),
  (10,1,4,2,NULL,NULL,1,NULL,NULL,0,0,'2016-01-14 15:25:25',NULL,0,'',0,0,'Administrador','admin','Spalding','Ch 1ª Seção','',NULL,NULL,NULL,NULL,NULL,0,NULL,NULL,NULL),
  (11,1,5,2,NULL,NULL,1,NULL,NULL,0,0,'2016-01-14 15:25:25',NULL,0,'',0,0,'Administrador','admin','Rossano','Ch 2ª Seção','',NULL,NULL,NULL,NULL,NULL,0,NULL,NULL,NULL),
  (12,1,6,2,NULL,NULL,1,NULL,NULL,0,0,'2016-01-14 15:25:25',NULL,0,'',0,0,'Administrador','admin','Reinert','Ch 3ª Seção','',NULL,NULL,NULL,NULL,NULL,0,NULL,NULL,NULL),
  (13,1,8,2,NULL,NULL,1,NULL,NULL,1,0,'2016-01-14 15:25:25','2016-01-14 15:35:29',0,'',0,0,'Administrador','admin','Assumpção','Ch 4ª Seção','',NULL,NULL,NULL,NULL,NULL,0,NULL,NULL,NULL),
  (14,1,2,2,NULL,NULL,1,NULL,NULL,0,0,'2016-01-14 15:25:25',NULL,0,'',0,0,'Administrador','admin','Pires Filho','Diretor','',NULL,NULL,NULL,NULL,NULL,0,NULL,NULL,NULL),
  (15,1,7,2,NULL,NULL,1,NULL,NULL,0,0,'2016-01-14 15:25:25',NULL,0,'',0,0,'Administrador','admin','Minato','Protocolista','',NULL,NULL,NULL,NULL,NULL,0,NULL,NULL,NULL),
  (16,1,3,2,NULL,NULL,1,NULL,NULL,0,0,'2016-01-14 15:25:25',NULL,0,'',0,0,'Administrador','admin','Fantine','Vice-Diretor','',NULL,NULL,NULL,NULL,NULL,0,NULL,NULL,NULL),
  (17,1,1,3,NULL,NULL,NULL,NULL,NULL,4,0,'2016-01-14 15:28:01','2016-01-14 15:28:09',0,'',0,0,'Administrador','admin','Administrador','admin','',NULL,NULL,NULL,NULL,NULL,0,NULL,NULL,NULL),
  (18,1,4,3,NULL,NULL,NULL,NULL,NULL,4,0,'2016-01-14 15:28:01','2016-01-14 15:30:21',0,'',0,0,'Administrador','admin','Spalding','Ch 1ª Seção','',NULL,NULL,NULL,NULL,NULL,0,NULL,NULL,NULL),
  (19,1,5,3,NULL,NULL,NULL,NULL,NULL,4,0,'2016-01-14 15:28:01','2016-01-14 15:31:19',0,'',0,0,'Administrador','admin','Rossano','Ch 2ª Seção','',NULL,NULL,NULL,NULL,NULL,0,NULL,NULL,NULL),
  (20,1,6,3,NULL,NULL,NULL,NULL,NULL,4,0,'2016-01-14 15:28:01','2016-01-14 15:32:24',0,'',0,0,'Administrador','admin','Reinert','Ch 3ª Seção','',NULL,NULL,NULL,NULL,NULL,0,NULL,NULL,NULL),
  (21,1,8,3,NULL,NULL,NULL,NULL,NULL,4,0,'2016-01-14 15:28:01','2016-01-14 15:33:38',0,'',0,0,'Administrador','admin','Assumpção','Ch 4ª Seção','',NULL,NULL,NULL,NULL,NULL,0,NULL,NULL,NULL),
  (22,1,2,3,NULL,NULL,NULL,NULL,NULL,0,0,'2016-01-14 15:28:01',NULL,0,'',0,0,'Administrador','admin','Pires Filho','Diretor','',NULL,NULL,NULL,NULL,NULL,0,NULL,NULL,NULL),
  (23,1,7,3,NULL,NULL,NULL,NULL,NULL,0,0,'2016-01-14 15:28:01',NULL,0,'',0,0,'Administrador','admin','Minato','Protocolista','FFDEAD','<p>Um exemplo de anota&ccedil;&atilde;o na mensagem</p>',NULL,NULL,NULL,NULL,0,NULL,NULL,NULL),
  (24,1,3,3,NULL,NULL,NULL,NULL,NULL,0,0,'2016-01-14 15:28:01',NULL,0,'',0,0,'Administrador','admin','Fantine','Vice-Diretor','FFDEAD','<p>Um exemplo de anota&ccedil;&atilde;o na mensagem</p>',NULL,NULL,NULL,NULL,0,NULL,NULL,NULL),
  (25,1,4,3,NULL,1,NULL,NULL,NULL,0,1,'2016-01-14 15:29:38',NULL,0,'',0,0,'Administrador','admin','Spalding','Ch 1ª Seção','FFDEAD','<p>Um exemplo de anota&ccedil;&atilde;o na mensagem</p>',NULL,NULL,'2016-12-10 23:59:00',NULL,0,NULL,NULL,NULL),
  (26,1,5,3,NULL,1,NULL,NULL,NULL,0,1,'2016-01-14 15:29:38',NULL,0,'',0,0,'Administrador','admin','Rossano','Ch 2ª Seção','FFDEAD','<p>Um exemplo de anota&ccedil;&atilde;o na mensagem</p>',NULL,NULL,'2016-12-10 23:59:00',NULL,0,NULL,NULL,NULL),
  (27,1,6,3,NULL,1,NULL,NULL,NULL,0,1,'2016-01-14 15:29:38',NULL,0,'',0,0,'Administrador','admin','Reinert','Ch 3ª Seção','FFDEAD','<p>Um exemplo de anota&ccedil;&atilde;o na mensagem</p>',NULL,NULL,'2016-12-10 23:59:00',NULL,0,NULL,NULL,NULL),
  (28,1,8,3,NULL,1,NULL,NULL,NULL,1,1,'2016-01-14 15:29:38','2016-01-14 15:33:53',0,'',0,0,'Administrador','admin','Assumpção','Ch 4ª Seção','FFDEAD','<p>Um exemplo de anota&ccedil;&atilde;o na mensagem</p>','<p>J&aacute; enviei e pe&ccedil;o o recebido.</p>','2016-01-14 15:34:18','2016-12-10 23:59:00',NULL,0,NULL,NULL,NULL),
  (29,1,2,3,NULL,1,NULL,NULL,NULL,0,1,'2016-01-14 15:29:38',NULL,0,'',0,0,'Administrador','admin','Pires Filho','Diretor','FFDEAD','<p>Um exemplo de anota&ccedil;&atilde;o na mensagem</p>',NULL,NULL,'2016-12-10 23:59:00',NULL,0,NULL,NULL,NULL),
  (30,1,7,3,NULL,1,NULL,NULL,NULL,0,1,'2016-01-14 15:29:38',NULL,0,'',0,0,'Administrador','admin','Minato','Protocolista','FFDEAD','<p>Um exemplo de anota&ccedil;&atilde;o na mensagem</p>',NULL,NULL,'2016-12-10 23:59:00',NULL,0,NULL,NULL,NULL),
  (31,1,3,3,NULL,1,NULL,NULL,NULL,0,1,'2016-01-14 15:29:38',NULL,0,'',0,0,'Administrador','admin','Fantine','Vice-Diretor','FFDEAD','<p>Um exemplo de anota&ccedil;&atilde;o na mensagem</p>',NULL,NULL,'2016-12-10 23:59:00',NULL,0,NULL,NULL,NULL),
  (32,4,1,3,NULL,2,NULL,NULL,NULL,0,2,'2016-01-14 15:30:43',NULL,0,'',0,0,'Spalding','Ch 1ª Seção','Administrador','admin','FFDEAD','<p>Um exemplo de anota&ccedil;&atilde;o na mensagem</p>',NULL,NULL,NULL,NULL,0,NULL,NULL,NULL),
  (33,6,7,3,NULL,NULL,NULL,NULL,NULL,0,3,'2016-01-14 15:32:40',NULL,0,'',0,0,'Reinert','Ch 3ª Seção','Minato','Protocolista','',NULL,NULL,NULL,NULL,NULL,0,NULL,NULL,NULL),
  (34,NULL,2,4,NULL,NULL,NULL,NULL,NULL,0,0,'2016-01-24 19:31:41',NULL,0,'',0,0,'Administrador','admin','Pires Filho','Diretor','',NULL,NULL,NULL,NULL,NULL,0,NULL,NULL,NULL),
  (35,NULL,3,5,NULL,NULL,NULL,NULL,NULL,0,0,'2016-01-24 19:31:42',NULL,0,'',0,0,'Administrador','admin','Fantine','Vice-Diretor','',NULL,NULL,NULL,NULL,NULL,0,NULL,NULL,NULL),
  (36,NULL,8,6,NULL,NULL,NULL,NULL,NULL,0,0,'2016-01-24 19:31:42',NULL,0,'',0,0,'Administrador','admin','Assumpção','Ch 4ª Seção','',NULL,NULL,NULL,NULL,NULL,0,NULL,NULL,NULL),
  (37,NULL,6,7,NULL,NULL,NULL,NULL,NULL,0,0,'2016-01-24 19:31:42',NULL,0,'',0,0,'Administrador','admin','Reinert','Ch 3ª Seção','',NULL,NULL,NULL,NULL,NULL,0,NULL,NULL,NULL),
  (38,NULL,5,8,NULL,NULL,NULL,NULL,NULL,0,0,'2016-01-24 19:31:42',NULL,0,'',0,0,'Administrador','admin','Rossano','Ch 2ª Seção','',NULL,NULL,NULL,NULL,NULL,0,NULL,NULL,NULL),
  (39,NULL,4,9,NULL,NULL,NULL,NULL,NULL,0,0,'2016-01-24 19:31:42',NULL,0,'',0,0,'Administrador','admin','Spalding','Ch 1ª Seção','',NULL,NULL,NULL,NULL,NULL,0,NULL,NULL,NULL),
  (40,NULL,7,10,NULL,NULL,NULL,NULL,NULL,0,0,'2016-01-24 19:31:42',NULL,0,'',0,0,'Administrador','admin','Minato','Protocolista','',NULL,NULL,NULL,NULL,NULL,0,NULL,NULL,NULL),
  (41,NULL,5,11,NULL,NULL,NULL,NULL,NULL,0,0,'2016-01-25 16:10:26',NULL,0,'',0,0,'Administrador','admin','Rossano','Ch 2ª Seção','',NULL,NULL,NULL,NULL,NULL,0,NULL,NULL,NULL),
  (42,4,2,12,NULL,NULL,NULL,NULL,NULL,0,0,'2016-01-25 18:49:16',NULL,0,'',0,0,'Spalding','Ch 1ª Seção','Pires Filho','Diretor','',NULL,NULL,NULL,NULL,NULL,0,NULL,NULL,NULL),
  (43,4,3,12,NULL,NULL,NULL,NULL,NULL,0,0,'2016-01-25 18:49:16',NULL,0,'',0,0,'Spalding','Ch 1ª Seção','Fantine','Vice-Diretor','',NULL,NULL,NULL,NULL,NULL,0,NULL,NULL,NULL),
  (44,4,8,12,NULL,NULL,NULL,NULL,NULL,0,0,'2016-01-25 18:49:16',NULL,0,'',0,0,'Spalding','Ch 1ª Seção','Assumpção','Ch 4ª Seção','',NULL,NULL,NULL,NULL,NULL,0,NULL,NULL,NULL),
  (45,4,6,12,NULL,NULL,NULL,NULL,NULL,0,0,'2016-01-25 18:49:16',NULL,0,'',0,0,'Spalding','Ch 1ª Seção','Reinert','Ch 3ª Seção','',NULL,NULL,NULL,NULL,NULL,0,NULL,NULL,NULL),
  (46,4,5,12,NULL,NULL,NULL,NULL,NULL,0,0,'2016-01-25 18:49:16',NULL,0,'',0,0,'Spalding','Ch 1ª Seção','Rossano','Ch 2ª Seção','',NULL,NULL,NULL,NULL,NULL,0,NULL,NULL,NULL),
  (47,4,4,12,NULL,NULL,NULL,NULL,NULL,0,0,'2016-01-25 18:49:16',NULL,0,'',0,0,'Spalding','Ch 1ª Seção','Spalding','Ch 1ª Seção','',NULL,NULL,NULL,NULL,NULL,0,NULL,NULL,NULL),
  (48,4,7,12,NULL,NULL,NULL,NULL,NULL,0,0,'2016-01-25 18:49:16',NULL,0,'',0,0,'Spalding','Ch 1ª Seção','Minato','Protocolista','',NULL,NULL,NULL,NULL,NULL,0,NULL,NULL,NULL),
  (49,4,1,12,NULL,NULL,NULL,NULL,NULL,0,0,'2016-01-25 18:49:16',NULL,0,'',0,0,'Spalding','Ch 1ª Seção','Administrador','admin','',NULL,NULL,NULL,NULL,NULL,0,NULL,NULL,NULL),
  (50,4,2,13,NULL,NULL,NULL,NULL,NULL,0,0,'2016-01-25 18:51:31',NULL,0,'',0,0,'Spalding','Ch 1ª Seção','Pires Filho','Diretor','',NULL,NULL,NULL,NULL,NULL,0,NULL,NULL,NULL),
  (51,4,3,13,NULL,NULL,NULL,NULL,NULL,0,0,'2016-01-25 18:51:31',NULL,0,'',0,0,'Spalding','Ch 1ª Seção','Fantine','Vice-Diretor','',NULL,NULL,NULL,NULL,NULL,0,NULL,NULL,NULL),
  (52,4,8,13,NULL,NULL,NULL,NULL,NULL,0,0,'2016-01-25 18:51:31',NULL,0,'',0,0,'Spalding','Ch 1ª Seção','Assumpção','Ch 4ª Seção','',NULL,NULL,NULL,NULL,NULL,0,NULL,NULL,NULL),
  (53,4,6,13,NULL,NULL,NULL,NULL,NULL,0,0,'2016-01-25 18:51:31',NULL,0,'',0,0,'Spalding','Ch 1ª Seção','Reinert','Ch 3ª Seção','',NULL,NULL,NULL,NULL,NULL,0,NULL,NULL,NULL),
  (54,4,5,13,NULL,NULL,NULL,NULL,NULL,0,0,'2016-01-25 18:51:31',NULL,0,'',0,0,'Spalding','Ch 1ª Seção','Rossano','Ch 2ª Seção','',NULL,NULL,NULL,NULL,NULL,0,NULL,NULL,NULL),
  (55,4,4,13,NULL,NULL,NULL,NULL,NULL,0,0,'2016-01-25 18:51:31',NULL,0,'',0,0,'Spalding','Ch 1ª Seção','Spalding','Ch 1ª Seção','',NULL,NULL,NULL,NULL,NULL,0,NULL,NULL,NULL),
  (56,4,7,13,NULL,NULL,NULL,NULL,NULL,0,0,'2016-01-25 18:51:31',NULL,0,'',0,0,'Spalding','Ch 1ª Seção','Minato','Protocolista','',NULL,NULL,NULL,NULL,NULL,0,NULL,NULL,NULL),
  (57,4,1,13,NULL,NULL,NULL,NULL,NULL,0,0,'2016-01-25 18:51:31',NULL,0,'',0,0,'Spalding','Ch 1ª Seção','Administrador','admin','',NULL,NULL,NULL,NULL,NULL,0,NULL,NULL,NULL),
  (58,1,1,14,NULL,NULL,NULL,NULL,NULL,0,0,'2016-03-31 10:43:49',NULL,NULL,'',0,0,'Administrador','admin','Administrador','admin','',NULL,NULL,NULL,NULL,1,100,'2016-12-31',NULL,NULL),
  (59,1,4,14,NULL,NULL,NULL,NULL,NULL,0,0,'2016-03-31 10:43:49',NULL,NULL,'',0,0,'Administrador','admin','Rodrigo','Ch 1ª Seção','',NULL,NULL,NULL,NULL,1,60,'2016-12-31',NULL,NULL),
  (60,1,5,14,NULL,NULL,NULL,NULL,NULL,0,0,'2016-03-31 10:43:49',NULL,NULL,'',0,0,'Administrador','admin','Rossano','Ch 2ª Seção','',NULL,NULL,NULL,NULL,1,20,'2016-12-31',NULL,NULL),
  (61,1,6,14,NULL,NULL,NULL,NULL,NULL,0,0,'2016-03-31 10:43:49',NULL,NULL,'',0,0,'Administrador','admin','Reinert','Ch 3ª Seção','',NULL,NULL,NULL,NULL,1,0,'2016-12-31',NULL,NULL),
  (62,1,7,14,NULL,NULL,NULL,NULL,NULL,0,0,'2016-03-31 10:43:49',NULL,NULL,'',0,0,'Administrador','admin','Marco','Ch 4ª Seção','',NULL,NULL,NULL,NULL,1,40,'2016-12-31',NULL,NULL),
  (63,1,2,14,NULL,NULL,NULL,NULL,NULL,0,0,'2016-03-31 10:43:49',NULL,NULL,'',0,0,'Administrador','admin','Túlio','Cmt','',NULL,NULL,NULL,NULL,1,100,'2016-12-31',NULL,NULL),
  (64,1,8,14,NULL,NULL,NULL,NULL,NULL,0,0,'2016-03-31 10:43:49',NULL,NULL,'',0,0,'Administrador','admin','Ricardo','Protocolista','',NULL,NULL,NULL,NULL,1,30,'2016-12-31',NULL,NULL),
  (65,1,3,14,NULL,NULL,NULL,NULL,NULL,0,0,'2016-03-31 10:43:49',NULL,NULL,'',0,0,'Administrador','admin','Julio','SCmt','',NULL,NULL,NULL,NULL,1,20,'2016-12-31',NULL,NULL);

INSERT INTO objetivos_estrategicos (pg_objetivo_estrategico_id, pg_objetivo_estrategico_cia, pg_objetivo_estrategico_perspectiva, pg_objetivo_estrategico_tema, pg_objetivo_estrategico_usuario, pg_objetivo_estrategico_superior, pg_objetivo_estrategico_indicador, pg_objetivo_estrategico_nome, pg_objetivo_estrategico_acesso, pg_objetivo_estrategico_cor, pg_objetivo_estrategico_ativo) VALUES
  (2,1,2,NULL,1,NULL,456,'Melhorar a capacidade operacional do Organização (pessoal, material).',0,'ffe0e0',1),
  (3,1,3,NULL,1,NULL,460,'Melhorar a qualidade dos processos e do gerenciamento',0,'e0fbff',1),
  (4,1,4,NULL,1,NULL,457,'Criar melhores condições de trabalho para o público interno.',0,'ffffe0',1),
  (5,1,NULL,1,1,NULL,465,'Campanha do agasalho',0,'FFFFFF',1),
  (6,1,3,NULL,1,NULL,462,'Renovação do maquinário',0,'FFFFFF',1),
  (7,1,4,NULL,1,NULL,458,'Aumento da qualificação profissional',0,'FFFFFF',1),
  (8,1,3,NULL,1,NULL,461,'Participar em prêmio de qualidade',0,'FFFFFF',1),
  (9,1,4,NULL,1,NULL,459,'Criar 0800 para os clientes',0,'FFFFFF',1),
  (10,1,NULL,1,1,NULL,463,'Campanha de comida',0,'FFFFFF',1),
  (11,1,NULL,1,1,NULL,464,'Campanha de plantio de árvores',0,'FFFFFF',1);

INSERT INTO objetivos_estrategicos_depts (pg_objetivo_estrategico_id, dept_id) VALUES
  (2,5),
  (3,1),
  (3,3),
  (4,4),
  (4,34);

INSERT INTO objetivos_estrategicos_usuarios (pg_objetivo_estrategico_id, usuario_id) VALUES
  (4,2),
  (4,7);

INSERT INTO parafazer_listas (id, usuario_id, nome) VALUES
  (1,1,'Importante');

INSERT INTO parafazer_tarefa (id, lista_id, ow, d, compl, titulo, nota, prio, parafazer_chave, datafinal) VALUES
  (1,1,1,'2016-07-25 18:40:28',0,'Rever indicadores','Verificar os indicadores antes de enviar para o CMS',0,'','2016-07-30');

INSERT INTO pasta (pasta_id, usuario_id, nome) VALUES
  (1,1,'Lixeira'),
  (2,2,'Lixeira'),
  (3,3,'Lixeira'),
  (4,4,'Lixeira'),
  (5,5,'Lixeira'),
  (6,16,'Lixeira'),
  (7,7,'Lixeira'),
  (8,8,'Lixeira');

INSERT INTO perspectivas (pg_perspectiva_id, pg_perspectiva_cia, pg_perspectiva_usuario, pg_perspectiva_ativo, pg_perspectiva_nome, pg_perspectiva_cor, pg_perspectiva_ordem, pg_perspectiva_acesso, pg_perspectiva_oque, pg_perspectiva_descricao, pg_perspectiva_onde, pg_perspectiva_quando, pg_perspectiva_como, pg_perspectiva_porque, pg_perspectiva_quanto, pg_perspectiva_quem, pg_perspectiva_controle, pg_perspectiva_melhorias, pg_perspectiva_metodo_aprendizado, pg_perspectiva_desde_quando, pg_perspectiva_tipo) VALUES
  (1,1,NULL,1,'Sociedade','cce5ff',1,0,NULL,NULL,NULL,NULL,NULL,NULL,NULL,NULL,NULL,NULL,NULL,NULL,NULL),
  (2,1,NULL,1,'Administração Direta, Fundacional e Autárquica','f2f2a5',2,0,NULL,NULL,NULL,NULL,NULL,NULL,NULL,NULL,NULL,NULL,NULL,NULL,NULL),
  (3,1,NULL,1,'Processos Internos','ffca86',3,0,NULL,NULL,NULL,NULL,NULL,NULL,NULL,NULL,NULL,NULL,NULL,NULL,NULL),
  (4,1,NULL,1,'Pessoas, Aprendizado e Crescimento','f5b09e',4,0,NULL,NULL,NULL,NULL,NULL,NULL,NULL,NULL,NULL,NULL,NULL,NULL,NULL);

INSERT INTO plano_gestao (pg_id, pg_nome, pg_usuario, pg_cia, pg_dept, pg_usuario_ultima_alteracao, pg_descricao, pg_ano, pg_inicio, pg_fim, pg_modelo, pg_estrut_org, pg_fornecedores, pg_ultima_alteracao, pg_processos_apoio, pg_processos_finalistico, pg_produtos_servicos, pg_clientes, pg_posgraduados, pg_graduados, pg_nivelmedio, pg_nivelfundamental, pg_semescolaridade, pg_pessoalinterno, pg_programas_acoes, pg_premiacoes, pg_acesso, pg_cor, pg_ativo) VALUES
  (1,'Planejamento 2016',6,1,NULL,25,NULL,2016,'2016-01-01','2016-12-31',NULL,'<p>Conforme quadro em anexo é constituída por:<br />Seções do EM: SCmt, S1,S2,S3,S4 e Fisc Adm.<br />SU: CCAp, Cia Com PC, Cia Com PCR e Cia Com Nodal.</p>',NULL,'2016-04-26 13:27:13','<p>Gerenciamento administrativo - inclusão e descarga de material, variações patrimoniais e sindicâncias sobre problemas com material.<br /><br />Gerenciamento de pessoal - alterações, movimentações, pagamento, procedimentos administrativos e boletim interno.<br /><br />Gerenciamento de material - almoxarifado, recebimento, distribuição, recolhimento e guias de quitação.<br /><br />Gerenciamento de saúde - inspeções, atendimento médico e odontológico, evacuação de doentes e atestado de origem.<br /><br />Aprovisionamento - confecção de gêneros alimentícios, controle de material de rancho e saque de etapas.<br /><br />Gerenciamento financeiro - controle de gastos, contas, recursos e fornecedores.<br /><br />Gerenciamento de comunicação social - relações públicas, pesquisas e atendimento ao público externo.</p>','<p>Planejamento operacional;<br />Instrução individual;<br />Adestramento  do efetivo profissional;<br />Cursos e estágios;<br />Garantia da Lei e da Ordem;<br />Ações subsidiárias;<br />Apoio de comunicações ao CMS;<br />Ações cívico-sociais.</p>','<p>Reservista de primeira categoria;<br />Atendimento às necessidades de comunicações do escalão superior;<br />Emprego da tropa em GLO e em defesa externa;<br />Bom nível de preparo da tropa</p>','<p>COMANDO MILITAR DO SUL<br />SOCIEDADE<br />PUBLICO INTERNO E EXTERNO</p>',0,0,0,0,0,NULL,'<p>Projeto soldado-cidadão (Programa do Primeiro Emprego);<br />PROFESP - programa Força no Esporte</p>',NULL,0,'FFFFFF',1);

INSERT INTO plano_gestao2 (pg_id, pg_missao, pg_missao_esc_superior, pg_visao_futuro, pg_visao_futuro_detalhada, pg_ponto_forte, pg_oportunidade_melhoria, pg_oportunidade, pg_ameaca, pg_principio, pg_diretriz_superior, pg_diretriz, pg_objetivo_estrategico, pg_fator_critico, pg_estrategia, pg_meta) VALUES
  (1,'<p>Instalar, explorar e manter a estrutura de comunica&ccedil;&otilde;es que d&ecirc; suporte &agrave;s necessidades dos sistemas operacionais do Comando Militar do Sul, realizando a integra&ccedil;&atilde;o dos meios e processos necess&aacute;rios ao pleno funcionamento do sistema de comando e controle, formando e adestrando o pessoal militar como tropa de comunica&ccedil;&otilde;es em miss&otilde;es de defesa externa territorial e na Garantia da Lei e da Ordem.</p>','<p>Instalar, explorar e manter os sistemas de comunica&ccedil;&otilde;es do Comando Militar do Sul</p>','<p>Instalar, explorar e manter a estrutura de comunica&ccedil;&otilde;es que d&ecirc; suporte &agrave;s necessidades dos sistemas operacionais do Comando Militar do Sul, realizando a integra&ccedil;&atilde;o dos meios e processos necess&aacute;rios ao pleno funcionamento do sistema de comando e controle, formando e adestrando o pessoal militar como tropa de comunica&ccedil;&otilde;es em miss&otilde;es de defesa externa territorial e na Garantia da Lei e da Ordem.</p>','<p>a) se constitu&iacute;do em Comando do Teatro de Opera&ccedil;&otilde;es Terrestre (COMTOT), conduzir,<br />em sua &aacute;rea de responsabilidade, a campanha militar terrestre para derrotar o inimigo que agredir ou amea&ccedil;ar a soberania, a integridade territorial, o patrim&ocirc;nio e os interesses vitais do Brasil.<br />b) se localizado no espa&ccedil;o geogr&aacute;fico sob jurisdi&ccedil;&atilde;o nacional n&atilde;o inclu&iacute;do no Teatro de<br />Opera&ccedil;&otilde;es (TO), constituir um Comando de Zona de Defesa (ZD), combinado ou n&atilde;o, destinado a realizar opera&ccedil;&otilde;es de Defesa Territorial contra a&ccedil;&otilde;es inimigas, bem como, garantir a seguran&ccedil;a de sua respectiva ZD.<br />b. A fim de possibilitar ao Ex&eacute;rcito contribuir para a garantia dos poderes constitucionais, da lei e da ordem:<br />- manter-se em condi&ccedil;&otilde;es de ser empregado, em sua &aacute;rea de responsabilidade, na forma da lei, em situa&ccedil;&atilde;o emergencial e tempor&aacute;ria, ap&oacute;s esgotados os instrumentos destinados &agrave; preserva&ccedil;&atilde;o da ordem p&uacute;blica e da incolumidade das pessoas e do patrim&ocirc;nio, relacionados no art. 144 da Constitui&ccedil;&atilde;o.<br />c. Ficar em condi&ccedil;&otilde;es de participar de opera&ccedil;&otilde;es internacionais, de acordo com os<br />interesses do Pa&iacute;s.<br />d. Como a&ccedil;&atilde;o subsidi&aacute;ria geral, participar do desenvolvimento nacional e da defesa civil, na forma da Lei.<br />e. Como a&ccedil;&atilde;o subsidi&aacute;ria particular, atuar na faixa de fronteira terrestre contra delitos<br />transfronteiri&ccedil;os e ambientais, na forma da Lei.</p>','','','','',NULL,'','','','','','');

INSERT INTO plano_gestao_ameacas (pg_ameaca_id, pg_ameaca_pg_id, pg_ameaca_usuario, pg_ameaca_nome, pg_ameaca_data, pg_ameaca_ordem) VALUES
  (1,1,1,'A área onde se localiza a Organização é deficiente nos serviços de transporte.','2016-04-26 14:38:28',1),
  (2,1,1,'Excesso de velocidade dos veículos que transitam na Av Serraria, em frente à Organização.','2016-04-26 14:38:54',2),
  (3,1,1,'Extensa área da Organização.','2016-04-26 14:39:19',3),
  (4,1,1,'Iluminação externa nas proximidades do quartel deficiente.','2016-04-26 14:39:43',4),
  (5,1,1,'Inexistência de calçada na área externa da Organização.','2016-04-26 14:40:14',5),
  (6,1,1,'Proximidade de áreas com altos índices de criminalidade.','2016-04-26 14:40:42',6);

INSERT INTO plano_gestao_arquivos (pg_arquivos_id, pg_arquivo_pg_id, pg_arquivo_usuario, pg_arquivo_campo, pg_arquivo_ordem, pg_arquivo_endereco, pg_arquivo_data, pg_arquivo_nome, pg_arquivo_tipo, pg_arquivo_extensao) VALUES
  (1,1,4,'EstruturaOrganizacional',1,'332/pg1_pg2_organograma.png','2016-07-26 01:26:10','pg2_organograma.png','image','png');

INSERT INTO plano_gestao_diretrizes (pg_diretriz_id, pg_diretriz_pg_id, pg_diretriz_usuario, pg_diretriz_nome, pg_diretriz_data, pg_diretriz_ordem) VALUES
  (1,1,1,'Tratamento entre militares: respeitar a dignidade humana e praticar a camaradagem.','2016-04-26 14:51:09',1),
  (2,1,1,'Segurança: a profissão militar requer segurança constante.','2016-04-26 14:51:49',2),
  (3,1,1,'Comunique-se: a comunicação interna é prioridade do comando.','2016-04-26 14:52:32',3),
  (4,1,1,'Cumpra os compromissos: seja disciplinado, cumpra horários, o calendário e as obrigações.','2016-04-26 14:53:16',4),
  (5,1,1,'Integre esforços e atividades: evite a compartimentação desnecessária. Comunique-se','2016-04-26 14:54:12',5),
  (6,1,1,'Faça gestão: organize-se, estabeleça metas, eumente a sua autoconfiança e seja líder.','2016-04-26 14:55:18',6),
  (7,1,1,'Torne o ambiente agradável: cultive o bem-estar do ambiente de trabalho.','2016-04-26 14:56:03',7);

INSERT INTO plano_gestao_diretrizes_superiores (pg_diretriz_superior_id, pg_diretriz_superior_pg_id, pg_diretriz_superior_usuario, pg_diretriz_superior_nome, pg_diretriz_superior_data, pg_diretriz_superior_ordem) VALUES
  (1,1,1,'Atuar de forma permanente e integrada, com o emprego de todos os meios existentes, empreendendo ações que privilegiem as estratégias da presença e da dissuasão, especialmente nas Áreas de Fronteira e nas Operações de Garantia da Lei e da Ordem.','2016-04-26 14:47:45',1);

INSERT INTO plano_gestao_estrategias (pg_id, pg_estrategia_id, pg_estrategia_ordem) VALUES
  (1,3,1),
  (1,2,2),
  (1,4,3);

INSERT INTO plano_gestao_fornecedores (pg_fornecedor_id, pg_fornecedor_pg_id, pg_fornecedor_usuario, pg_fornecedor_nome, pg_fornecedor_insumo, pg_fornecedor_data, pg_fornecedor_ordem) VALUES
  (1,1,6,'D Log','Material permanente','2016-04-26 13:34:12',1),
  (2,1,6,'EME, COTER, CMS, Departamentos e Diretorias da Organização','Diretrizes e normas reguladoras','2016-04-26 13:35:05',2),
  (3,1,6,'Empresas licitadas','Material e alimento','2016-04-26 13:35:44',3),
  (4,1,6,'Sociedade e CSM','Conscrito','2016-04-26 13:37:18',4),
  (5,1,6,'Tesouro e Fundo da Organização','Recursos financeiros','2016-04-26 13:38:33',5);

INSERT INTO plano_gestao_tema (pg_id, tema_id, tema_ordem) VALUES
  (1,1,1);

INSERT INTO tema (tema_id, tema_cia, tema_perspectiva, tema_usuario, tema_superior, tema_nome, tema_data, tema_ordem, tema_acesso, tema_cor, tema_oque, tema_descricao, tema_onde, tema_quando, tema_como, tema_porque, tema_quanto, tema_quem, tema_controle, tema_melhorias, tema_metodo_aprendizado, tema_desde_quando, tema_ativo, tema_tipo) VALUES
  (1,1,1,1,NULL,'Responsabilidade socio-ambiental',NULL,NULL,0,'FFFFFF',NULL,NULL,NULL,NULL,NULL,NULL,NULL,NULL,NULL,NULL,NULL,NULL,1,NULL);

INSERT INTO plano_gestao_objetivos_estrategicos (pg_id, pg_objetivo_estrategico_id, pg_objetivo_estrategico_ordem) VALUES
  (1,4,1),
  (1,2,2),
  (1,3,3),
  (1,7,4),
  (1,10,5),
  (1,11,6),
  (1,5,7),
  (1,9,8),
  (1,8,9),
  (1,6,10);

INSERT INTO plano_gestao_fatores_criticos (pg_id, pg_fator_critico_id, pg_fator_critico_ordem) VALUES
  (1,6,1),
  (1,4,2),
  (1,5,3);

INSERT INTO plano_gestao_oportunidade (pg_oportunidade_id, pg_oportunidade_pg_id, pg_oportunidade_usuario, pg_oportunidade_nome, pg_oportunidade_data, pg_oportunidade_ordem) VALUES
  (1,1,1,'Apoio mútuo com o 8º Esqd C Mec.','2016-04-26 14:35:34',1),
  (2,1,1,'Possibilidade da participação em prêmios de qualidade do governo Federal e Estadual.','2016-04-26 14:36:51',2),
  (3,1,1,'Possibilidade de integração com outros órgãos envolvidos no setor de telecomunicações.','2016-04-26 14:37:31',3);


INSERT INTO plano_gestao_oportunidade_melhorias (pg_oportunidade_melhoria_id, pg_oportunidade_melhoria_pg_id, pg_oportunidade_melhoria_usuario, pg_oportunidade_melhoria_nome, pg_oportunidade_melhoria_data, pg_oportunidade_melhoria_ordem) VALUES
  (1,1,1,'Material de emprego militar insuficiente para o completamento do QDM da Unidade.','2016-04-26 14:27:27',1),
  (2,1,1,'Necessidade de melhoria dos índices de disponibilidade do MEM.','2016-04-26 14:28:00',2),
  (3,1,1,'Necessidade de melhoria nas instalações da Organização.','2016-04-26 14:28:36',3),
  (4,1,1,'Necessidade de recuperação da estrutura do CTG.','2016-04-26 14:29:03',4),
  (5,1,1,'Necessidade de renovação e melhoria da frota de viaturas existentes.','2016-04-26 14:30:29',5),
  (6,1,1,'Necessidade de um Sistema Nodal eficiente e compatível com o 3° B Com.','2016-04-26 14:31:53',6);

INSERT INTO plano_gestao_perspectivas (pg_id, pg_perspectiva_id, pg_perspectiva_ordem) VALUES
  (1,2,1),
  (1,4,2),
  (1,3,3),
  (1,1,4);

INSERT INTO plano_gestao_pessoal (pg_pessoal_id, pg_pessoal_pg_id, pg_pessoal_usuario, pg_pessoal_posto, pg_pessoal_previsto, pg_pessoal_existente, pg_pessoal_data, pg_pessoal_ordem) VALUES
  (1,1,1,'cel',1,0,'2016-04-26 13:42:37',1),
  (2,1,1,'ten cel',0,1,'2016-04-26 13:42:59',2),
  (3,1,1,'major',3,2,'2016-04-26 13:43:23',3),
  (4,1,1,'cap',8,8,'2016-04-26 13:43:45',4),
  (5,1,1,'1º ten',11,8,'2016-04-26 13:44:25',5),
  (6,1,1,'2º ten',6,6,'2016-04-26 13:44:49',6),
  (7,1,1,'asp',0,9,'2016-04-26 13:45:23',7),
  (8,1,1,'subten',6,13,'2016-04-26 13:47:00',8),
  (9,1,1,'1º sgt',21,15,'2016-04-26 13:47:22',9),
  (10,1,1,'2º sgt',30,22,'2016-04-26 13:47:46',10),
  (11,1,1,'3º sgt',75,79,'2016-04-26 13:48:03',11),
  (12,1,1,'cabo',61,36,'2016-04-26 13:48:31',12),
  (13,1,1,'sd',292,289,'2016-04-26 13:48:54',13);

INSERT INTO plano_gestao_pontosfortes (pg_ponto_forte_id, pg_ponto_forte_pg_id, pg_ponto_forte_usuario, pg_ponto_forte_nome, pg_ponto_forte_data, pg_ponto_forte_ordem) VALUES
  (1,1,1,'Área disponível para a realização de exercícios de campanha.','2016-04-26 14:22:28',1),
  (2,1,1,'Disponibilidade de oficinas especializadas na Organização.','2016-04-26 14:23:09',2),
  (3,1,1,'Existência de pessoal qualificado para o assessoramento jurídico.','2016-04-26 14:23:51',3),
  (4,1,1,'Existência de um galpão crioulo para atividade de instrução.','2016-04-26 14:24:42',4),
  (5,1,1,'Pessoal com experiência profissional.','2016-04-26 14:25:41',5);

INSERT INTO plano_gestao_premiacoes (pg_premiacao_id, pg_premiacao_pg_id, pg_premiacao_usuario, pg_premiacao_nome, pg_premiacao_ano, pg_premiacao_data, pg_premiacao_ordem) VALUES
  (1,1,1,'DIPLOMA DE PARTICIPAÇÃO NO SISTEMA DE AVALIAÇÃO 250 PONTOS/PGQP',2008,'2016-04-26 13:51:24',1),
  (2,1,1,'DIPLOMA DE PARTICIPAÇÃO NO SISTEMA DE AVALIAÇÃO 500 PONTOS/PGQP',2009,'2016-04-26 13:51:57',2);

INSERT INTO plano_gestao_principios (pg_principio_id, pg_principio_pg_id, pg_principio_usuario, pg_principio_nome, pg_principio_data, pg_principio_ordem) VALUES
  (1,1,6,'<p>Patriotismo - amar a P&aacute;tria - Hist&oacute;ria, S&iacute;mbolos, Tradi&ccedil;&otilde;es e Na&ccedil;&atilde;o</p>','2016-05-16 03:52:53',1),
  (2,1,6,'<p>Dever - cumprir a legisla&ccedil;&atilde;o e a regulamenta&ccedil;&atilde;o, a que estiver submetido</p>','2016-05-16 03:53:12',2),
  (3,1,6,'<p>Lealdade-cultuar a verdade,a sinceridade e a sadia camaradagem,mantendo-se fiel a seus compromissos</p>','2016-05-16 03:53:27',3),
  (4,1,6,'<p>Probidade - pautar a vida, como soldado e cidad&atilde;o, pela honradez,honestidade e pelo senso de justi&ccedil;a</p>','2016-05-16 03:53:43',4),
  (5,1,6,'<p>Coragem - ter capacidade de decidir e a iniciativa de implementar a decis&atilde;o</p>','2016-05-16 03:53:59',5);

INSERT INTO pratica_depts (pratica_id, dept_id) VALUES
  (124,34);

INSERT INTO pratica_indicador (pratica_indicador_id, pratica_indicador_superior, pratica_indicador_cia, pratica_indicador_dept, pratica_indicador_responsavel, pratica_indicador_projeto, pratica_indicador_tarefa, pratica_indicador_checklist, pratica_indicador_usuario, pratica_indicador_perspectiva, pratica_indicador_tema, pratica_indicador_objetivo_estrategico, pratica_indicador_acao, pratica_indicador_acao_item, pratica_indicador_fator, pratica_indicador_estrategia, pratica_indicador_meta, pratica_indicador_pratica, pratica_indicador_canvas, pratica_indicador_risco, pratica_indicador_risco_resposta, pratica_indicador_trava_meta, pratica_indicador_trava_referencial, pratica_indicador_trava_data_meta, pratica_indicador_trava_acumulacao, pratica_indicador_trava_agrupar, pratica_indicador_nome, pratica_indicador_ativo, pratica_indicador_tipo, pratica_indicador_desde_quando, pratica_indicador_sentido, pratica_indicador_valor, pratica_indicador_acesso, pratica_indicador_cor, pratica_indicador_unidade, pratica_indicador_nome_curto, pratica_indicador_setor, pratica_indicador_segmento, pratica_indicador_intervencao, pratica_indicador_tipo_intervencao, pratica_indicador_ano, pratica_indicador_codigo, pratica_indicador_sequencial, pratica_indicador_resultado, pratica_indicador_tipografico, pratica_indicador_mostrar_valor, pratica_indicador_mostrar_titulo, pratica_indicador_media_movel, pratica_indicador_acumulacao, pratica_indicador_agrupar, pratica_indicador_periodo_anterior, pratica_indicador_max_min, pratica_indicador_nr_pontos, pratica_indicador_composicao, pratica_indicador_formula, pratica_indicador_formula_simples, pratica_indicador_externo, pratica_indicador_campo_projeto, pratica_indicador_parametro_projeto, pratica_indicador_campo_tarefa, pratica_indicador_parametro_tarefa, pratica_indicador_calculo, pratica_indicador_tolerancia, pratica_indicador_alerta, pratica_indicador_requisito) VALUES
  (3,NULL,1,NULL,6,NULL,NULL,NULL,NULL,NULL,NULL,NULL,NULL,NULL,NULL,NULL,NULL,NULL,NULL,NULL,NULL,NULL,NULL,NULL,NULL,NULL,'TAF anual',1,NULL,'2010-01-01',1,0.000,1,'FFFFFF','%',NULL,NULL,NULL,NULL,NULL,NULL,NULL,NULL,1,'barra',1,1,0,'media_simples','ano',0,1,20,1,0,0,0,0,NULL,0,NULL,NULL,0.000,0,1),
  (4,NULL,1,NULL,6,NULL,NULL,NULL,NULL,NULL,NULL,NULL,NULL,NULL,NULL,NULL,NULL,NULL,NULL,NULL,NULL,NULL,NULL,NULL,NULL,NULL,'Lucro Líquido com Permissionários',1,NULL,'2010-12-30',1,0.000,0,'ffffcc','R$',NULL,NULL,NULL,NULL,NULL,NULL,NULL,NULL,1,'barra',1,1,0,'media_simples','ano',0,1,10,0,1,0,0,0,NULL,0,NULL,'I01-I02',0.000,0,2),
  (6,NULL,1,NULL,6,NULL,NULL,NULL,NULL,NULL,NULL,NULL,NULL,NULL,NULL,NULL,NULL,NULL,NULL,NULL,NULL,NULL,NULL,NULL,NULL,NULL,'Satisfação dos Usuarios do PROFESP',1,NULL,'2011-01-01',1,0.000,0,'FFFFFF','%',NULL,NULL,NULL,NULL,NULL,NULL,NULL,NULL,1,'barra',1,1,0,'media_simples','ano',0,1,10,0,0,0,0,0,NULL,0,NULL,NULL,0.000,0,3),
  (118,120,1,NULL,6,NULL,NULL,NULL,NULL,NULL,NULL,NULL,NULL,NULL,NULL,NULL,NULL,NULL,NULL,NULL,NULL,3,3,3,3,3,'TAF EP - CCAp',1,NULL,'2016-03-14',1,0.000,0,'FFFFFF','%',NULL,NULL,NULL,NULL,NULL,NULL,NULL,NULL,0,'linha',0,0,0,'media_simples','ano',0,0,3,0,0,0,0,0,NULL,0,NULL,NULL,0.000,0,4),
  (119,120,1,NULL,6,NULL,NULL,NULL,NULL,NULL,NULL,NULL,NULL,NULL,NULL,NULL,NULL,NULL,NULL,NULL,NULL,3,3,3,3,3,'TAF EV - CCAP',1,NULL,'2016-03-14',1,0.000,0,'FFFFFF','%',NULL,NULL,NULL,NULL,NULL,NULL,NULL,NULL,0,'linha',0,0,0,'media_simples','ano',0,0,3,0,0,0,0,0,NULL,0,NULL,NULL,0.000,0,5),
  (120,3,1,NULL,6,NULL,NULL,NULL,NULL,NULL,NULL,NULL,NULL,NULL,NULL,NULL,NULL,NULL,NULL,NULL,NULL,3,3,3,3,3,'TAF (Total) - CCAP',1,NULL,'2016-03-14',1,0.000,0,'FFFFFF','%',NULL,NULL,NULL,NULL,NULL,NULL,NULL,NULL,0,'barra',0,0,0,'media_simples','ano',0,0,3,1,0,0,0,0,NULL,0,NULL,NULL,0.000,0,6),
  (121,123,1,NULL,6,NULL,NULL,NULL,NULL,NULL,NULL,NULL,NULL,NULL,NULL,NULL,NULL,NULL,NULL,NULL,NULL,3,3,3,3,3,'TAF EP - CCPC',1,NULL,'2016-03-14',1,0.000,0,'FFFFFF','%',NULL,NULL,NULL,NULL,NULL,NULL,NULL,NULL,0,'linha',0,0,0,'media_simples','ano',0,0,3,0,0,0,0,0,NULL,0,NULL,NULL,0.000,0,7),
  (122,123,1,NULL,6,NULL,NULL,NULL,NULL,NULL,NULL,NULL,NULL,NULL,NULL,NULL,NULL,NULL,NULL,NULL,NULL,3,3,3,3,3,'TAF EV  - CCPC',1,NULL,'2016-03-14',1,0.000,0,'FFFFFF','%',NULL,NULL,NULL,NULL,NULL,NULL,NULL,NULL,0,'linha',0,0,0,'media_simples','ano',0,0,3,0,0,0,0,0,NULL,0,NULL,NULL,0.000,0,8),
  (123,3,1,NULL,6,NULL,NULL,NULL,NULL,NULL,NULL,NULL,NULL,NULL,NULL,NULL,NULL,NULL,NULL,NULL,NULL,3,3,3,3,3,'TAF (Total) - CCPC',1,NULL,'2016-03-14',1,0.000,0,'FFFFFF','%',NULL,NULL,NULL,NULL,NULL,NULL,NULL,NULL,1,'barra',0,0,0,'media_simples','ano',0,0,3,1,0,0,0,0,NULL,0,NULL,NULL,0.000,0,9),
  (124,126,1,NULL,6,NULL,NULL,NULL,NULL,NULL,NULL,NULL,NULL,NULL,NULL,NULL,NULL,NULL,NULL,NULL,NULL,3,3,3,3,3,'TAF EP - CCPCR',1,NULL,'2016-03-14',1,0.000,0,'FFFFFF','%',NULL,NULL,NULL,NULL,NULL,NULL,NULL,NULL,0,'linha',0,0,0,'media_simples','ano',0,0,3,0,0,0,0,0,NULL,0,NULL,NULL,0.000,0,10),
  (125,126,1,NULL,6,NULL,NULL,NULL,NULL,NULL,NULL,NULL,NULL,NULL,NULL,NULL,NULL,NULL,NULL,NULL,NULL,3,3,3,3,3,'TAF EV - CCPCR',1,NULL,NULL,1,0.000,0,'FFFFFF','%',NULL,NULL,NULL,NULL,NULL,NULL,NULL,NULL,0,'linha',0,0,0,'media_simples','ano',0,0,12,0,0,0,0,0,NULL,0,NULL,NULL,0.000,0,11),
  (126,3,1,NULL,6,NULL,NULL,NULL,NULL,NULL,NULL,NULL,NULL,NULL,NULL,NULL,NULL,NULL,NULL,NULL,NULL,3,3,3,3,3,'TAF (Total) - CCPCR',1,NULL,'2016-03-14',1,0.000,1,'FFFFFF','%',NULL,NULL,NULL,NULL,NULL,NULL,NULL,NULL,1,'barra',0,0,0,'media_simples','ano',0,0,3,1,0,0,0,0,NULL,0,NULL,NULL,0.000,0,12),
  (127,129,1,NULL,6,NULL,NULL,NULL,NULL,NULL,NULL,NULL,NULL,NULL,NULL,NULL,NULL,NULL,NULL,NULL,NULL,3,3,3,3,3,'TAF EP - CCND',1,NULL,'2013-12-01',1,0.000,0,'FFFFFF','%',NULL,NULL,NULL,NULL,NULL,NULL,NULL,NULL,0,'barra',1,1,0,'media_simples','ano',0,0,12,0,0,0,0,0,NULL,0,NULL,NULL,0.000,0,13),
  (128,129,1,NULL,6,NULL,NULL,NULL,NULL,NULL,NULL,NULL,NULL,NULL,NULL,NULL,NULL,NULL,NULL,NULL,NULL,3,3,3,3,3,'TAF EV - CCND',1,NULL,'2013-12-01',1,0.000,0,'FFFFFF','%',NULL,NULL,NULL,NULL,NULL,NULL,NULL,NULL,0,'barra',1,1,0,'media_simples','ano',0,0,12,0,0,0,0,0,NULL,0,NULL,NULL,0.000,0,14),
  (129,3,1,NULL,6,NULL,NULL,NULL,NULL,NULL,NULL,NULL,NULL,NULL,NULL,NULL,NULL,NULL,NULL,NULL,NULL,3,3,3,3,3,'TAF (Total) - CCND',1,NULL,'2013-12-01',1,0.000,0,'FFFFFF','%',NULL,NULL,NULL,NULL,NULL,NULL,NULL,NULL,1,'barra',1,1,0,'media_simples','ano',0,0,12,1,0,0,0,0,NULL,0,NULL,NULL,0.000,0,15),
  (130,NULL,1,NULL,6,NULL,NULL,NULL,NULL,NULL,NULL,NULL,NULL,NULL,NULL,NULL,NULL,NULL,NULL,NULL,NULL,NULL,NULL,NULL,NULL,NULL,'Arrecadação bruta com os permissionários',1,NULL,'2016-05-03',1,NULL,0,'FFFFFF','R$',NULL,NULL,NULL,NULL,NULL,NULL,NULL,NULL,0,'barra',0,0,0,'media_simples','ano',0,0,3,0,0,0,0,0,NULL,0,NULL,NULL,0.000,0,16),
  (131,NULL,1,NULL,6,NULL,NULL,NULL,NULL,NULL,NULL,NULL,NULL,NULL,NULL,NULL,NULL,NULL,NULL,NULL,NULL,NULL,NULL,NULL,NULL,NULL,'Despesas com contratos de permissão de uso',1,NULL,'2011-05-03',0,NULL,0,'FFFFFF','R$',NULL,NULL,NULL,NULL,NULL,NULL,NULL,NULL,0,'barra',0,0,0,'media_simples','ano',0,0,3,0,0,0,0,0,NULL,0,NULL,NULL,0.000,0,17),
  (455,NULL,1,NULL,1,1,4,78,NULL,NULL,NULL,NULL,NULL,NULL,NULL,NULL,NULL,NULL,NULL,NULL,NULL,NULL,NULL,NULL,NULL,NULL,'Licitação',1,NULL,'2016-11-20',1,NULL,0,'FFFFFF','%',NULL,NULL,NULL,NULL,NULL,NULL,NULL,NULL,0,'barra',0,0,0,'media_simples','ano',0,0,3,0,0,0,0,0,NULL,0,NULL,NULL,0.000,0,18),
  (456,NULL,1,NULL,1,NULL,NULL,NULL,NULL,NULL,NULL,2,NULL,NULL,NULL,NULL,NULL,NULL,NULL,NULL,NULL,NULL,NULL,NULL,NULL,NULL,'Indice de Operacionalidade',1,'eficacia ','2016-05-13',1,0.000,0,'a4febe','%',NULL,NULL,NULL,NULL,NULL,NULL,NULL,NULL,0,'barra',0,0,0,'media_simples','ano',0,0,3,0,0,0,0,0,NULL,0,NULL,NULL,0.000,0,19),
  (457,NULL,1,NULL,1,NULL,NULL,NULL,NULL,NULL,NULL,4,NULL,NULL,NULL,NULL,NULL,NULL,NULL,NULL,NULL,NULL,NULL,NULL,NULL,NULL,'Satisfação com ambiente de trabalho',1,'efetividade','2016-05-13',1,0.000,0,'FFFFFF','%',NULL,NULL,NULL,NULL,NULL,NULL,NULL,NULL,0,'barra',0,0,0,'media_simples','ano',0,0,3,0,0,0,0,0,NULL,0,NULL,NULL,0.000,0,20),
  (458,NULL,1,NULL,1,NULL,NULL,NULL,NULL,NULL,NULL,7,NULL,NULL,NULL,NULL,NULL,NULL,NULL,NULL,NULL,NULL,NULL,NULL,NULL,NULL,'Número de capacitados profissionalmente',1,'efetividade','2016-05-13',1,0.000,0,'d7f9ff','Cursos',NULL,NULL,NULL,NULL,NULL,NULL,NULL,NULL,0,'barra',0,0,0,'soma','ano',0,0,3,0,0,0,0,0,NULL,0,NULL,NULL,0.000,0,21),
  (459,NULL,1,NULL,1,NULL,NULL,NULL,NULL,NULL,NULL,9,NULL,NULL,NULL,NULL,NULL,NULL,NULL,NULL,NULL,NULL,NULL,NULL,NULL,NULL,'0800 Implantado',1,NULL,'2016-05-13',1,0.000,0,'ee91ff','Un',NULL,NULL,NULL,NULL,NULL,NULL,NULL,NULL,0,'barra',0,0,0,'saldo','ano',0,0,3,0,0,0,0,0,NULL,0,NULL,NULL,0.000,0,22),
  (460,NULL,1,NULL,1,NULL,NULL,NULL,NULL,NULL,NULL,3,NULL,NULL,NULL,NULL,NULL,NULL,NULL,NULL,NULL,NULL,NULL,NULL,NULL,NULL,'Processos de gestão melhorados',1,'efetividade','2016-05-13',1,0.000,0,'ffe5b8','Processos',NULL,NULL,NULL,NULL,NULL,NULL,NULL,NULL,0,'barra',0,0,0,'soma','ano',0,0,3,0,0,0,0,0,NULL,0,NULL,NULL,0.000,0,23),
  (461,NULL,1,NULL,1,NULL,NULL,NULL,NULL,NULL,NULL,8,NULL,NULL,NULL,NULL,NULL,NULL,NULL,NULL,NULL,NULL,NULL,NULL,NULL,NULL,'Participação em prêmios de qualidade',1,NULL,'2016-05-13',1,0.000,0,'FFFFFF','Prêmios',NULL,NULL,NULL,NULL,NULL,NULL,NULL,NULL,0,'barra',0,0,0,'soma','ano',0,0,3,0,0,0,0,0,NULL,0,NULL,NULL,0.000,0,24),
  (462,NULL,1,NULL,1,NULL,NULL,NULL,NULL,NULL,NULL,6,NULL,NULL,NULL,NULL,NULL,NULL,NULL,NULL,NULL,NULL,NULL,NULL,NULL,NULL,'Maquinário adquirido',1,'efetividade','2016-05-13',1,0.000,0,'a4d5fe','Un',NULL,NULL,NULL,NULL,NULL,NULL,NULL,NULL,0,'barra',0,0,0,'soma','ano',0,0,3,0,0,0,0,0,NULL,0,NULL,NULL,0.000,0,25),
  (463,NULL,1,NULL,1,NULL,NULL,NULL,NULL,NULL,NULL,10,NULL,NULL,NULL,NULL,NULL,NULL,NULL,NULL,NULL,NULL,NULL,NULL,NULL,NULL,'Comida arrecadada',1,'eficiencia','2016-05-13',1,0.000,0,'daa3a3','Kg',NULL,NULL,NULL,NULL,NULL,NULL,NULL,NULL,0,'barra',0,0,0,'soma','ano',0,0,3,0,0,0,0,0,NULL,0,NULL,NULL,0.000,0,26),
  (464,NULL,1,NULL,1,NULL,NULL,NULL,NULL,NULL,NULL,11,NULL,NULL,NULL,NULL,NULL,NULL,NULL,NULL,NULL,NULL,NULL,NULL,NULL,NULL,'Árvores plantadas',1,'eficacia ','2016-05-13',1,0.000,0,'91feb0','Un',NULL,NULL,NULL,NULL,NULL,NULL,NULL,NULL,0,'barra',0,0,0,'soma','ano',0,0,3,0,0,0,0,0,NULL,0,NULL,NULL,0.000,0,27),
  (465,NULL,1,NULL,1,NULL,NULL,NULL,NULL,NULL,NULL,5,NULL,NULL,NULL,NULL,NULL,NULL,NULL,NULL,NULL,NULL,NULL,NULL,NULL,NULL,'Roupas doadas',1,'eficiencia','2016-05-13',1,0.000,0,'cccccc','Un',NULL,NULL,NULL,NULL,NULL,NULL,NULL,NULL,0,'barra',0,0,0,'soma','ano',0,0,3,0,0,0,0,0,NULL,0,NULL,NULL,0.000,0,28);


INSERT INTO pratica_indicador_requisito (pratica_indicador_requisito_id, pratica_indicador_requisito_indicador, pratica_indicador_requisito_ano, pratica_indicador_requisito_quando, pratica_indicador_requisito_oque, pratica_indicador_requisito_como, pratica_indicador_requisito_onde, pratica_indicador_requisito_quanto, pratica_indicador_requisito_porque, pratica_indicador_requisito_quem, pratica_indicador_requisito_melhorias, pratica_indicador_requisito_referencial, pratica_indicador_requisito_relevante, pratica_indicador_requisito_justificativa_relevante, pratica_indicador_requisito_lider, pratica_indicador_requisito_justificativa_lider, pratica_indicador_requisito_excelencia, pratica_indicador_requisito_justificativa_excelencia, pratica_indicador_requisito_atendimento, pratica_indicador_requisito_justificativa_atendimento, pratica_indicador_requisito_estrategico, pratica_indicador_requisito_justificativa_estrategico, pratica_indicador_requisito_descricao) VALUES
  (1,3,2015,NULL,NULL,NULL,NULL,NULL,NULL,NULL,NULL,'Concorrente A',1,NULL,0,NULL,0,NULL,1,NULL,1,NULL,'<p>&Iacute;ndice anual de men&ccedil;&otilde;es E e MB no TAF</p>'),
  (2,4,2015,NULL,NULL,'Preenchimento de planilha específica gerenciada pelo COTer, que contém os índices operacionais a serem atingidos.','3º B Com','Gratuito.','Medição comparativa com anos anteriores, visando identificar PF ou OIM.','Seção de Operações (S3)',NULL,'Concorrente A',1,NULL,0,NULL,0,NULL,1,NULL,1,NULL,'<p>Pontua&ccedil;&atilde;o anual&nbsp;atingida no Sistema de Avalia&ccedil;&atilde;o Operacional do COTer -&nbsp;SISTAVOP.</p>'),
  (3,6,2015,NULL,NULL,NULL,NULL,NULL,NULL,NULL,NULL,'Média Ministério dos Esportes',1,NULL,1,NULL,1,NULL,1,NULL,1,NULL,'<p>Satisfa&ccedil;&atilde;o dos usu&aacute;rios (pais e alunos) do PROFESP, com men&ccedil;&atilde;o &quot;E&quot; e &quot;MB&quot;.</p>'),
  (4,118,2015,NULL,NULL,NULL,NULL,NULL,NULL,NULL,NULL,'Concorrente A',1,NULL,0,NULL,0,NULL,1,NULL,0,NULL,'<p>&Iacute;ndice de men&ccedil;&otilde;es E e MB no Teste de Avalia&ccedil;&atilde;o F&iacute;sica do EP da Cia C Ap.</p>'),
  (5,119,2015,NULL,NULL,NULL,NULL,NULL,NULL,NULL,NULL,'Concorrente A',1,NULL,0,NULL,0,NULL,1,NULL,0,NULL,'<p>&Iacute;ndice de men&ccedil;&otilde;es E e MB no Teste de Avalia&ccedil;&atilde;o F&iacute;sica do EV da Cia C Ap.</p>'),
  (6,120,2015,NULL,NULL,NULL,NULL,NULL,NULL,NULL,NULL,'Concorrente A',1,NULL,0,NULL,0,NULL,1,NULL,0,NULL,'<p>&Iacute;ndice de men&ccedil;&otilde;es E e MB no Teste de Avalia&ccedil;&atilde;o F&iacute;sica da Cia C Ap.</p>'),
  (7,121,2015,NULL,NULL,NULL,NULL,NULL,NULL,NULL,NULL,'Concorrente A',1,NULL,0,NULL,0,NULL,1,NULL,0,NULL,'<p>&Iacute;ndice de men&ccedil;&otilde;es E e MB no Teste de Avalia&ccedil;&atilde;o F&iacute;sica do EP da Cia Com PC.</p>'),
  (8,122,2015,NULL,NULL,NULL,NULL,NULL,NULL,NULL,NULL,'Concorrente A',1,NULL,0,NULL,0,NULL,1,NULL,0,NULL,'<p>&Iacute;ndice de men&ccedil;&otilde;es E e MB no teste de Avalia&ccedil;&atilde;o F&iacute;sica do EV da Cia Com PC.</p>'),
  (9,123,2015,NULL,NULL,NULL,NULL,NULL,NULL,NULL,NULL,'Concorrente A',1,NULL,0,NULL,0,NULL,1,NULL,0,NULL,'<p>Indice de men&ccedil;&otilde;es E e MB no Teste de Avalia&ccedil;&atilde;o F&iacute;sica da Cia Com PC.</p>'),
  (10,124,2015,NULL,NULL,NULL,NULL,NULL,NULL,NULL,NULL,'Concorrente A',1,NULL,0,NULL,0,NULL,1,NULL,0,NULL,'<p>&Iacute;ndice de men&ccedil;&otilde;es E e MB no Teste de Avalia&ccedil;&atilde;o F&iacute;sica do EP da Cia Com PCR.</p>'),
  (11,125,2015,NULL,NULL,NULL,NULL,NULL,NULL,NULL,NULL,'Concorrente A',1,NULL,0,NULL,NULL,NULL,1,NULL,0,NULL,NULL),
  (12,126,2015,NULL,NULL,NULL,NULL,NULL,NULL,NULL,NULL,'Concorrente A',1,NULL,0,NULL,0,NULL,1,NULL,0,NULL,'<p>&Iacute;ndice de men&ccedil;&otilde;es E e MB no Teste de Avalia&ccedil;&atilde;o F&iacute;sica da Cia Com PCR.</p>'),
  (13,127,2015,NULL,NULL,NULL,NULL,NULL,NULL,NULL,NULL,'Concorrente A',1,NULL,0,NULL,0,NULL,1,NULL,0,NULL,'<p>&Iacute;ndice de men&ccedil;&otilde;es E e MB no Teste de Avalia&ccedil;&atilde;o F&iacute;sica do EP da Cia Com Nodal.</p>'),
  (14,128,2015,NULL,NULL,NULL,NULL,NULL,NULL,NULL,NULL,'Concorrente A',1,NULL,0,NULL,0,NULL,1,NULL,0,NULL,'<p>&Iacute;ndice de men&ccedil;&otilde;es E e MB no Teste de Avalia&ccedil;&atilde;o F&iacute;sica do EV da Cia Com Nodal.</p>'),
  (15,129,2015,NULL,NULL,NULL,NULL,NULL,NULL,NULL,NULL,'Concorrente A',1,NULL,0,NULL,0,NULL,1,NULL,0,NULL,'<p>&Iacute;ndice de men&ccedil;&otilde;es E e MB no Teste de Avalia&ccedil;&atilde;o F&iacute;sica da Cia Com Nodal.</p>'),
  (16,130,2015,NULL,NULL,NULL,NULL,NULL,NULL,NULL,NULL,NULL,1,NULL,0,NULL,0,NULL,1,NULL,0,NULL,'<p>Valor arrecadado junto aos permission&aacute;rios, pelos respectivos contratos de permiss&atilde;o de uso, de acordo com a lei 8666.</p>'),
  (17,131,2015,NULL,NULL,NULL,NULL,NULL,NULL,NULL,NULL,NULL,1,NULL,0,NULL,0,NULL,1,NULL,0,NULL,'<p>Valor gasto com &aacute;gua e luz devido aos contratos de permiss&atilde;o de uso, dentro da Organizacao.</p>'),
  (18,455,2015,NULL,NULL,NULL,NULL,NULL,NULL,NULL,NULL,'0',1,NULL,0,NULL,0,NULL,1,NULL,0,NULL,NULL),
  (19,456,2015,NULL,NULL,NULL,NULL,NULL,NULL,NULL,NULL,'6o B Com',1,NULL,1,NULL,1,NULL,1,NULL,1,NULL,NULL),
  (20,457,2015,NULL,NULL,NULL,NULL,NULL,NULL,NULL,NULL,'6º B Com',1,NULL,0,NULL,0,NULL,1,NULL,1,NULL,NULL),
  (21,458,2015,NULL,NULL,NULL,NULL,NULL,NULL,NULL,NULL,NULL,1,NULL,0,NULL,0,NULL,1,NULL,0,NULL,NULL),
  (22,459,2015,NULL,NULL,NULL,NULL,NULL,NULL,NULL,NULL,NULL,1,NULL,0,NULL,0,NULL,1,NULL,0,NULL,NULL),
  (23,460,2015,NULL,NULL,NULL,NULL,NULL,NULL,NULL,NULL,NULL,1,NULL,0,NULL,0,NULL,1,NULL,0,NULL,NULL),
  (24,461,2015,NULL,NULL,NULL,NULL,NULL,NULL,NULL,NULL,'3º B Com',1,NULL,0,NULL,0,NULL,1,NULL,0,NULL,NULL),
  (25,462,2015,NULL,NULL,NULL,NULL,NULL,NULL,NULL,NULL,'3º B Com',1,NULL,0,NULL,0,NULL,1,NULL,0,NULL,NULL),
  (26,463,2015,NULL,NULL,NULL,NULL,NULL,NULL,NULL,NULL,'3º B Com',1,NULL,0,NULL,0,NULL,1,NULL,0,NULL,NULL),
  (27,464,2015,NULL,NULL,NULL,NULL,NULL,NULL,NULL,NULL,NULL,1,NULL,0,NULL,0,NULL,1,NULL,0,NULL,NULL),
  (28,465,2015,NULL,NULL,NULL,NULL,NULL,NULL,NULL,NULL,'3º B Com',1,NULL,0,NULL,0,NULL,1,NULL,0,NULL,NULL);


INSERT INTO pratica_indicador_nos_marcadores (pratica_indicador_id, pratica_marcador_id, ano, uuid) VALUES
	(3, 1376, 2015, NULL),
	(3, 1364, 2015, NULL),
	(3, 1078, 2015, NULL),
	(3, 1080, 2015, NULL),
	(3, 1152, 2015, NULL),
	(3, 1154, 2015, NULL),
	(3, 1252, 2015, NULL),
	(3, 1254, 2015, NULL),
	(3, 504, 2015, NULL),
	(3, 339, 2015, NULL),
	(3, 341, 2015, NULL),
	(6, 1152, 2015, NULL),
	(6, 1154, 2015, NULL),
	(6, 1155, 2015, NULL),
	(6, 1078, 2015, NULL),
	(6, 1080, 2015, NULL),
	(6, 1252, 2015, NULL),
	(6, 1254, 2015, NULL),
	(6, 1368, 2015, NULL),
	(6, 1369, 2015, NULL),
	(6, 338, 2015, NULL),
	(6, 339, 2015, NULL),
	(4, 1151, 2015, NULL),
	(4, 1251, 2015, NULL),
	(4, 1077, 2015, NULL),
	(4, 340, 2015, NULL),
	(4, 503, 2015, NULL),
	(4, 1370, 2015, NULL),
	(4, 1371, 2015, NULL),
	(4, 1372, 2015, NULL),
	(4, 1373, 2015, NULL),
	(4, 1374, 2015, NULL),
	(4, 1375, 2015, NULL),
	(6, 503, 2015, NULL),
	(130, 1370, 2015, NULL),
	(130, 1371, 2015, NULL),
	(130, 1372, 2015, NULL),
	(130, 1373, 2015, NULL),
	(130, 1374, 2015, NULL),
	(130, 1375, 2015, NULL),
	(130, 340, 2015, NULL),
	(130, 503, 2015, NULL),
	(130, 1251, 2015, NULL),
	(130, 1151, 2015, NULL),
	(130, 1077, 2015, NULL),
	(131, 340, 2015, NULL),
	(131, 503, 2015, NULL),
	(131, 1370, 2015, NULL),
	(131, 1371, 2015, NULL),
	(131, 1372, 2015, NULL),
	(131, 1373, 2015, NULL),
	(131, 1374, 2015, NULL),
	(131, 1375, 2015, NULL),
	(131, 1077, 2015, NULL),
	(131, 1251, 2015, NULL),
	(131, 1151, 2015, NULL),
	(455, 1370, 2015, NULL),
	(455, 1372, 2015, NULL),
	(455, 1375, 2015, NULL),
	(455, 1374, 2015, NULL),
	(455, 1251, 2015, NULL),
	(455, 1151, 2015, NULL),
	(455, 1155, 2015, NULL),
	(455, 1255, 2015, NULL),
	(455, 340, 2015, NULL),
	(455, 503, 2015, NULL),
	(455, 1081, 2015, NULL),
	(455, 1077, 2015, NULL),
	(456, 1376, 2015, NULL),
	(456, 1377, 2015, NULL),
	(456, 506, 2015, NULL),
	(456, 1255, 2015, NULL),
	(456, 1155, 2015, NULL),
	(456, 1079, 2015, NULL),
	(456, 1080, 2015, NULL),
	(456, 343, 2015, NULL),
	(457, 341, 2015, NULL),
	(457, 504, 2015, NULL),
	(457, 1362, 2015, NULL),
	(457, 1363, 2015, NULL),
	(457, 1364, 2015, NULL),
	(457, 1365, 2015, NULL),
	(457, 1080, 2015, NULL),
	(457, 1154, 2015, NULL),
	(457, 1255, 2015, NULL),
	(458, 341, 2015, NULL),
	(458, 504, 2015, NULL),
	(458, 1368, 2015, NULL),
	(458, 1080, 2015, NULL),
	(458, 1154, 2015, NULL),
	(458, 1254, 2015, NULL),
	(459, 343, 2015, NULL),
	(459, 339, 2015, NULL),
	(459, 502, 2015, NULL),
	(459, 506, 2015, NULL),
	(459, 1376, 2015, NULL),
	(459, 1377, 2015, NULL),
	(459, 1080, 2015, NULL),
	(459, 1078, 2015, NULL),
	(459, 1152, 2015, NULL),
	(459, 1155, 2015, NULL),
	(459, 1255, 2015, NULL),
	(459, 1252, 2015, NULL),
	(460, 343, 2015, NULL),
	(460, 506, 2015, NULL),
	(460, 1376, 2015, NULL),
	(460, 1081, 2015, NULL),
	(460, 1155, 2015, NULL),
	(460, 1255, 2015, NULL),
	(463, 339, 2015, NULL),
	(463, 502, 2015, NULL),
	(463, 1363, 2015, NULL),
	(463, 1364, 2015, NULL),
	(463, 1078, 2015, NULL),
	(463, 1152, 2015, NULL),
	(463, 1252, 2015, NULL),
	(464, 339, 2015, NULL),
	(464, 502, 2015, NULL),
	(464, 1364, 2015, NULL),
	(464, 1078, 2015, NULL),
	(464, 1152, 2015, NULL),
	(464, 1252, 2015, NULL),
	(465, 339, 2015, NULL),
	(465, 502, 2015, NULL),
	(465, 1364, 2015, NULL),
	(465, 1078, 2015, NULL),
	(465, 1152, 2015, NULL),
	(465, 1252, 2015, NULL);



INSERT INTO pratica_nos_marcadores (pratica, marcador, ano, uuid) VALUES
	(124, 335, 2015, NULL),
	(124, 336, 2015, NULL),
	(124, 337, 2015, NULL),
	(124, 492, 2015, NULL),
	(124, 493, 2015, NULL),
	(124, 494, 2015, NULL),
	(124, 495, 2015, NULL),
	(124, 926, 2015, NULL),
	(11, 810, 2015, NULL),
	(130, 500, 2015, NULL),
	(130, 498, 2015, NULL),
	(130, 497, 2015, NULL),
	(130, 496, 2015, NULL),
	(130, 931, 2015, NULL),
	(130, 932, 2015, NULL),
	(28, 827, 2015, NULL),
	(115, 333, 2015, NULL),
	(115, 486, 2015, NULL),
	(115, 914, 2015, NULL),
	(29, 301, 2015, NULL),
	(29, 306, 2015, NULL),
	(29, 328, 2015, NULL),
	(29, 332, 2015, NULL),
	(29, 401, 2015, NULL),
	(29, 408, 2015, NULL),
	(29, 415, 2015, NULL),
	(29, 416, 2015, NULL),
	(29, 417, 2015, NULL),
	(29, 419, 2015, NULL),
	(29, 424, 2015, NULL),
	(29, 427, 2015, NULL),
	(29, 449, 2015, NULL),
	(29, 475, 2015, NULL),
	(29, 483, 2015, NULL),
	(29, 828, 2015, NULL),
	(168, 461, 2015, NULL),
	(168, 885, 2015, NULL),
	(41, 303, 2015, NULL),
	(41, 308, 2015, NULL),
	(41, 485, 2015, NULL),
	(124, 335, 2015, NULL),
	(124, 336, 2015, NULL),
	(124, 337, 2015, NULL),
	(124, 492, 2015, NULL),
	(124, 493, 2015, NULL),
	(124, 494, 2015, NULL),
	(124, 495, 2015, NULL),
	(124, 926, 2015, NULL),
	(11, 810, 2015, NULL),
	(130, 500, 2015, NULL),
	(130, 498, 2015, NULL),
	(130, 497, 2015, NULL),
	(130, 496, 2015, NULL),
	(130, 931, 2015, NULL),
	(130, 932, 2015, NULL),
	(28, 827, 2015, NULL),
	(115, 333, 2015, NULL),
	(115, 486, 2015, NULL),
	(115, 914, 2015, NULL),
	(29, 301, 2015, NULL),
	(29, 306, 2015, NULL),
	(29, 328, 2015, NULL),
	(29, 332, 2015, NULL),
	(29, 401, 2015, NULL),
	(29, 408, 2015, NULL),
	(29, 415, 2015, NULL),
	(29, 416, 2015, NULL),
	(29, 417, 2015, NULL),
	(29, 419, 2015, NULL),
	(29, 424, 2015, NULL),
	(29, 427, 2015, NULL),
	(29, 449, 2015, NULL),
	(29, 475, 2015, NULL),
	(29, 483, 2015, NULL),
	(29, 828, 2015, NULL),
	(168, 461, 2015, NULL),
	(168, 885, 2015, NULL),
	(41, 303, 2015, NULL),
	(41, 308, 2015, NULL),
	(41, 485, 2015, NULL),
	(124, 335, 2015, NULL),
	(124, 336, 2015, NULL),
	(124, 337, 2015, NULL),
	(124, 492, 2015, NULL),
	(124, 493, 2015, NULL),
	(124, 494, 2015, NULL),
	(124, 495, 2015, NULL),
	(124, 926, 2015, NULL),
	(11, 810, 2015, NULL),
	(130, 500, 2015, NULL),
	(130, 498, 2015, NULL),
	(130, 497, 2015, NULL),
	(130, 496, 2015, NULL),
	(130, 931, 2015, NULL),
	(130, 932, 2015, NULL),
	(28, 827, 2015, NULL),
	(115, 333, 2015, NULL),
	(115, 486, 2015, NULL),
	(115, 914, 2015, NULL),
	(29, 301, 2015, NULL),
	(29, 306, 2015, NULL),
	(29, 328, 2015, NULL),
	(29, 332, 2015, NULL),
	(29, 401, 2015, NULL),
	(29, 408, 2015, NULL),
	(29, 415, 2015, NULL),
	(29, 416, 2015, NULL),
	(29, 417, 2015, NULL),
	(29, 419, 2015, NULL),
	(29, 424, 2015, NULL),
	(29, 427, 2015, NULL),
	(29, 449, 2015, NULL),
	(29, 475, 2015, NULL),
	(29, 483, 2015, NULL),
	(29, 828, 2015, NULL),
	(168, 461, 2015, NULL),
	(168, 885, 2015, NULL),
	(41, 303, 2015, NULL),
	(41, 308, 2015, NULL),
	(41, 485, 2015, NULL),
	(45, 311, 2015, NULL),
	(45, 427, 2015, NULL),
	(45, 483, 2015, NULL),
	(45, 844, 2015, NULL),
	(81, 873, 2015, NULL),
	(81, 323, 2015, NULL),
	(81, 459, 2015, NULL),
	(81, 880, 2015, NULL),
	(111, 306, 2015, NULL),
	(111, 325, 2015, NULL),
	(111, 332, 2015, NULL),
	(111, 483, 2015, NULL),
	(111, 910, 2015, NULL),
	(80, 459, 2015, NULL),
	(80, 871, 2015, NULL),
	(14, 459, 2015, NULL),
	(14, 879, 2015, NULL),
	(51, 929, 2015, NULL),
	(51, 301, 2015, NULL),
	(51, 311, 2015, NULL),
	(51, 401, 2015, NULL),
	(51, 415, 2015, NULL),
	(51, 416, 2015, NULL),
	(51, 417, 2015, NULL),
	(51, 419, 2015, NULL),
	(51, 424, 2015, NULL),
	(51, 428, 2015, NULL),
	(51, 449, 2015, NULL),
	(51, 485, 2015, NULL),
	(51, 850, 2015, NULL),
	(51, 921, 2015, NULL),
	(51, 922, 2015, NULL),
	(51, 930, 2015, NULL),
	(19, 411, 2015, NULL),
	(19, 412, 2015, NULL),
	(19, 426, 2015, NULL),
	(19, 432, 2015, NULL),
	(19, 486, 2015, NULL),
	(19, 487, 2015, NULL),
	(19, 804, 2015, NULL),
	(19, 810, 2015, NULL),
	(19, 812, 2015, NULL),
	(19, 818, 2015, NULL),
	(109, 330, 2015, NULL),
	(109, 331, 2015, NULL),
	(109, 418, 2015, NULL),
	(109, 908, 2015, NULL),
	(33, 301, 2015, NULL),
	(33, 306, 2015, NULL),
	(33, 315, 2015, NULL),
	(33, 417, 2015, NULL),
	(33, 449, 2015, NULL),
	(33, 832, 2015, NULL),
	(127, 308, 2015, NULL),
	(127, 337, 2015, NULL),
	(127, 500, 2015, NULL),
	(127, 499, 2015, NULL),
	(127, 498, 2015, NULL),
	(127, 497, 2015, NULL),
	(127, 496, 2015, NULL),
	(127, 929, 2015, NULL),
	(93, 325, 2015, NULL),
	(93, 466, 2015, NULL),
	(93, 467, 2015, NULL),
	(93, 892, 2015, NULL),
	(38, 304, 2015, NULL),
	(38, 305, 2015, NULL),
	(38, 310, 2015, NULL),
	(38, 837, 2015, NULL),
	(70, 314, 2015, NULL),
	(70, 869, 2015, NULL),
	(22, 821, 2015, NULL),
	(69, 319, 2015, NULL),
	(69, 862, 2015, NULL),
	(69, 868, 2015, NULL),
	(118, 333, 2015, NULL),
	(118, 334, 2015, NULL),
	(118, 917, 2015, NULL),
	(120, 334, 2015, NULL),
	(120, 919, 2015, NULL),
	(99, 327, 2015, NULL),
	(99, 328, 2015, NULL),
	(99, 898, 2015, NULL),
	(151, 331, 2015, NULL),
	(151, 908, 2015, NULL),
	(90, 324, 2015, NULL),
	(90, 326, 2015, NULL),
	(90, 889, 2015, NULL),
	(112, 911, 2015, NULL),
	(141, 329, 2015, NULL),
	(141, 905, 2015, NULL),
	(73, 320, 2015, NULL),
	(73, 420, 2015, NULL),
	(73, 872, 2015, NULL),
	(92, 324, 2015, NULL),
	(92, 891, 2015, NULL),
	(12, 811, 2015, NULL),
	(74, 873, 2015, NULL),
	(83, 332, 2015, NULL),
	(83, 882, 2015, NULL),
	(94, 326, 2015, NULL),
	(94, 893, 2015, NULL),
	(104, 333, 2015, NULL),
	(104, 334, 2015, NULL),
	(104, 903, 2015, NULL),
	(140, 329, 2015, NULL),
	(140, 905, 2015, NULL),
	(140, 907, 2015, NULL),
	(156, 316, 2015, NULL),
	(156, 318, 2015, NULL),
	(156, 864, 2015, NULL),
	(156, 865, 2015, NULL),
	(9, 302, 2015, NULL),
	(9, 400, 2015, NULL),
	(9, 808, 2015, NULL),
	(15, 895, 2015, NULL),
	(15, 469, 2015, NULL),
	(15, 814, 2015, NULL),
	(71, 314, 2015, NULL),
	(71, 851, 2015, NULL),
	(71, 853, 2015, NULL),
	(71, 854, 2015, NULL),
	(71, 856, 2015, NULL),
	(71, 870, 2015, NULL),
	(157, 314, 2015, NULL),
	(157, 851, 2015, NULL),
	(157, 853, 2015, NULL),
	(157, 908, 2015, NULL),
	(82, 881, 2015, NULL),
	(126, 335, 2015, NULL),
	(126, 337, 2015, NULL),
	(103, 324, 2015, NULL),
	(103, 327, 2015, NULL),
	(103, 328, 2015, NULL),
	(103, 902, 2015, NULL),
	(42, 841, 2015, NULL),
	(128, 308, 2015, NULL),
	(128, 337, 2015, NULL),
	(128, 930, 2015, NULL),
	(96, 330, 2015, NULL),
	(96, 895, 2015, NULL),
	(21, 328, 2015, NULL),
	(21, 820, 2015, NULL),
	(21, 902, 2015, NULL),
	(98, 326, 2015, NULL),
	(98, 330, 2015, NULL),
	(98, 897, 2015, NULL),
	(76, 322, 2015, NULL),
	(6, 403, 2015, NULL),
	(6, 805, 2015, NULL),
	(165, 852, 2015, NULL),
	(117, 916, 2015, NULL),
	(8, 807, 2015, NULL),
	(8, 302, 2015, NULL),
	(2, 801, 2015, NULL),
	(26, 307, 2015, NULL),
	(26, 825, 2015, NULL),
	(3, 301, 2015, NULL),
	(3, 401, 2015, NULL),
	(3, 421, 2015, NULL),
	(3, 802, 2015, NULL),
	(1, 401, 2015, NULL),
	(1, 800, 2015, NULL),
	(25, 332, 2015, NULL),
	(25, 824, 2015, NULL),
	(79, 321, 2015, NULL),
	(79, 878, 2015, NULL),
	(67, 313, 2015, NULL),
	(67, 314, 2015, NULL),
	(67, 866, 2015, NULL),
	(138, 329, 2015, NULL),
	(138, 906, 2015, NULL),
	(171, 924, 2015, NULL),
	(137, 329, 2015, NULL),
	(137, 904, 2015, NULL),
	(137, 906, 2015, NULL),
	(149, 406, 2015, NULL),
	(149, 409, 2015, NULL),
	(149, 819, 2015, NULL),
	(149, 820, 2015, NULL),
	(149, 900, 2015, NULL),
	(149, 901, 2015, NULL),
	(167, 884, 2015, NULL),
	(24, 823, 2015, NULL),
	(122, 309, 2015, NULL),
	(122, 320, 2015, NULL),
	(122, 333, 2015, NULL),
	(122, 920, 2015, NULL),
	(88, 325, 2015, NULL),
	(88, 887, 2015, NULL),
	(170, 923, 2015, NULL),
	(78, 321, 2015, NULL),
	(78, 322, 2015, NULL),
	(78, 877, 2015, NULL),
	(172, 888, 2015, NULL),
	(95, 300, 2015, NULL),
	(95, 894, 2015, NULL),
	(159, 301, 2015, NULL),
	(159, 309, 2015, NULL),
	(159, 400, 2015, NULL),
	(159, 401, 2015, NULL),
	(159, 413, 2015, NULL),
	(159, 421, 2015, NULL),
	(159, 425, 2015, NULL),
	(159, 802, 2015, NULL),
	(159, 876, 2015, NULL),
	(107, 329, 2015, NULL),
	(107, 906, 2015, NULL),
	(143, 891, 2015, NULL),
	(131, 308, 2015, NULL),
	(131, 337, 2015, NULL),
	(131, 933, 2015, NULL),
	(114, 333, 2015, NULL),
	(114, 913, 2015, NULL),
	(162, 836, 2015, NULL),
	(35, 834, 2015, NULL),
	(34, 833, 2015, NULL),
	(166, 861, 2015, NULL),
	(65, 864, 2015, NULL),
	(134, 321, 2015, NULL),
	(134, 322, 2015, NULL),
	(134, 324, 2015, NULL),
	(134, 876, 2015, NULL),
	(49, 312, 2015, NULL),
	(49, 848, 2015, NULL),
	(132, 312, 2015, NULL),
	(132, 848, 2015, NULL),
	(40, 839, 2015, NULL),
	(77, 876, 2015, NULL),
	(133, 301, 2015, NULL),
	(133, 309, 2015, NULL),
	(133, 400, 2015, NULL),
	(133, 401, 2015, NULL),
	(133, 413, 2015, NULL),
	(133, 421, 2015, NULL),
	(133, 425, 2015, NULL),
	(133, 444, 2015, NULL),
	(133, 802, 2015, NULL),
	(133, 876, 2015, NULL),
	(160, 820, 2015, NULL),
	(139, 329, 2015, NULL),
	(139, 907, 2015, NULL),
	(155, 316, 2015, NULL),
	(155, 318, 2015, NULL),
	(155, 865, 2015, NULL),
	(158, 315, 2015, NULL),
	(158, 317, 2015, NULL),
	(158, 319, 2015, NULL),
	(158, 846, 2015, NULL),
	(158, 849, 2015, NULL),
	(116, 332, 2015, NULL),
	(116, 337, 2015, NULL),
	(116, 915, 2015, NULL),
	(4, 803, 2015, NULL),
	(60, 315, 2015, NULL),
	(60, 859, 2015, NULL),
	(135, 316, 2015, NULL),
	(135, 319, 2015, NULL),
	(135, 863, 2015, NULL),
	(135, 867, 2015, NULL),
	(27, 826, 2015, NULL),
	(59, 315, 2015, NULL),
	(59, 858, 2015, NULL),
	(44, 306, 2015, NULL),
	(44, 311, 2015, NULL),
	(44, 332, 2015, NULL),
	(44, 843, 2015, NULL),
	(123, 335, 2015, NULL),
	(123, 336, 2015, NULL),
	(123, 337, 2015, NULL),
	(123, 925, 2015, NULL),
	(32, 303, 2015, NULL),
	(32, 306, 2015, NULL),
	(32, 831, 2015, NULL),
	(153, 302, 2015, NULL),
	(153, 815, 2015, NULL),
	(10, 809, 2015, NULL),
	(148, 305, 2015, NULL),
	(148, 334, 2015, NULL),
	(148, 917, 2015, NULL),
	(148, 918, 2015, NULL),
	(148, 919, 2015, NULL),
	(148, 920, 2015, NULL),
	(75, 874, 2015, NULL),
	(75, 320, 2015, NULL),
	(146, 890, 2015, NULL),
	(169, 912, 2015, NULL),
	(72, 871, 2015, NULL),
	(100, 899, 2015, NULL),
	(13, 305, 2015, NULL),
	(13, 310, 2015, NULL),
	(13, 333, 2015, NULL),
	(13, 334, 2015, NULL),
	(13, 812, 2015, NULL),
	(136, 329, 2015, NULL),
	(136, 904, 2015, NULL),
	(150, 313, 2015, NULL),
	(150, 315, 2015, NULL),
	(150, 860, 2015, NULL),
	(16, 815, 2015, NULL),
	(16, 302, 2015, NULL),
	(16, 400, 2015, NULL),
	(16, 405, 2015, NULL),
	(144, 324, 2015, NULL),
	(30, 829, 2015, NULL),
	(97, 896, 2015, NULL),
	(43, 842, 2015, NULL),
	(43, 853, 2015, NULL),
	(43, 311, 2015, NULL),
	(7, 806, 2015, NULL),
	(7, 302, 2015, NULL),
	(7, 405, 2015, NULL),
	(125, 337, 2015, NULL),
	(125, 335, 2015, NULL),
	(125, 927, 2015, NULL),
	(142, 909, 2015, NULL),
	(142, 300, 2015, NULL),
	(142, 330, 2015, NULL),
	(145, 881, 2015, NULL),
	(18, 817, 2015, NULL),
	(17, 816, 2015, NULL),
	(154, 815, 2015, NULL),
	(154, 302, 2015, NULL),
	(154, 400, 2015, NULL),
	(154, 406, 2015, NULL),
	(154, 409, 2015, NULL),
	(173, 330, 2015, NULL),
	(173, 481, 2015, NULL),
	(173, 909, 2015, NULL),
	(11, 310, 2015, NULL),
	(11, 426, 2015, NULL),
	(130, 337, 2015, NULL),
	(28, 300, 2015, NULL),
	(28, 302, 2015, NULL),
	(28, 310, 2015, NULL),
	(28, 327, 2015, NULL),
	(28, 333, 2015, NULL),
	(28, 334, 2015, NULL),
	(28, 408, 2015, NULL),
	(28, 410, 2015, NULL),
	(28, 411, 2015, NULL),
	(28, 426, 2015, NULL),
	(28, 472, 2015, NULL),
	(28, 473, 2015, NULL),
	(28, 487, 2015, NULL),
	(168, 320, 2015, NULL),
	(84, 307, 2015, NULL),
	(84, 456, 2015, NULL),
	(84, 824, 2015, NULL),
	(23, 304, 2015, NULL),
	(23, 305, 2015, NULL),
	(23, 307, 2015, NULL),
	(23, 411, 2015, NULL),
	(23, 412, 2015, NULL),
	(23, 416, 2015, NULL),
	(23, 436, 2015, NULL),
	(23, 804, 2015, NULL),
	(23, 812, 2015, NULL),
	(23, 822, 2015, NULL),
	(80, 323, 2015, NULL),
	(14, 304, 2015, NULL),
	(14, 305, 2015, NULL),
	(14, 307, 2015, NULL),
	(14, 331, 2015, NULL),
	(14, 334, 2015, NULL),
	(14, 436, 2015, NULL),
	(19, 304, 2015, NULL),
	(19, 305, 2015, NULL),
	(19, 310, 2015, NULL),
	(19, 314, 2015, NULL),
	(19, 333, 2015, NULL),
	(19, 334, 2015, NULL),
	(109, 479, 2015, NULL),
	(109, 482, 2015, NULL),
	(38, 412, 2015, NULL),
	(38, 411, 2015, NULL),
	(38, 414, 2015, NULL),
	(38, 426, 2015, NULL),
	(70, 436, 2015, NULL),
	(22, 305, 2015, NULL),
	(22, 304, 2015, NULL),
	(22, 303, 2015, NULL),
	(22, 412, 2015, NULL),
	(118, 486, 2015, NULL),
	(118, 487, 2015, NULL),
	(120, 486, 2015, NULL),
	(120, 487, 2015, NULL),
	(99, 472, 2015, NULL),
	(99, 475, 2015, NULL),
	(151, 479, 2015, NULL),
	(90, 462, 2015, NULL),
	(90, 470, 2015, NULL),
	(112, 466, 2015, NULL),
	(141, 478, 2015, NULL),
	(92, 458, 2015, NULL),
	(12, 325, 2015, NULL),
	(12, 466, 2015, NULL),
	(74, 324, 2015, NULL),
	(74, 463, 2015, NULL),
	(74, 462, 2015, NULL),
	(83, 485, 2015, NULL),
	(94, 467, 2015, NULL),
	(94, 470, 2015, NULL),
	(104, 411, 2015, NULL),
	(104, 426, 2015, NULL),
	(104, 486, 2015, NULL),
	(104, 487, 2015, NULL),
	(78, 455, 2015, NULL),
	(78, 458, 2015, NULL),
	(172, 467, 2015, NULL),
	(107, 478, 2015, NULL),
	(143, 324, 2015, NULL),
	(143, 322, 2015, NULL),
	(143, 455, 2015, NULL),
	(143, 463, 2015, NULL),
	(143, 462, 2015, NULL),
	(131, 497, 2015, NULL),
	(131, 424, 2015, NULL),
	(114, 486, 2015, NULL),
	(114, 487, 2015, NULL),
	(162, 307, 2015, NULL),
	(162, 310, 2015, NULL),
	(162, 422, 2015, NULL),
	(162, 426, 2015, NULL),
	(41, 929, 2015, NULL),
	(41, 930, 2015, NULL),
	(41, 932, 2015, NULL),
	(41, 933, 2015, NULL),
	(166, 319, 2015, NULL),
	(166, 449, 2015, NULL),
	(166, 450, 2015, NULL),
	(65, 315, 2015, NULL),
	(65, 316, 2015, NULL),
	(65, 318, 2015, NULL),
	(65, 319, 2015, NULL),
	(65, 438, 2015, NULL),
	(65, 447, 2015, NULL),
	(134, 454, 2015, NULL),
	(134, 455, 2015, NULL),
	(134, 456, 2015, NULL),
	(134, 458, 2015, NULL),
	(134, 462, 2015, NULL),
	(34, 416, 2015, NULL),
	(34, 306, 2015, NULL),
	(35, 416, 2015, NULL),
	(35, 408, 2015, NULL),
	(35, 405, 2015, NULL),
	(35, 306, 2015, NULL),
	(132, 429, 2015, NULL),
	(77, 322, 2015, NULL),
	(77, 324, 2015, NULL),
	(77, 455, 2015, NULL),
	(77, 457, 2015, NULL),
	(77, 462, 2015, NULL),
	(77, 463, 2015, NULL),
	(160, 303, 2015, NULL),
	(160, 453, 2015, NULL),
	(160, 480, 2015, NULL),
	(139, 478, 2015, NULL),
	(155, 447, 2015, NULL),
	(116, 485, 2015, NULL),
	(116, 486, 2015, NULL),
	(4, 414, 2015, NULL),
	(4, 303, 2015, NULL),
	(60, 438, 2015, NULL),
	(135, 447, 2015, NULL),
	(135, 449, 2015, NULL),
	(27, 301, 2015, NULL),
	(119, 324, 2015, NULL),
	(119, 334, 2015, NULL),
	(119, 332, 2015, NULL),
	(119, 333, 2015, NULL),
	(119, 462, 2015, NULL),
	(119, 485, 2015, NULL),
	(119, 486, 2015, NULL),
	(119, 487, 2015, NULL),
	(59, 438, 2015, NULL),
	(44, 427, 2015, NULL),
	(44, 428, 2015, NULL),
	(44, 422, 2015, NULL),
	(163, 311, 2015, NULL),
	(163, 427, 2015, NULL),
	(163, 428, 2015, NULL),
	(123, 489, 2015, NULL),
	(123, 493, 2015, NULL),
	(123, 496, 2015, NULL),
	(123, 497, 2015, NULL),
	(153, 400, 2015, NULL),
	(161, 306, 2015, NULL),
	(161, 307, 2015, NULL),
	(161, 422, 2015, NULL),
	(161, 837, 2015, NULL),
	(161, 838, 2015, NULL),
	(148, 412, 2015, NULL),
	(148, 487, 2015, NULL),
	(75, 454, 2015, NULL),
	(146, 324, 2015, NULL),
	(146, 462, 2015, NULL),
	(169, 306, 2015, NULL),
	(169, 307, 2015, NULL),
	(169, 310, 2015, NULL),
	(169, 422, 2015, NULL),
	(169, 426, 2015, NULL),
	(100, 334, 2015, NULL),
	(100, 486, 2015, NULL),
	(100, 487, 2015, NULL),
	(100, 485, 2015, NULL),
	(13, 414, 2015, NULL),
	(13, 412, 2015, NULL),
	(13, 411, 2015, NULL),
	(13, 426, 2015, NULL),
	(13, 486, 2015, NULL),
	(13, 487, 2015, NULL),
	(136, 478, 2015, NULL),
	(150, 434, 2015, NULL),
	(150, 438, 2015, NULL),
	(144, 462, 2015, NULL),
	(30, 303, 2015, NULL),
	(30, 302, 2015, NULL),
	(30, 309, 2015, NULL),
	(30, 405, 2015, NULL),
	(30, 421, 2015, NULL),
	(20, 305, 2015, NULL),
	(20, 406, 2015, NULL),
	(20, 409, 2015, NULL),
	(20, 820, 2015, NULL),
	(20, 819, 2015, NULL),
	(97, 466, 2015, NULL),
	(97, 469, 2015, NULL),
	(97, 470, 2015, NULL),
	(43, 428, 2015, NULL),
	(125, 489, 2015, NULL),
	(125, 488, 2015, NULL),
	(142, 480, 2015, NULL),
	(142, 481, 2015, NULL),
	(145, 459, 2015, NULL),
	(145, 460, 2015, NULL),
	(18, 304, 2015, NULL),
	(18, 305, 2015, NULL),
	(18, 414, 2015, NULL),
	(18, 412, 2015, NULL),
	(17, 405, 2015, NULL),
	(140, 478, 2015, NULL),
	(156, 443, 2015, NULL),
	(156, 441, 2015, NULL),
	(71, 431, 2015, NULL),
	(71, 436, 2015, NULL),
	(82, 460, 2015, NULL),
	(126, 488, 2015, NULL),
	(126, 489, 2015, NULL),
	(126, 498, 2015, NULL),
	(126, 497, 2015, NULL),
	(126, 496, 2015, NULL),
	(126, 925, 2015, NULL),
	(126, 933, 2015, NULL),
	(56, 315, 2015, NULL),
	(56, 316, 2015, NULL),
	(56, 318, 2015, NULL),
	(56, 438, 2015, NULL),
	(56, 441, 2015, NULL),
	(56, 442, 2015, NULL),
	(103, 462, 2015, NULL),
	(103, 472, 2015, NULL),
	(103, 473, 2015, NULL),
	(103, 475, 2015, NULL),
	(42, 310, 2015, NULL),
	(42, 334, 2015, NULL),
	(42, 408, 2015, NULL),
	(42, 414, 2015, NULL),
	(42, 486, 2015, NULL),
	(128, 496, 2015, NULL),
	(128, 497, 2015, NULL),
	(128, 499, 2015, NULL),
	(164, 422, 2015, NULL),
	(96, 480, 2015, NULL),
	(96, 481, 2015, NULL),
	(21, 475, 2015, NULL),
	(98, 469, 2015, NULL),
	(98, 471, 2015, NULL),
	(98, 895, 2015, NULL),
	(76, 458, 2015, NULL),
	(76, 455, 2015, NULL),
	(76, 891, 2015, NULL),
	(165, 311, 2015, NULL),
	(165, 314, 2015, NULL),
	(165, 324, 2015, NULL),
	(165, 428, 2015, NULL),
	(165, 429, 2015, NULL),
	(165, 437, 2015, NULL),
	(117, 334, 2015, NULL),
	(117, 487, 2015, NULL),
	(8, 400, 2015, NULL),
	(8, 405, 2015, NULL),
	(26, 422, 2015, NULL),
	(1, 301, 2015, NULL),
	(25, 487, 2015, NULL),
	(79, 463, 2015, NULL),
	(67, 434, 2015, NULL),
	(67, 436, 2015, NULL),
	(138, 480, 2015, NULL),
	(171, 333, 2015, NULL),
	(171, 489, 2015, NULL),
	(171, 491, 2015, NULL),
	(137, 478, 2015, NULL),
	(137, 480, 2015, NULL),
	(167, 331, 2015, NULL),
	(167, 481, 2015, NULL),
	(24, 454, 2015, NULL),
	(24, 459, 2015, NULL),
	(24, 460, 2015, NULL),
	(24, 874, 2015, NULL),
	(122, 425, 2015, NULL),
	(88, 466, 2015, NULL),
	(170, 493, 2015, NULL),
	(170, 492, 2015, NULL),
	(170, 490, 2015, NULL),
	(173, 329, 2015, NULL),
	(173, 482, 2015, NULL),
	(173, 480, 2015, NULL),
	(173, 478, 2015, NULL),
	(173, 906, 2015, NULL),
	(11, 811, 2015, NULL),
	(11, 325, 2015, NULL),
	(11, 326, 2015, NULL),
	(11, 303, 2015, NULL),
	(11, 302, 2015, NULL),
	(11, 301, 2015, NULL),
	(11, 300, 2015, NULL),
	(11, 400, 2015, NULL),
	(11, 401, 2015, NULL),
	(11, 486, 2015, NULL),
	(11, 470, 2015, NULL),
	(11, 466, 2015, NULL),
	(130, 499, 2015, NULL),
	(130, 933, 2015, NULL),
	(28, 400, 2015, NULL),
	(28, 401, 2015, NULL),
	(28, 482, 2015, NULL),
	(28, 480, 2015, NULL),
	(28, 477, 2015, NULL),
	(115, 334, 2015, NULL),
	(115, 332, 2015, NULL),
	(115, 485, 2015, NULL),
	(115, 487, 2015, NULL),
	(115, 919, 2015, NULL),
	(29, 334, 2015, NULL),
	(29, 454, 2015, NULL),
	(168, 305, 2015, NULL),
	(168, 307, 2015, NULL),
	(168, 310, 2015, NULL),
	(168, 323, 2015, NULL),
	(168, 324, 2015, NULL),
	(168, 325, 2015, NULL),
	(168, 326, 2015, NULL),
	(168, 332, 2015, NULL),
	(168, 334, 2015, NULL),
	(168, 422, 2015, NULL),
	(168, 456, 2015, NULL),
	(168, 459, 2015, NULL),
	(168, 485, 2015, NULL),
	(41, 337, 2015, NULL),
	(41, 496, 2015, NULL),
	(41, 500, 2015, NULL),
	(41, 499, 2015, NULL),
	(41, 498, 2015, NULL),
	(41, 497, 2015, NULL),
	(84, 300, 2015, NULL),
	(84, 301, 2015, NULL),
	(84, 311, 2015, NULL),
	(84, 332, 2015, NULL),
	(84, 334, 2015, NULL),
	(84, 337, 2015, NULL),
	(84, 402, 2015, NULL),
	(84, 410, 2015, NULL),
	(84, 411, 2015, NULL),
	(84, 412, 2015, NULL),
	(84, 418, 2015, NULL),
	(84, 419, 2015, NULL),
	(84, 424, 2015, NULL),
	(84, 428, 2015, NULL),
	(84, 431, 2015, NULL),
	(84, 436, 2015, NULL),
	(84, 466, 2015, NULL),
	(23, 320, 2015, NULL),
	(23, 332, 2015, NULL),
	(23, 334, 2015, NULL),
	(23, 418, 2015, NULL),
	(23, 419, 2015, NULL),
	(45, 428, 2015, NULL),
	(81, 460, 2015, NULL),
	(111, 333, 2015, NULL),
	(111, 334, 2015, NULL),
	(111, 405, 2015, NULL),
	(111, 485, 2015, NULL),
	(14, 422, 2015, NULL),
	(14, 460, 2015, NULL),
	(14, 476, 2015, NULL),
	(51, 313, 2015, NULL),
	(51, 434, 2015, NULL),
	(19, 306, 2015, NULL),
	(109, 313, 2015, NULL),
	(109, 314, 2015, NULL),
	(109, 324, 2015, NULL),
	(109, 434, 2015, NULL),
	(127, 932, 2015, NULL),
	(127, 933, 2015, NULL),
	(93, 477, 2015, NULL),
	(38, 301, 2015, NULL),
	(38, 332, 2015, NULL),
	(38, 334, 2015, NULL),
	(38, 401, 2015, NULL),
	(38, 483, 2015, NULL),
	(38, 485, 2015, NULL),
	(38, 838, 2015, NULL),
	(38, 839, 2015, NULL),
	(38, 841, 2015, NULL),
	(38, 911, 2015, NULL),
	(38, 910, 2015, NULL),
	(38, 917, 2015, NULL),
	(70, 301, 2015, NULL),
	(70, 307, 2015, NULL),
	(70, 310, 2015, NULL),
	(70, 332, 2015, NULL),
	(70, 331, 2015, NULL),
	(70, 408, 2015, NULL),
	(70, 411, 2015, NULL),
	(70, 412, 2015, NULL),
	(70, 414, 2015, NULL),
	(70, 418, 2015, NULL),
	(70, 419, 2015, NULL),
	(70, 485, 2015, NULL),
	(70, 484, 2015, NULL),
	(22, 411, 2015, NULL),
	(69, 449, 2015, NULL),
	(69, 450, 2015, NULL),
	(69, 452, 2015, NULL),
	(151, 482, 2015, NULL),
	(112, 332, 2015, NULL),
	(112, 334, 2015, NULL),
	(112, 483, 2015, NULL),
	(112, 485, 2015, NULL),
	(112, 487, 2015, NULL),
	(73, 454, 2015, NULL),
	(73, 456, 2015, NULL),
	(92, 462, 2015, NULL),
	(12, 408, 2015, NULL),
	(78, 878, 2015, NULL),
	(78, 324, 2015, NULL),
	(172, 325, 2015, NULL),
	(172, 892, 2015, NULL),
	(95, 320, 2015, NULL),
	(95, 408, 2015, NULL),
	(107, 904, 2015, NULL),
	(131, 498, 2015, NULL),
	(131, 496, 2015, NULL),
	(114, 334, 2015, NULL),
	(35, 308, 2015, NULL),
	(35, 424, 2015, NULL),
	(35, 423, 2015, NULL),
	(166, 863, 2015, NULL),
	(134, 320, 2015, NULL),
	(49, 320, 2015, NULL),
	(49, 324, 2015, NULL),
	(49, 457, 2015, NULL),
	(49, 462, 2015, NULL),
	(40, 324, 2015, NULL),
	(40, 309, 2015, NULL),
	(40, 421, 2015, NULL),
	(40, 420, 2015, NULL),
	(40, 425, 2015, NULL),
	(160, 334, 2015, NULL),
	(155, 471, 2015, NULL),
	(158, 331, 2015, NULL),
	(158, 330, 2015, NULL),
	(158, 469, 2015, NULL),
	(158, 471, 2015, NULL),
	(158, 482, 2015, NULL),
	(158, 481, 2015, NULL),
	(158, 480, 2015, NULL),
	(158, 895, 2015, NULL),
	(116, 334, 2015, NULL),
	(116, 333, 2015, NULL),
	(116, 487, 2015, NULL),
	(27, 401, 2015, NULL),
	(59, 441, 2015, NULL),
	(59, 859, 2015, NULL),
	(163, 844, 2015, NULL),
	(163, 845, 2015, NULL),
	(123, 926, 2015, NULL),
	(32, 305, 2015, NULL),
	(32, 418, 2015, NULL),
	(32, 419, 2015, NULL),
	(161, 830, 2015, NULL),
	(161, 833, 2015, NULL),
	(10, 332, 2015, NULL),
	(10, 333, 2015, NULL),
	(10, 485, 2015, NULL),
	(148, 484, 2015, NULL),
	(72, 320, 2015, NULL),
	(72, 454, 2015, NULL),
	(72, 456, 2015, NULL),
	(100, 406, 2015, NULL),
	(100, 470, 2015, NULL),
	(150, 318, 2015, NULL),
	(150, 441, 2015, NULL),
	(150, 442, 2015, NULL),
	(150, 859, 2015, NULL),
	(144, 889, 2015, NULL),
	(30, 456, 2015, NULL),
	(97, 327, 2015, NULL),
	(97, 331, 2015, NULL),
	(125, 500, 2015, NULL),
	(125, 499, 2015, NULL),
	(125, 498, 2015, NULL),
	(125, 497, 2015, NULL),
	(145, 324, 2015, NULL),
	(145, 320, 2015, NULL),
	(145, 323, 2015, NULL),
	(17, 302, 2015, NULL),
	(17, 400, 2015, NULL),
	(154, 405, 2015, NULL),
	(15, 316, 2015, NULL),
	(15, 334, 2015, NULL),
	(15, 456, 2015, NULL),
	(15, 487, 2015, NULL),
	(71, 331, 2015, NULL),
	(71, 482, 2015, NULL),
	(157, 330, 2015, NULL),
	(157, 331, 2015, NULL),
	(157, 436, 2015, NULL),
	(157, 479, 2015, NULL),
	(157, 482, 2015, NULL),
	(82, 320, 2015, NULL),
	(82, 459, 2015, NULL),
	(126, 500, 2015, NULL),
	(126, 499, 2015, NULL),
	(126, 927, 2015, NULL),
	(56, 856, 2015, NULL),
	(42, 419, 2015, NULL),
	(164, 331, 2015, NULL),
	(164, 307, 2015, NULL),
	(164, 436, 2015, NULL),
	(164, 482, 2015, NULL),
	(164, 853, 2015, NULL),
	(6, 303, 2015, NULL),
	(165, 334, 2015, NULL),
	(165, 485, 2015, NULL),
	(165, 487, 2015, NULL),
	(2, 301, 2015, NULL),
	(2, 401, 2015, NULL),
	(3, 801, 2015, NULL),
	(25, 306, 2015, NULL),
	(67, 447, 2015, NULL),
	(67, 448, 2015, NULL),
	(138, 330, 2015, NULL),
	(138, 478, 2015, NULL),
	(171, 303, 2015, NULL),
	(137, 330, 2015, NULL),
	(149, 328, 2015, NULL),
	(149, 324, 2015, NULL),
	(149, 475, 2015, NULL),
	(167, 334, 2015, NULL),
	(167, 487, 2015, NULL),
	(24, 320, 2015, NULL),
	(122, 334, 2015, NULL),
	(122, 337, 2015, NULL),
	(122, 500, 2015, NULL),
	(122, 487, 2015, NULL),
	(122, 486, 2015, NULL),
	(170, 336, 2015, NULL),
	(170, 494, 2015, NULL),
	(119, 917, 2015, NULL),
	(119, 919, 2015, NULL),
	(173, 1070, 2015, NULL),
	(173, 1071, 2015, NULL),
	(173, 1135, 2015, NULL),
	(173, 1137, 2015, NULL),
	(173, 1136, 2015, NULL),
	(11, 1041, 2015, NULL),
	(11, 1069, 2015, NULL),
	(11, 1086, 2015, NULL),
	(11, 1126, 2015, NULL),
	(11, 1130, 2015, NULL),
	(11, 1132, 2015, NULL),
	(11, 1134, 2015, NULL),
	(130, 1076, 2015, NULL),
	(130, 1147, 2015, NULL),
	(130, 1148, 2015, NULL),
	(130, 1149, 2015, NULL),
	(130, 1150, 2015, NULL),
	(28, 1047, 2015, NULL),
	(28, 1049, 2015, NULL),
	(28, 1074, 2015, NULL),
	(28, 1086, 2015, NULL),
	(28, 1094, 2015, NULL),
	(28, 1096, 2015, NULL),
	(28, 1132, 2015, NULL),
	(28, 1142, 2015, NULL),
	(115, 1062, 2015, NULL),
	(115, 1061, 2015, NULL),
	(115, 1074, 2015, NULL),
	(115, 1140, 2015, NULL),
	(115, 1138, 2015, NULL),
	(29, 1046, 2015, NULL),
	(29, 1050, 2015, NULL),
	(29, 1082, 2015, NULL),
	(29, 1086, 2015, NULL),
	(29, 1089, 2015, NULL),
	(29, 1093, 2015, NULL),
	(29, 1105, 2015, NULL),
	(168, 1095, 2015, NULL),
	(168, 1050, 2015, NULL),
	(168, 1051, 2015, NULL),
	(168, 1047, 2015, NULL),
	(41, 1050, 2015, NULL),
	(41, 1076, 2015, NULL),
	(41, 1069, 2015, NULL),
	(41, 1065, 2015, NULL),
	(41, 1066, 2015, NULL),
	(41, 1103, 2015, NULL),
	(41, 1147, 2015, NULL),
	(41, 1148, 2015, NULL),
	(41, 1149, 2015, NULL),
	(41, 1150, 2015, NULL),
	(84, 1043, 2015, NULL),
	(84, 1064, 2015, NULL),
	(84, 1073, 2015, NULL),
	(84, 1087, 2015, NULL),
	(23, 1047, 2015, NULL),
	(23, 1048, 2015, NULL),
	(23, 1049, 2015, NULL),
	(23, 1050, 2015, NULL),
	(23, 1051, 2015, NULL),
	(23, 1097, 2015, NULL),
	(23, 1099, 2015, NULL),
	(23, 1100, 2015, NULL),
	(23, 1105, 2015, NULL),
	(45, 1092, 2015, NULL),
	(45, 1102, 2015, NULL),
	(45, 1105, 2015, NULL),
	(45, 1106, 2015, NULL),
	(45, 1052, 2015, NULL),
	(45, 1053, 2015, NULL),
	(81, 1126, 2015, NULL),
	(81, 1047, 2015, NULL),
	(81, 1065, 2015, NULL),
	(111, 1086, 2015, NULL),
	(111, 1102, 2015, NULL),
	(111, 1042, 2015, NULL),
	(111, 1043, 2015, NULL),
	(111, 1048, 2015, NULL),
	(111, 1097, 2015, NULL),
	(80, 1097, 2015, NULL),
	(80, 1048, 2015, NULL),
	(14, 1051, 2015, NULL),
	(14, 1050, 2015, NULL),
	(14, 1101, 2015, NULL),
	(14, 1095, 2015, NULL),
	(14, 1096, 2015, NULL),
	(14, 1097, 2015, NULL),
	(14, 1099, 2015, NULL),
	(51, 1086, 2015, NULL),
	(51, 1093, 2015, NULL),
	(51, 1048, 2015, NULL),
	(51, 1049, 2015, NULL),
	(51, 1050, 2015, NULL),
	(51, 1051, 2015, NULL),
	(19, 1048, 2015, NULL),
	(19, 1049, 2015, NULL),
	(19, 1095, 2015, NULL),
	(19, 1096, 2015, NULL),
	(19, 1097, 2015, NULL),
	(109, 1055, 2015, NULL),
	(109, 1056, 2015, NULL),
	(109, 1109, 2015, NULL),
	(33, 1097, 2015, NULL),
	(33, 1048, 2015, NULL),
	(127, 1076, 2015, NULL),
	(127, 1148, 2015, NULL),
	(127, 1147, 2015, NULL),
	(127, 1150, 2015, NULL),
	(93, 1126, 2015, NULL),
	(93, 1127, 2015, NULL),
	(93, 1128, 2015, NULL),
	(93, 1129, 2015, NULL),
	(93, 1065, 2015, NULL),
	(93, 1066, 2015, NULL),
	(38, 1051, 2015, NULL),
	(38, 1101, 2015, NULL),
	(38, 1104, 2015, NULL),
	(70, 1086, 2015, NULL),
	(70, 1084, 2015, NULL),
	(70, 1092, 2015, NULL),
	(70, 1093, 2015, NULL),
	(70, 1042, 2015, NULL),
	(70, 1046, 2015, NULL),
	(70, 1047, 2015, NULL),
	(70, 1045, 2015, NULL),
	(70, 1044, 2015, NULL),
	(22, 1047, 2015, NULL),
	(22, 1050, 2015, NULL),
	(22, 1051, 2015, NULL),
	(22, 1095, 2015, NULL),
	(22, 1097, 2015, NULL),
	(22, 1099, 2015, NULL),
	(22, 1100, 2015, NULL),
	(69, 1060, 2015, NULL),
	(69, 1050, 2015, NULL),
	(69, 1042, 2015, NULL),
	(69, 1043, 2015, NULL),
	(69, 1091, 2015, NULL),
	(69, 1100, 2015, NULL),
	(69, 1104, 2015, NULL),
	(118, 1073, 2015, NULL),
	(118, 1074, 2015, NULL),
	(118, 1087, 2015, NULL),
	(118, 1086, 2015, NULL),
	(118, 1138, 2015, NULL),
	(118, 1140, 2015, NULL),
	(118, 1141, 2015, NULL),
	(118, 1142, 2015, NULL),
	(120, 1072, 2015, NULL),
	(120, 1073, 2015, NULL),
	(120, 1074, 2015, NULL),
	(120, 1086, 2015, NULL),
	(120, 1087, 2015, NULL),
	(120, 1138, 2015, NULL),
	(120, 1140, 2015, NULL),
	(120, 1142, 2015, NULL),
	(99, 1069, 2015, NULL),
	(99, 1129, 2015, NULL),
	(99, 1132, 2015, NULL),
	(99, 1133, 2015, NULL),
	(99, 1134, 2015, NULL),
	(151, 1055, 2015, NULL),
	(151, 1109, 2015, NULL),
	(90, 1061, 2015, NULL),
	(90, 1064, 2015, NULL),
	(90, 1086, 2015, NULL),
	(90, 1122, 2015, NULL),
	(90, 1124, 2015, NULL),
	(90, 1125, 2015, NULL),
	(112, 1043, 2015, NULL),
	(112, 1072, 2015, NULL),
	(112, 1086, 2015, NULL),
	(112, 1138, 2015, NULL),
	(112, 1140, 2015, NULL),
	(141, 1070, 2015, NULL),
	(141, 1135, 2015, NULL),
	(73, 1062, 2015, NULL),
	(73, 1065, 2015, NULL),
	(73, 1121, 2015, NULL),
	(92, 1125, 2015, NULL),
	(92, 1124, 2015, NULL),
	(92, 1064, 2015, NULL),
	(12, 1042, 2015, NULL),
	(12, 1086, 2015, NULL),
	(74, 1061, 2015, NULL),
	(74, 1062, 2015, NULL),
	(74, 1112, 2015, NULL),
	(74, 1125, 2015, NULL),
	(74, 1122, 2015, NULL),
	(83, 1042, 2015, NULL),
	(83, 1044, 2015, NULL),
	(83, 1046, 2015, NULL),
	(83, 1050, 2015, NULL),
	(83, 1051, 2015, NULL),
	(83, 1086, 2015, NULL),
	(83, 1101, 2015, NULL),
	(94, 1066, 2015, NULL),
	(94, 1067, 2015, NULL),
	(94, 1128, 2015, NULL),
	(94, 1130, 2015, NULL),
	(94, 1131, 2015, NULL),
	(94, 1132, 2015, NULL),
	(104, 1095, 2015, NULL),
	(104, 1134, 2015, NULL),
	(104, 1132, 2015, NULL),
	(104, 1047, 2015, NULL),
	(104, 1069, 2015, NULL),
	(78, 1063, 2015, NULL),
	(78, 1123, 2015, NULL),
	(78, 1122, 2015, NULL),
	(172, 1091, 2015, NULL),
	(172, 1127, 2015, NULL),
	(172, 1128, 2015, NULL),
	(172, 1066, 2015, NULL),
	(95, 1084, 2015, NULL),
	(95, 1086, 2015, NULL),
	(95, 1042, 2015, NULL),
	(95, 1046, 2015, NULL),
	(159, 1089, 2015, NULL),
	(159, 1125, 2015, NULL),
	(159, 1064, 2015, NULL),
	(159, 1062, 2015, NULL),
	(107, 1070, 2015, NULL),
	(107, 1071, 2015, NULL),
	(107, 1135, 2015, NULL),
	(143, 1064, 2015, NULL),
	(143, 1125, 2015, NULL),
	(131, 1076, 2015, NULL),
	(131, 1150, 2015, NULL),
	(131, 1149, 2015, NULL),
	(131, 1148, 2015, NULL),
	(131, 1147, 2015, NULL),
	(114, 1065, 2015, NULL),
	(114, 1046, 2015, NULL),
	(114, 1073, 2015, NULL),
	(114, 1126, 2015, NULL),
	(114, 1086, 2015, NULL),
	(114, 1138, 2015, NULL),
	(114, 1140, 2015, NULL),
	(114, 1141, 2015, NULL),
	(162, 1051, 2015, NULL),
	(162, 1101, 2015, NULL),
	(162, 1102, 2015, NULL),
	(162, 1103, 2015, NULL),
	(35, 1050, 2015, NULL),
	(35, 1051, 2015, NULL),
	(35, 1100, 2015, NULL),
	(35, 1103, 2015, NULL),
	(35, 1149, 2015, NULL),
	(34, 1091, 2015, NULL),
	(34, 1101, 2015, NULL),
	(34, 1126, 2015, NULL),
	(34, 1053, 2015, NULL),
	(166, 1059, 2015, NULL),
	(166, 1060, 2015, NULL),
	(166, 1116, 2015, NULL),
	(166, 1118, 2015, NULL),
	(166, 1120, 2015, NULL),
	(65, 1041, 2015, NULL),
	(65, 1042, 2015, NULL),
	(65, 1046, 2015, NULL),
	(65, 1050, 2015, NULL),
	(65, 1082, 2015, NULL),
	(65, 1084, 2015, NULL),
	(65, 1085, 2015, NULL),
	(65, 1086, 2015, NULL),
	(134, 1062, 2015, NULL),
	(134, 1064, 2015, NULL),
	(134, 1122, 2015, NULL),
	(49, 1061, 2015, NULL),
	(49, 1062, 2015, NULL),
	(49, 1121, 2015, NULL),
	(49, 1122, 2015, NULL),
	(132, 1054, 2015, NULL),
	(132, 1107, 2015, NULL),
	(132, 1108, 2015, NULL),
	(40, 1041, 2015, NULL),
	(40, 1046, 2015, NULL),
	(40, 1064, 2015, NULL),
	(40, 1085, 2015, NULL),
	(40, 1086, 2015, NULL),
	(77, 1062, 2015, NULL),
	(77, 1064, 2015, NULL),
	(77, 1124, 2015, NULL),
	(77, 1125, 2015, NULL),
	(133, 1041, 2015, NULL),
	(133, 1085, 2015, NULL),
	(160, 1137, 2015, NULL),
	(160, 1116, 2015, NULL),
	(160, 1117, 2015, NULL),
	(160, 1071, 2015, NULL),
	(139, 1070, 2015, NULL),
	(139, 1135, 2015, NULL),
	(155, 1068, 2015, NULL),
	(155, 1131, 2015, NULL),
	(155, 1134, 2015, NULL),
	(158, 1137, 2015, NULL),
	(158, 1117, 2015, NULL),
	(158, 1118, 2015, NULL),
	(158, 1120, 2015, NULL),
	(158, 1060, 2015, NULL),
	(158, 1071, 2015, NULL),
	(116, 1073, 2015, NULL),
	(116, 1074, 2015, NULL),
	(116, 1088, 2015, NULL),
	(116, 1114, 2015, NULL),
	(116, 1138, 2015, NULL),
	(116, 1140, 2015, NULL),
	(116, 1141, 2015, NULL),
	(116, 1142, 2015, NULL),
	(4, 1044, 2015, NULL),
	(4, 1089, 2015, NULL),
	(4, 1096, 2015, NULL),
	(60, 1058, 2015, NULL),
	(60, 1114, 2015, NULL),
	(135, 1137, 2015, NULL),
	(135, 1117, 2015, NULL),
	(135, 1118, 2015, NULL),
	(135, 1120, 2015, NULL),
	(135, 1060, 2015, NULL),
	(135, 1068, 2015, NULL),
	(135, 1071, 2015, NULL),
	(27, 1041, 2015, NULL),
	(27, 1085, 2015, NULL),
	(27, 1089, 2015, NULL),
	(119, 1141, 2015, NULL),
	(119, 1142, 2015, NULL),
	(119, 1073, 2015, NULL),
	(119, 1074, 2015, NULL),
	(59, 1047, 2015, NULL),
	(59, 1053, 2015, NULL),
	(59, 1057, 2015, NULL),
	(59, 1058, 2015, NULL),
	(59, 1106, 2015, NULL),
	(59, 1113, 2015, NULL),
	(59, 1138, 2015, NULL),
	(59, 1142, 2015, NULL),
	(44, 1041, 2015, NULL),
	(44, 1052, 2015, NULL),
	(44, 1082, 2015, NULL),
	(44, 1084, 2015, NULL),
	(44, 1085, 2015, NULL),
	(163, 1052, 2015, NULL),
	(163, 1053, 2015, NULL),
	(163, 1105, 2015, NULL),
	(163, 1106, 2015, NULL),
	(123, 1075, 2015, NULL),
	(123, 1076, 2015, NULL),
	(123, 1143, 2015, NULL),
	(123, 1144, 2015, NULL),
	(123, 1145, 2015, NULL),
	(123, 1147, 2015, NULL),
	(123, 1149, 2015, NULL),
	(123, 1150, 2015, NULL),
	(32, 1050, 2015, NULL),
	(32, 1051, 2015, NULL),
	(32, 1042, 2015, NULL),
	(32, 1043, 2015, NULL),
	(32, 1086, 2015, NULL),
	(32, 1087, 2015, NULL),
	(153, 1041, 2015, NULL),
	(153, 1068, 2015, NULL),
	(153, 1085, 2015, NULL),
	(153, 1131, 2015, NULL),
	(161, 1095, 2015, NULL),
	(161, 1101, 2015, NULL),
	(161, 1051, 2015, NULL),
	(161, 1050, 2015, NULL),
	(10, 1106, 2015, NULL),
	(10, 1073, 2015, NULL),
	(10, 1042, 2015, NULL),
	(10, 1045, 2015, NULL),
	(10, 1046, 2015, NULL),
	(10, 1089, 2015, NULL),
	(10, 1090, 2015, NULL),
	(10, 1093, 2015, NULL),
	(148, 1042, 2015, NULL),
	(148, 1043, 2015, NULL),
	(148, 1053, 2015, NULL),
	(148, 1073, 2015, NULL),
	(148, 1138, 2015, NULL),
	(148, 1141, 2015, NULL),
	(75, 1062, 2015, NULL),
	(75, 1061, 2015, NULL),
	(75, 1064, 2015, NULL),
	(75, 1122, 2015, NULL),
	(75, 1125, 2015, NULL),
	(146, 1064, 2015, NULL),
	(146, 1050, 2015, NULL),
	(146, 1051, 2015, NULL),
	(146, 1100, 2015, NULL),
	(146, 1125, 2015, NULL),
	(169, 1101, 2015, NULL),
	(169, 1103, 2015, NULL),
	(169, 1093, 2015, NULL),
	(169, 1051, 2015, NULL),
	(169, 1046, 2015, NULL),
	(72, 1061, 2015, NULL),
	(72, 1044, 2015, NULL),
	(72, 1121, 2015, NULL),
	(72, 1089, 2015, NULL),
	(100, 1043, 2015, NULL),
	(100, 1074, 2015, NULL),
	(13, 1042, 2015, NULL),
	(13, 1086, 2015, NULL),
	(100, 1087, 2015, NULL),
	(136, 1070, 2015, NULL),
	(136, 1071, 2015, NULL),
	(136, 1135, 2015, NULL),
	(136, 1137, 2015, NULL),
	(150, 1042, 2015, NULL),
	(150, 1088, 2015, NULL),
	(16, 1064, 2015, NULL),
	(16, 1041, 2015, NULL),
	(16, 1085, 2015, NULL),
	(16, 1125, 2015, NULL),
	(144, 1064, 2015, NULL),
	(144, 1125, 2015, NULL),
	(30, 1041, 2015, NULL),
	(30, 1085, 2015, NULL),
	(20, 1069, 2015, NULL),
	(20, 1134, 2015, NULL),
	(20, 1133, 2015, NULL),
	(20, 1132, 2015, NULL),
	(97, 1068, 2015, NULL),
	(97, 1069, 2015, NULL),
	(97, 1065, 2015, NULL),
	(97, 1126, 2015, NULL),
	(97, 1132, 2015, NULL),
	(97, 1133, 2015, NULL),
	(43, 1053, 2015, NULL),
	(43, 1091, 2015, NULL),
	(43, 1106, 2015, NULL),
	(7, 1042, 2015, NULL),
	(7, 1082, 2015, NULL),
	(7, 1086, 2015, NULL);

INSERT INTO pratica_nos_marcadores (pratica, marcador, ano, uuid) VALUES
	(125, 1076, 2015, NULL),
	(125, 1075, 2015, NULL),
	(125, 1150, 2015, NULL),
	(125, 1148, 2015, NULL),
	(125, 1143, 2015, NULL),
	(125, 1144, 2015, NULL),
	(142, 1071, 2015, NULL),
	(142, 1137, 2015, NULL),
	(145, 1062, 2015, NULL),
	(145, 1064, 2015, NULL),
	(145, 1122, 2015, NULL),
	(145, 1125, 2015, NULL),
	(18, 1046, 2015, NULL),
	(18, 1067, 2015, NULL),
	(18, 1089, 2015, NULL),
	(18, 1091, 2015, NULL),
	(18, 1093, 2015, NULL),
	(17, 1043, 2015, NULL),
	(17, 1044, 2015, NULL),
	(17, 1046, 2015, NULL),
	(154, 1041, 2015, NULL),
	(154, 1064, 2015, NULL),
	(17, 1089, 2015, NULL),
	(17, 1092, 2015, NULL),
	(17, 1093, 2015, NULL),
	(154, 1085, 2015, NULL),
	(140, 1070, 2015, NULL),
	(140, 1071, 2015, NULL),
	(140, 1135, 2015, NULL),
	(156, 1131, 2015, NULL),
	(156, 1134, 2015, NULL),
	(156, 1133, 2015, NULL),
	(156, 1069, 2015, NULL),
	(9, 1041, 2015, NULL),
	(9, 1042, 2015, NULL),
	(9, 1046, 2015, NULL),
	(9, 1085, 2015, NULL),
	(15, 1065, 2015, NULL),
	(15, 1126, 2015, NULL),
	(71, 1056, 2015, NULL),
	(71, 1111, 2015, NULL),
	(71, 1110, 2015, NULL),
	(157, 1056, 2015, NULL),
	(157, 1071, 2015, NULL),
	(82, 1061, 2015, NULL),
	(82, 1062, 2015, NULL),
	(82, 1122, 2015, NULL),
	(82, 1121, 2015, NULL),
	(157, 1111, 2015, NULL),
	(126, 1076, 2015, NULL),
	(126, 1075, 2015, NULL),
	(126, 1150, 2015, NULL),
	(126, 1143, 2015, NULL),
	(56, 1058, 2015, NULL),
	(56, 1060, 2015, NULL),
	(56, 1114, 2015, NULL),
	(103, 1069, 2015, NULL),
	(103, 1132, 2015, NULL),
	(103, 1133, 2015, NULL),
	(42, 1042, 2015, NULL),
	(42, 1044, 2015, NULL),
	(42, 1046, 2015, NULL),
	(42, 1047, 2015, NULL),
	(42, 1048, 2015, NULL),
	(42, 1087, 2015, NULL),
	(42, 1089, 2015, NULL),
	(128, 1076, 2015, NULL),
	(128, 1074, 2015, NULL),
	(128, 1073, 2015, NULL),
	(128, 1150, 2015, NULL),
	(128, 1140, 2015, NULL),
	(164, 1049, 2015, NULL),
	(164, 1050, 2015, NULL),
	(164, 1121, 2015, NULL),
	(164, 1122, 2015, NULL),
	(164, 1126, 2015, NULL),
	(170, 1075, 2015, NULL),
	(170, 1073, 2015, NULL),
	(170, 1143, 2015, NULL),
	(170, 1144, 2015, NULL),
	(170, 1141, 2015, NULL),
	(88, 1065, 2015, NULL),
	(88, 1126, 2015, NULL),
	(122, 1122, 2015, NULL),
	(122, 1062, 2015, NULL),
	(122, 1061, 2015, NULL),
	(24, 1121, 2015, NULL),
	(24, 1122, 2015, NULL),
	(24, 1061, 2015, NULL),
	(24, 1062, 2015, NULL),
	(167, 1073, 2015, NULL),
	(167, 1141, 2015, NULL),
	(149, 1069, 2015, NULL),
	(149, 1131, 2015, NULL),
	(149, 1133, 2015, NULL),
	(137, 1070, 2015, NULL),
	(137, 1071, 2015, NULL),
	(137, 1135, 2015, NULL),
	(137, 1137, 2015, NULL),
	(171, 1073, 2015, NULL),
	(171, 1141, 2015, NULL),
	(138, 1070, 2015, NULL),
	(138, 1071, 2015, NULL),
	(138, 1135, 2015, NULL),
	(138, 1137, 2015, NULL),
	(67, 1056, 2015, NULL),
	(67, 1055, 2015, NULL),
	(67, 1111, 2015, NULL),
	(67, 1109, 2015, NULL),
	(79, 1063, 2015, NULL),
	(79, 1123, 2015, NULL),
	(25, 1050, 2015, NULL),
	(25, 1100, 2015, NULL),
	(1, 1044, 2015, NULL),
	(1, 1089, 2015, NULL),
	(3, 1044, 2015, NULL),
	(3, 1089, 2015, NULL),
	(26, 1049, 2015, NULL),
	(26, 1048, 2015, NULL),
	(26, 1097, 2015, NULL),
	(26, 1099, 2015, NULL),
	(2, 1044, 2015, NULL),
	(2, 1089, 2015, NULL),
	(8, 1042, 2015, NULL),
	(8, 1046, 2015, NULL),
	(8, 1082, 2015, NULL),
	(8, 1086, 2015, NULL),
	(8, 1087, 2015, NULL),
	(117, 1072, 2015, NULL),
	(117, 1140, 2015, NULL),
	(117, 1141, 2015, NULL),
	(165, 1042, 2015, NULL),
	(165, 1100, 2015, NULL),
	(165, 1124, 2015, NULL),
	(6, 1042, 2015, NULL),
	(6, 1086, 2015, NULL),
	(76, 1122, 2015, NULL),
	(76, 1123, 2015, NULL),
	(76, 1125, 2015, NULL),
	(76, 1064, 2015, NULL),
	(76, 1062, 2015, NULL),
	(76, 1063, 2015, NULL),
	(98, 1068, 2015, NULL),
	(98, 1131, 2015, NULL),
	(21, 1069, 2015, NULL),
	(21, 1133, 2015, NULL),
	(96, 1060, 2015, NULL),
	(96, 1071, 2015, NULL),
	(96, 1120, 2015, NULL),
	(96, 1118, 2015, NULL),
	(96, 1137, 2015, NULL),
	(173, 1228, 2015, NULL),
	(173, 1230, 2015, NULL),
	(173, 1205, 2015, NULL),
	(173, 1222, 2015, NULL),
	(173, 1224, 2015, NULL),
	(11, 1158, 2015, NULL),
	(130, 1247, 2015, NULL),
	(130, 1248, 2015, NULL),
	(130, 1249, 2015, NULL),
	(130, 1250, 2015, NULL),
	(28, 1160, 2015, NULL),
	(28, 1174, 2015, NULL),
	(28, 1176, 2015, NULL),
	(115, 1233, 2015, NULL),
	(115, 1235, 2015, NULL),
	(115, 1237, 2015, NULL),
	(115, 1238, 2015, NULL),
	(29, 1156, 2015, NULL),
	(29, 1157, 2015, NULL),
	(29, 1158, 2015, NULL),
	(29, 1160, 2015, NULL),
	(29, 1163, 2015, NULL),
	(29, 1164, 2015, NULL),
	(29, 1172, 2015, NULL),
	(168, 1173, 2015, NULL),
	(168, 1162, 2015, NULL),
	(168, 1174, 2015, NULL),
	(168, 1175, 2015, NULL),
	(41, 1186, 2015, NULL),
	(41, 1250, 2015, NULL),
	(84, 1086, 2015, NULL),
	(84, 1160, 2015, NULL),
	(84, 1163, 2015, NULL),
	(84, 1233, 2015, NULL),
	(84, 1235, 2015, NULL),
	(84, 1238, 2015, NULL),
	(23, 1177, 2015, NULL),
	(23, 1182, 2015, NULL),
	(23, 1184, 2015, NULL),
	(23, 1183, 2015, NULL),
	(45, 1188, 2015, NULL),
	(45, 1156, 2015, NULL),
	(45, 1158, 2015, NULL),
	(81, 1173, 2015, NULL),
	(81, 1179, 2015, NULL),
	(111, 1160, 2015, NULL),
	(111, 1161, 2015, NULL),
	(111, 1235, 2015, NULL),
	(111, 1237, 2015, NULL),
	(80, 1174, 2015, NULL),
	(80, 1182, 2015, NULL),
	(14, 1173, 2015, NULL),
	(14, 1174, 2015, NULL),
	(14, 1175, 2015, NULL),
	(51, 1164, 2015, NULL),
	(51, 1166, 2015, NULL),
	(51, 1194, 2015, NULL),
	(19, 1160, 2015, NULL),
	(109, 1194, 2015, NULL),
	(33, 1177, 2015, NULL),
	(33, 1178, 2015, NULL),
	(33, 1179, 2015, NULL),
	(33, 1182, 2015, NULL),
	(127, 1250, 2015, NULL),
	(127, 1247, 2015, NULL),
	(127, 1249, 2015, NULL),
	(127, 1248, 2015, NULL),
	(93, 1217, 2015, NULL),
	(93, 1218, 2015, NULL),
	(93, 1219, 2015, NULL),
	(93, 1220, 2015, NULL),
	(93, 1221, 2015, NULL),
	(38, 1184, 2015, NULL),
	(38, 1187, 2015, NULL),
	(70, 1158, 2015, NULL),
	(70, 1160, 2015, NULL),
	(22, 1177, 2015, NULL),
	(69, 1169, 2015, NULL),
	(69, 1170, 2015, NULL),
	(69, 1160, 2015, NULL),
	(69, 1162, 2015, NULL),
	(118, 1158, 2015, NULL),
	(118, 1160, 2015, NULL),
	(120, 1160, 2015, NULL),
	(99, 1224, 2015, NULL),
	(151, 1194, 2015, NULL),
	(90, 1160, 2015, NULL),
	(90, 1213, 2015, NULL),
	(90, 1214, 2015, NULL),
	(90, 1216, 2015, NULL),
	(112, 1233, 2015, NULL),
	(112, 1235, 2015, NULL),
	(141, 1228, 2015, NULL),
	(73, 1209, 2015, NULL),
	(92, 1215, 2015, NULL),
	(92, 1216, 2015, NULL),
	(92, 1214, 2015, NULL),
	(12, 1160, 2015, NULL),
	(12, 1164, 2015, NULL),
	(74, 1216, 2015, NULL),
	(74, 1217, 2015, NULL),
	(83, 1160, 2015, NULL),
	(83, 1217, 2015, NULL),
	(94, 1217, 2015, NULL),
	(94, 1218, 2015, NULL),
	(94, 1221, 2015, NULL),
	(104, 1221, 2015, NULL),
	(78, 1212, 2015, NULL),
	(78, 1210, 2015, NULL),
	(172, 1170, 2015, NULL),
	(172, 1189, 2015, NULL),
	(95, 1158, 2015, NULL),
	(95, 1160, 2015, NULL),
	(159, 1166, 2015, NULL),
	(159, 1216, 2015, NULL),
	(107, 1165, 2015, NULL),
	(107, 1228, 2015, NULL),
	(143, 1216, 2015, NULL),
	(131, 1250, 2015, NULL),
	(131, 1249, 2015, NULL),
	(131, 1248, 2015, NULL),
	(131, 1247, 2015, NULL),
	(114, 1217, 2015, NULL),
	(114, 1233, 2015, NULL),
	(162, 1184, 2015, NULL),
	(35, 1182, 2015, NULL),
	(35, 1184, 2015, NULL),
	(34, 1209, 2015, NULL),
	(166, 1205, 2015, NULL),
	(166, 1208, 2015, NULL),
	(65, 1156, 2015, NULL),
	(65, 1157, 2015, NULL),
	(65, 1158, 2015, NULL),
	(65, 1160, 2015, NULL),
	(134, 1210, 2015, NULL),
	(49, 1202, 2015, NULL),
	(49, 1209, 2015, NULL),
	(132, 1191, 2015, NULL),
	(132, 1192, 2015, NULL),
	(40, 1160, 2015, NULL),
	(40, 1166, 2015, NULL),
	(77, 1216, 2015, NULL),
	(77, 1214, 2015, NULL),
	(133, 1159, 2015, NULL),
	(133, 1164, 2015, NULL),
	(133, 1170, 2015, NULL),
	(160, 1205, 2015, NULL),
	(160, 1230, 2015, NULL),
	(139, 1228, 2015, NULL),
	(155, 1231, 2015, NULL),
	(155, 1232, 2015, NULL),
	(155, 1222, 2015, NULL),
	(158, 1204, 2015, NULL),
	(158, 1205, 2015, NULL),
	(158, 1208, 2015, NULL),
	(116, 1165, 2015, NULL),
	(4, 1166, 2015, NULL),
	(4, 1168, 2015, NULL),
	(60, 1200, 2015, NULL),
	(135, 1204, 2015, NULL),
	(135, 1205, 2015, NULL),
	(135, 1208, 2015, NULL),
	(27, 1166, 2015, NULL),
	(27, 1211, 2015, NULL),
	(27, 1214, 2015, NULL),
	(27, 1216, 2015, NULL),
	(119, 1237, 2015, NULL),
	(119, 1238, 2015, NULL),
	(170, 1243, 2015, NULL),
	(170, 1244, 2015, NULL),
	(170, 1246, 2015, NULL),
	(170, 1248, 2015, NULL),
	(88, 1217, 2015, NULL),
	(122, 1210, 2015, NULL),
	(24, 1209, 2015, NULL),
	(167, 1237, 2015, NULL),
	(149, 1224, 2015, NULL),
	(137, 1228, 2015, NULL),
	(137, 1230, 2015, NULL),
	(171, 1204, 2015, NULL),
	(171, 1237, 2015, NULL),
	(138, 1228, 2015, NULL),
	(138, 1230, 2015, NULL),
	(67, 1158, 2015, NULL),
	(79, 1212, 2015, NULL),
	(25, 1182, 2015, NULL),
	(1, 1166, 2015, NULL),
	(3, 1166, 2015, NULL),
	(26, 1177, 2015, NULL),
	(26, 1179, 2015, NULL),
	(2, 1166, 2015, NULL),
	(8, 1160, 2015, NULL),
	(8, 1156, 2015, NULL),
	(59, 1173, 2015, NULL),
	(59, 1189, 2015, NULL),
	(117, 1237, 2015, NULL),
	(165, 1182, 2015, NULL),
	(44, 1156, 2015, NULL),
	(6, 1160, 2015, NULL),
	(76, 1211, 2015, NULL),
	(98, 1232, 2015, NULL),
	(98, 1230, 2015, NULL),
	(98, 1231, 2015, NULL),
	(21, 1224, 2015, NULL),
	(96, 1230, 2015, NULL),
	(164, 1173, 2015, NULL),
	(164, 1175, 2015, NULL),
	(164, 1172, 2015, NULL),
	(128, 1235, 2015, NULL),
	(128, 1250, 2015, NULL),
	(42, 1161, 2015, NULL),
	(103, 1224, 2015, NULL),
	(56, 1200, 2015, NULL),
	(126, 1250, 2015, NULL),
	(126, 1243, 2015, NULL),
	(126, 1246, 2015, NULL),
	(82, 1209, 2015, NULL),
	(82, 1210, 2015, NULL),
	(163, 1188, 2015, NULL),
	(157, 1196, 2015, NULL),
	(71, 1196, 2015, NULL),
	(15, 1217, 2015, NULL),
	(9, 1159, 2015, NULL),
	(9, 1158, 2015, NULL),
	(156, 1227, 2015, NULL),
	(140, 1228, 2015, NULL),
	(140, 1229, 2015, NULL),
	(154, 1159, 2015, NULL),
	(17, 1166, 2015, NULL),
	(17, 1172, 2015, NULL),
	(17, 1156, 2015, NULL),
	(17, 1158, 2015, NULL),
	(18, 1166, 2015, NULL),
	(18, 1172, 2015, NULL),
	(145, 1210, 2015, NULL),
	(145, 1214, 2015, NULL),
	(142, 1230, 2015, NULL),
	(125, 1250, 2015, NULL),
	(125, 1249, 2015, NULL),
	(125, 1241, 2015, NULL),
	(125, 1243, 2015, NULL),
	(7, 1156, 2015, NULL),
	(123, 1244, 2015, NULL),
	(123, 1243, 2015, NULL),
	(123, 1250, 2015, NULL),
	(123, 1248, 2015, NULL),
	(43, 1169, 2015, NULL),
	(43, 1170, 2015, NULL),
	(97, 1217, 2015, NULL),
	(97, 1223, 2015, NULL),
	(20, 1223, 2015, NULL),
	(20, 1224, 2015, NULL),
	(20, 1225, 2015, NULL),
	(32, 1160, 2015, NULL),
	(32, 1177, 2015, NULL),
	(32, 1178, 2015, NULL),
	(32, 1179, 2015, NULL),
	(32, 1181, 2015, NULL),
	(30, 1158, 2015, NULL),
	(30, 1156, 2015, NULL),
	(144, 1216, 2015, NULL),
	(16, 1216, 2015, NULL),
	(150, 1158, 2015, NULL),
	(150, 1160, 2015, NULL),
	(136, 1228, 2015, NULL),
	(136, 1230, 2015, NULL),
	(13, 1160, 2015, NULL),
	(100, 1161, 2015, NULL),
	(72, 1209, 2015, NULL),
	(72, 1166, 2015, NULL),
	(169, 1187, 2015, NULL),
	(169, 1186, 2015, NULL),
	(169, 1185, 2015, NULL),
	(146, 1182, 2015, NULL),
	(146, 1216, 2015, NULL),
	(75, 1210, 2015, NULL),
	(75, 1211, 2015, NULL),
	(148, 1233, 2015, NULL),
	(148, 1235, 2015, NULL),
	(10, 1168, 2015, NULL),
	(161, 1175, 2015, NULL),
	(161, 1184, 2015, NULL),
	(161, 1185, 2015, NULL),
	(153, 1224, 2015, NULL),
	(153, 1156, 2015, NULL),
	(153, 1158, 2015, NULL),
	(173, 1339, 2015, NULL),
	(11, 1256, 2015, NULL),
	(11, 1257, 2015, NULL),
	(11, 1311, 2015, NULL),
	(130, 1350, 2015, NULL),
	(28, 1257, 2015, NULL),
	(28, 1262, 2015, NULL),
	(115, 1346, 2015, NULL),
	(115, 1345, 2015, NULL),
	(29, 1259, 2015, NULL),
	(168, 1272, 2015, NULL),
	(168, 1273, 2015, NULL),
	(168, 1301, 2015, NULL),
	(41, 1284, 2015, NULL),
	(41, 1298, 2015, NULL),
	(41, 1350, 2015, NULL),
	(84, 1259, 2015, NULL),
	(84, 1290, 2015, NULL),
	(84, 1283, 2015, NULL),
	(23, 1271, 2015, NULL),
	(23, 1257, 2015, NULL),
	(45, 1289, 2015, NULL),
	(45, 1290, 2015, NULL),
	(45, 1291, 2015, NULL),
	(45, 1292, 2015, NULL),
	(81, 1297, 2015, NULL),
	(81, 1292, 2015, NULL),
	(111, 1342, 2015, NULL),
	(111, 1343, 2015, NULL),
	(111, 1345, 2015, NULL),
	(111, 1346, 2015, NULL),
	(80, 1316, 2015, NULL),
	(80, 1319, 2015, NULL),
	(14, 1274, 2015, NULL),
	(14, 1276, 2015, NULL),
	(14, 1277, 2015, NULL),
	(14, 1272, 2015, NULL),
	(51, 1262, 2015, NULL),
	(51, 1296, 2015, NULL),
	(51, 1297, 2015, NULL),
	(19, 1315, 2015, NULL),
	(19, 1345, 2015, NULL),
	(109, 1296, 2015, NULL),
	(109, 1297, 2015, NULL),
	(33, 1278, 2015, NULL),
	(127, 1284, 2015, NULL),
	(127, 1350, 2015, NULL),
	(93, 1327, 2015, NULL),
	(93, 1334, 2015, NULL),
	(38, 1283, 2015, NULL),
	(38, 1285, 2015, NULL),
	(38, 1288, 2015, NULL),
	(70, 1262, 2015, NULL),
	(70, 1314, 2015, NULL),
	(22, 1272, 2015, NULL),
	(22, 1277, 2015, NULL),
	(69, 1314, 2015, NULL),
	(69, 1315, 2015, NULL),
	(69, 1337, 2015, NULL),
	(118, 1342, 2015, NULL),
	(118, 1343, 2015, NULL),
	(118, 1344, 2015, NULL),
	(118, 1345, 2015, NULL),
	(120, 1350, 2015, NULL),
	(120, 1355, 2015, NULL),
	(120, 1354, 2015, NULL),
	(99, 1325, 2015, NULL),
	(99, 1326, 2015, NULL),
	(99, 1331, 2015, NULL),
	(99, 1333, 2015, NULL),
	(151, 1296, 2015, NULL),
	(151, 1297, 2015, NULL),
	(90, 1322, 2015, NULL),
	(90, 1323, 2015, NULL),
	(90, 1324, 2015, NULL),
	(112, 1354, 2015, NULL),
	(141, 1337, 2015, NULL),
	(141, 1338, 2015, NULL),
	(141, 1339, 2015, NULL),
	(73, 1294, 2015, NULL),
	(92, 1323, 2015, NULL),
	(12, 1269, 2015, NULL),
	(74, 1323, 2015, NULL),
	(74, 1324, 2015, NULL),
	(83, 1256, 2015, NULL),
	(83, 1276, 2015, NULL),
	(83, 1326, 2015, NULL),
	(94, 1326, 2015, NULL),
	(94, 1327, 2015, NULL),
	(104, 1345, 2015, NULL),
	(78, 1321, 2015, NULL),
	(172, 1326, 2015, NULL),
	(172, 1322, 2015, NULL),
	(172, 1323, 2015, NULL),
	(95, 1262, 2015, NULL),
	(159, 1259, 2015, NULL),
	(159, 1260, 2015, NULL),
	(107, 1337, 2015, NULL),
	(107, 1340, 2015, NULL),
	(107, 1341, 2015, NULL),
	(143, 1323, 2015, NULL),
	(143, 1322, 2015, NULL),
	(131, 1284, 2015, NULL),
	(131, 1350, 2015, NULL),
	(114, 1345, 2015, NULL),
	(114, 1344, 2015, NULL),
	(162, 1285, 2015, NULL),
	(35, 1283, 2015, NULL),
	(35, 1285, 2015, NULL),
	(35, 1286, 2015, NULL),
	(34, 1283, 2015, NULL),
	(166, 1314, 2015, NULL),
	(166, 1341, 2015, NULL),
	(134, 1319, 2015, NULL),
	(65, 1259, 2015, NULL),
	(65, 1269, 2015, NULL),
	(65, 1325, 2015, NULL),
	(65, 1326, 2015, NULL),
	(49, 1294, 2015, NULL),
	(49, 1328, 2015, NULL),
	(132, 1322, 2015, NULL),
	(132, 1291, 2015, NULL),
	(40, 1286, 2015, NULL),
	(77, 1319, 2015, NULL),
	(133, 1259, 2015, NULL),
	(160, 1330, 2015, NULL),
	(160, 1332, 2015, NULL),
	(139, 1337, 2015, NULL),
	(139, 1338, 2015, NULL),
	(155, 1304, 2015, NULL),
	(155, 1265, 2015, NULL),
	(158, 1314, 2015, NULL),
	(116, 1345, 2015, NULL),
	(4, 1283, 2015, NULL),
	(4, 1276, 2015, NULL),
	(4, 1277, 2015, NULL),
	(60, 1303, 2015, NULL),
	(60, 1304, 2015, NULL),
	(135, 1265, 2015, NULL),
	(27, 1259, 2015, NULL),
	(119, 1277, 2015, NULL),
	(119, 1278, 2015, NULL),
	(59, 1303, 2015, NULL),
	(59, 1315, 2015, NULL),
	(44, 1291, 2015, NULL),
	(44, 1338, 2015, NULL),
	(163, 1289, 2015, NULL),
	(123, 1351, 2015, NULL),
	(123, 1352, 2015, NULL),
	(32, 1280, 2015, NULL),
	(32, 1278, 2015, NULL),
	(153, 1257, 2015, NULL),
	(153, 1264, 2015, NULL),
	(161, 1281, 2015, NULL),
	(10, 1269, 2015, NULL),
	(10, 1256, 2015, NULL),
	(148, 1280, 2015, NULL),
	(148, 1345, 2015, NULL),
	(148, 1354, 2015, NULL),
	(75, 1317, 2015, NULL),
	(75, 1318, 2015, NULL),
	(75, 1319, 2015, NULL),
	(146, 1354, 2015, NULL),
	(169, 1283, 2015, NULL),
	(169, 1285, 2015, NULL),
	(169, 1286, 2015, NULL),
	(72, 1316, 2015, NULL),
	(100, 1345, 2015, NULL),
	(100, 1322, 2015, NULL),
	(100, 1323, 2015, NULL),
	(13, 1259, 2015, NULL),
	(13, 1269, 2015, NULL),
	(136, 1337, 2015, NULL),
	(150, 1310, 2015, NULL),
	(150, 1256, 2015, NULL),
	(150, 1282, 2015, NULL),
	(16, 1257, 2015, NULL),
	(16, 1256, 2015, NULL),
	(16, 1332, 2015, NULL),
	(16, 1340, 2015, NULL),
	(144, 1322, 2015, NULL),
	(30, 1256, 2015, NULL),
	(30, 1257, 2015, NULL),
	(20, 1270, 2015, NULL),
	(20, 1329, 2015, NULL),
	(20, 1332, 2015, NULL),
	(97, 1269, 2015, NULL),
	(97, 1325, 2015, NULL),
	(97, 1326, 2015, NULL),
	(43, 1290, 2015, NULL),
	(7, 1257, 2015, NULL),
	(7, 1264, 2015, NULL),
	(125, 1350, 2015, NULL),
	(125, 1351, 2015, NULL),
	(142, 1338, 2015, NULL),
	(142, 1340, 2015, NULL),
	(145, 1271, 2015, NULL),
	(18, 1257, 2015, NULL),
	(18, 1264, 2015, NULL),
	(17, 1264, 2015, NULL),
	(17, 1307, 2015, NULL),
	(154, 1257, 2015, NULL),
	(154, 1264, 2015, NULL),
	(140, 1337, 2015, NULL),
	(156, 1332, 2015, NULL),
	(156, 1333, 2015, NULL),
	(9, 1257, 2015, NULL),
	(9, 1264, 2015, NULL),
	(15, 1263, 2015, NULL),
	(71, 1314, 2015, NULL),
	(157, 1314, 2015, NULL),
	(157, 1340, 2015, NULL),
	(82, 1316, 2015, NULL),
	(82, 1317, 2015, NULL),
	(126, 1350, 2015, NULL),
	(126, 1351, 2015, NULL),
	(56, 1303, 2015, NULL),
	(56, 1305, 2015, NULL),
	(103, 1325, 2015, NULL),
	(103, 1332, 2015, NULL),
	(42, 1275, 2015, NULL),
	(42, 1276, 2015, NULL),
	(42, 1277, 2015, NULL),
	(42, 1319, 2015, NULL),
	(42, 1320, 2015, NULL),
	(42, 1323, 2015, NULL),
	(128, 1280, 2015, NULL),
	(128, 1350, 2015, NULL),
	(164, 1273, 2015, NULL),
	(164, 1277, 2015, NULL),
	(164, 1301, 2015, NULL),
	(96, 1339, 2015, NULL),
	(21, 1332, 2015, NULL),
	(98, 1330, 2015, NULL),
	(76, 1323, 2015, NULL),
	(76, 1319, 2015, NULL),
	(6, 1261, 2015, NULL),
	(165, 1270, 2015, NULL),
	(117, 1353, 2015, NULL),
	(117, 1354, 2015, NULL),
	(8, 1257, 2015, NULL),
	(8, 1264, 2015, NULL),
	(2, 1259, 2015, NULL),
	(26, 1272, 2015, NULL),
	(26, 1273, 2015, NULL),
	(3, 1259, 2015, NULL),
	(1, 1259, 2015, NULL),
	(25, 1280, 2015, NULL),
	(25, 1273, 2015, NULL),
	(25, 1274, 2015, NULL),
	(25, 1283, 2015, NULL),
	(79, 1321, 2015, NULL),
	(79, 1323, 2015, NULL),
	(67, 1311, 2015, NULL),
	(67, 1264, 2015, NULL),
	(138, 1337, 2015, NULL),
	(138, 1338, 2015, NULL),
	(171, 1351, 2015, NULL),
	(171, 1352, 2015, NULL),
	(137, 1340, 2015, NULL),
	(149, 1332, 2015, NULL),
	(149, 1335, 2015, NULL),
	(167, 1270, 2015, NULL),
	(24, 1279, 2015, NULL),
	(24, 1283, 2015, NULL),
	(122, 1344, 2015, NULL),
	(122, 1345, 2015, NULL),
	(88, 1325, 2015, NULL),
	(88, 1326, 2015, NULL),
	(170, 1351, 2015, NULL),
	(170, 1352, 2015, NULL);


INSERT INTO pratica_nos_verbos (pratica, verbo, ano, uuid) VALUES
	(124, 605, 2015, NULL),
	(124, 607, 2015, NULL),
	(124, 608, 2015, NULL),
	(124, 609, 2015, NULL),
	(124, 865, 2015, NULL),
	(124, 866, 2015, NULL),
	(124, 867, 2015, NULL),
	(124, 869, 2015, NULL),
	(124, 1359, 2015, NULL),
	(11, 1176, 2015, NULL),
	(130, 878, 2015, NULL),
	(130, 879, 2015, NULL),
	(130, 875, 2015, NULL),
	(130, 874, 2015, NULL),
	(130, 873, 2015, NULL),
	(130, 872, 2015, NULL),
	(130, 871, 2015, NULL),
	(130, 1366, 2015, NULL),
	(130, 1367, 2015, NULL),
	(28, 1203, 2015, NULL),
	(115, 599, 2015, NULL),
	(115, 847, 2015, NULL),
	(115, 1343, 2015, NULL),
	(29, 504, 2015, NULL),
	(29, 506, 2015, NULL),
	(29, 518, 2015, NULL),
	(29, 519, 2015, NULL),
	(29, 520, 2015, NULL),
	(29, 582, 2015, NULL),
	(29, 583, 2015, NULL),
	(29, 597, 2015, NULL),
	(29, 598, 2015, NULL),
	(29, 620, 2015, NULL),
	(29, 621, 2015, NULL),
	(29, 622, 2015, NULL),
	(29, 640, 2015, NULL),
	(29, 641, 2015, NULL),
	(29, 652, 2015, NULL),
	(29, 653, 2015, NULL),
	(29, 654, 2015, NULL),
	(29, 656, 2015, NULL),
	(29, 657, 2015, NULL),
	(29, 666, 2015, NULL),
	(29, 667, 2015, NULL),
	(29, 672, 2015, NULL),
	(29, 673, 2015, NULL),
	(29, 740, 2015, NULL),
	(29, 741, 2015, NULL),
	(29, 808, 2015, NULL),
	(29, 811, 2015, NULL),
	(29, 837, 2015, NULL),
	(29, 838, 2015, NULL),
	(29, 839, 2015, NULL),
	(29, 840, 2015, NULL),
	(29, 1204, 2015, NULL),
	(29, 1205, 2015, NULL),
	(168, 770, 2015, NULL),
	(168, 771, 2015, NULL),
	(168, 772, 2015, NULL),
	(168, 1295, 2015, NULL),
	(41, 513, 2015, NULL),
	(41, 523, 2015, NULL),
	(41, 844, 2015, NULL),
	(41, 845, 2015, NULL),
	(45, 528, 2015, NULL),
	(45, 529, 2015, NULL),
	(45, 530, 2015, NULL),
	(45, 672, 2015, NULL),
	(45, 673, 2015, NULL),
	(45, 837, 2015, NULL),
	(45, 838, 2015, NULL),
	(45, 839, 2015, NULL),
	(45, 840, 2015, NULL),
	(45, 1225, 2015, NULL),
	(45, 1226, 2015, NULL),
	(81, 1281, 2015, NULL),
	(81, 570, 2015, NULL),
	(81, 766, 2015, NULL),
	(81, 1290, 2015, NULL),
	(111, 518, 2015, NULL),
	(111, 519, 2015, NULL),
	(111, 574, 2015, NULL),
	(111, 575, 2015, NULL),
	(111, 598, 2015, NULL),
	(111, 837, 2015, NULL),
	(111, 1337, 2015, NULL),
	(80, 766, 2015, NULL),
	(80, 1279, 2015, NULL),
	(14, 766, 2015, NULL),
	(14, 1289, 2015, NULL),
	(51, 1364, 2015, NULL),
	(51, 504, 2015, NULL),
	(51, 505, 2015, NULL),
	(51, 506, 2015, NULL),
	(51, 528, 2015, NULL),
	(51, 529, 2015, NULL),
	(51, 531, 2015, NULL),
	(51, 532, 2015, NULL),
	(51, 534, 2015, NULL),
	(51, 535, 2015, NULL),
	(51, 620, 2015, NULL),
	(51, 622, 2015, NULL),
	(51, 652, 2015, NULL),
	(51, 653, 2015, NULL),
	(51, 654, 2015, NULL),
	(51, 656, 2015, NULL),
	(51, 657, 2015, NULL),
	(51, 666, 2015, NULL),
	(51, 667, 2015, NULL),
	(51, 674, 2015, NULL),
	(51, 675, 2015, NULL),
	(51, 676, 2015, NULL),
	(51, 677, 2015, NULL),
	(51, 740, 2015, NULL),
	(51, 741, 2015, NULL),
	(51, 844, 2015, NULL),
	(51, 845, 2015, NULL),
	(51, 1238, 2015, NULL),
	(51, 1239, 2015, NULL),
	(51, 1350, 2015, NULL),
	(51, 1351, 2015, NULL),
	(51, 1352, 2015, NULL),
	(51, 1365, 2015, NULL),
	(19, 644, 2015, NULL),
	(19, 645, 2015, NULL),
	(19, 646, 2015, NULL),
	(19, 647, 2015, NULL),
	(19, 648, 2015, NULL),
	(19, 671, 2015, NULL),
	(19, 688, 2015, NULL),
	(19, 846, 2015, NULL),
	(19, 847, 2015, NULL),
	(19, 848, 2015, NULL),
	(19, 849, 2015, NULL),
	(19, 1169, 2015, NULL),
	(19, 1170, 2015, NULL),
	(19, 1176, 2015, NULL),
	(19, 1179, 2015, NULL),
	(19, 1180, 2015, NULL),
	(19, 1190, 2015, NULL),
	(19, 1191, 2015, NULL),
	(19, 1192, 2015, NULL),
	(109, 590, 2015, NULL),
	(109, 592, 2015, NULL),
	(109, 591, 2015, NULL),
	(109, 596, 2015, NULL),
	(109, 655, 2015, NULL),
	(109, 1331, 2015, NULL),
	(109, 1332, 2015, NULL),
	(109, 1333, 2015, NULL),
	(33, 504, 2015, NULL),
	(33, 505, 2015, NULL),
	(33, 506, 2015, NULL),
	(33, 518, 2015, NULL),
	(33, 519, 2015, NULL),
	(33, 544, 2015, NULL),
	(33, 545, 2015, NULL),
	(33, 546, 2015, NULL),
	(33, 654, 2015, NULL),
	(33, 740, 2015, NULL),
	(33, 1209, 2015, NULL),
	(127, 523, 2015, NULL),
	(127, 609, 2015, NULL),
	(127, 608, 2015, NULL),
	(127, 878, 2015, NULL),
	(127, 879, 2015, NULL),
	(127, 876, 2015, NULL),
	(127, 874, 2015, NULL),
	(127, 873, 2015, NULL),
	(127, 872, 2015, NULL),
	(127, 871, 2015, NULL),
	(127, 1364, 2015, NULL),
	(93, 574, 2015, NULL),
	(93, 575, 2015, NULL),
	(93, 782, 2015, NULL),
	(93, 783, 2015, NULL),
	(93, 784, 2015, NULL),
	(93, 785, 2015, NULL),
	(93, 1306, 2015, NULL),
	(93, 1307, 2015, NULL),
	(93, 1308, 2015, NULL),
	(93, 1309, 2015, NULL),
	(38, 514, 2015, NULL),
	(38, 516, 2015, NULL),
	(38, 517, 2015, NULL),
	(38, 527, 2015, NULL),
	(38, 1214, 2015, NULL),
	(38, 1215, 2015, NULL),
	(70, 542, 2015, NULL),
	(70, 1277, 2015, NULL),
	(22, 1196, 2015, NULL),
	(69, 557, 2015, NULL),
	(69, 1270, 2015, NULL),
	(69, 1276, 2015, NULL),
	(118, 601, 2015, NULL),
	(118, 603, 2015, NULL),
	(118, 600, 2015, NULL),
	(118, 1346, 2015, NULL),
	(120, 602, 2015, NULL),
	(120, 604, 2015, NULL),
	(120, 1348, 2015, NULL),
	(99, 579, 2015, NULL),
	(99, 582, 2015, NULL),
	(99, 1316, 2015, NULL),
	(151, 596, 2015, NULL),
	(151, 1332, 2015, NULL),
	(90, 571, 2015, NULL),
	(90, 573, 2015, NULL),
	(90, 576, 2015, NULL),
	(90, 577, 2015, NULL),
	(90, 1299, 2015, NULL),
	(90, 1300, 2015, NULL),
	(90, 1301, 2015, NULL),
	(90, 1302, 2015, NULL),
	(112, 1338, 2015, NULL),
	(141, 585, 2015, NULL),
	(141, 588, 2015, NULL),
	(141, 1325, 2015, NULL),
	(141, 1326, 2015, NULL),
	(73, 558, 2015, NULL),
	(73, 561, 2015, NULL),
	(73, 658, 2015, NULL),
	(73, 1280, 2015, NULL),
	(92, 571, 2015, NULL),
	(92, 572, 2015, NULL),
	(92, 573, 2015, NULL),
	(92, 1304, 2015, NULL),
	(92, 1305, 2015, NULL),
	(12, 1177, 2015, NULL),
	(12, 1178, 2015, NULL),
	(74, 1281, 2015, NULL),
	(83, 597, 2015, NULL),
	(83, 598, 2015, NULL),
	(83, 1292, 2015, NULL),
	(94, 576, 2015, NULL),
	(94, 577, 2015, NULL),
	(94, 1310, 2015, NULL),
	(104, 600, 2015, NULL),
	(104, 601, 2015, NULL),
	(104, 603, 2015, NULL),
	(104, 1322, 2015, NULL),
	(140, 588, 2015, NULL),
	(140, 1325, 2015, NULL),
	(140, 1326, 2015, NULL),
	(140, 1329, 2015, NULL),
	(140, 1330, 2015, NULL),
	(156, 548, 2015, NULL),
	(156, 549, 2015, NULL),
	(156, 554, 2015, NULL),
	(156, 1272, 2015, NULL),
	(156, 1273, 2015, NULL),
	(9, 509, 2015, NULL),
	(9, 510, 2015, NULL),
	(9, 512, 2015, NULL),
	(9, 616, 2015, NULL),
	(9, 617, 2015, NULL),
	(9, 618, 2015, NULL),
	(9, 619, 2015, NULL),
	(9, 1174, 2015, NULL),
	(15, 1312, 2015, NULL),
	(15, 789, 2015, NULL),
	(15, 790, 2015, NULL),
	(15, 1183, 2015, NULL),
	(71, 542, 2015, NULL),
	(71, 543, 2015, NULL),
	(71, 1240, 2015, NULL),
	(71, 1241, 2015, NULL),
	(71, 1243, 2015, NULL),
	(71, 1244, 2015, NULL),
	(71, 1245, 2015, NULL),
	(71, 1246, 2015, NULL),
	(71, 1250, 2015, NULL),
	(71, 1251, 2015, NULL),
	(71, 1252, 2015, NULL),
	(71, 1278, 2015, NULL),
	(157, 542, 2015, NULL),
	(157, 1240, 2015, NULL),
	(157, 1241, 2015, NULL),
	(157, 1243, 2015, NULL),
	(157, 1331, 2015, NULL),
	(157, 1332, 2015, NULL),
	(157, 1333, 2015, NULL),
	(82, 1291, 2015, NULL),
	(126, 605, 2015, NULL),
	(126, 609, 2015, NULL),
	(103, 571, 2015, NULL),
	(103, 578, 2015, NULL),
	(103, 579, 2015, NULL),
	(103, 580, 2015, NULL),
	(103, 581, 2015, NULL),
	(103, 582, 2015, NULL),
	(103, 1321, 2015, NULL),
	(42, 1220, 2015, NULL),
	(128, 523, 2015, NULL),
	(128, 608, 2015, NULL),
	(128, 1365, 2015, NULL),
	(96, 593, 2015, NULL),
	(96, 594, 2015, NULL),
	(96, 595, 2015, NULL),
	(96, 1312, 2015, NULL),
	(21, 582, 2015, NULL),
	(21, 583, 2015, NULL),
	(21, 1194, 2015, NULL),
	(21, 1195, 2015, NULL),
	(21, 1321, 2015, NULL),
	(98, 576, 2015, NULL),
	(98, 577, 2015, NULL),
	(98, 593, 2015, NULL),
	(98, 594, 2015, NULL),
	(98, 595, 2015, NULL),
	(98, 1315, 2015, NULL),
	(76, 568, 2015, NULL),
	(6, 625, 2015, NULL),
	(6, 626, 2015, NULL),
	(6, 627, 2015, NULL),
	(6, 628, 2015, NULL),
	(6, 1171, 2015, NULL),
	(165, 1242, 2015, NULL),
	(117, 1345, 2015, NULL),
	(8, 1173, 2015, NULL),
	(8, 507, 2015, NULL),
	(8, 510, 2015, NULL),
	(2, 1165, 2015, NULL),
	(26, 521, 2015, NULL),
	(26, 522, 2015, NULL),
	(26, 1201, 2015, NULL),
	(3, 504, 2015, NULL),
	(3, 620, 2015, NULL),
	(3, 621, 2015, NULL),
	(3, 659, 2015, NULL),
	(3, 1166, 2015, NULL),
	(3, 1167, 2015, NULL),
	(1, 620, 2015, NULL),
	(1, 1164, 2015, NULL),
	(25, 597, 2015, NULL),
	(25, 598, 2015, NULL),
	(25, 1200, 2015, NULL),
	(79, 564, 2015, NULL),
	(79, 565, 2015, NULL),
	(79, 566, 2015, NULL),
	(79, 567, 2015, NULL),
	(79, 1288, 2015, NULL),
	(67, 540, 2015, NULL),
	(67, 541, 2015, NULL),
	(67, 542, 2015, NULL),
	(67, 1274, 2015, NULL),
	(138, 587, 2015, NULL),
	(138, 1327, 2015, NULL),
	(138, 1328, 2015, NULL),
	(171, 1356, 2015, NULL),
	(137, 584, 2015, NULL),
	(137, 587, 2015, NULL),
	(137, 1323, 2015, NULL),
	(137, 1324, 2015, NULL),
	(137, 1327, 2015, NULL),
	(137, 1328, 2015, NULL),
	(149, 636, 2015, NULL),
	(149, 642, 2015, NULL),
	(149, 1193, 2015, NULL),
	(149, 1194, 2015, NULL),
	(149, 1195, 2015, NULL),
	(149, 1319, 2015, NULL),
	(149, 1320, 2015, NULL),
	(167, 1294, 2015, NULL),
	(24, 1198, 2015, NULL),
	(24, 1199, 2015, NULL),
	(122, 524, 2015, NULL),
	(122, 525, 2015, NULL),
	(122, 526, 2015, NULL),
	(122, 558, 2015, NULL),
	(122, 559, 2015, NULL),
	(122, 560, 2015, NULL),
	(122, 561, 2015, NULL),
	(122, 562, 2015, NULL),
	(122, 563, 2015, NULL),
	(122, 599, 2015, NULL),
	(122, 600, 2015, NULL),
	(122, 1349, 2015, NULL),
	(88, 574, 2015, NULL),
	(88, 1297, 2015, NULL),
	(170, 1353, 2015, NULL),
	(170, 1354, 2015, NULL),
	(170, 1355, 2015, NULL),
	(78, 564, 2015, NULL),
	(78, 565, 2015, NULL),
	(78, 566, 2015, NULL),
	(78, 567, 2015, NULL),
	(78, 568, 2015, NULL),
	(78, 569, 2015, NULL),
	(78, 1287, 2015, NULL),
	(172, 1298, 2015, NULL),
	(95, 502, 2015, NULL),
	(95, 503, 2015, NULL),
	(95, 1311, 2015, NULL),
	(159, 504, 2015, NULL),
	(159, 505, 2015, NULL),
	(159, 506, 2015, NULL),
	(159, 524, 2015, NULL),
	(159, 525, 2015, NULL),
	(159, 526, 2015, NULL),
	(159, 616, 2015, NULL),
	(159, 617, 2015, NULL),
	(159, 618, 2015, NULL),
	(159, 619, 2015, NULL),
	(159, 620, 2015, NULL),
	(159, 621, 2015, NULL),
	(159, 622, 2015, NULL),
	(159, 649, 2015, NULL),
	(159, 650, 2015, NULL),
	(159, 659, 2015, NULL),
	(159, 668, 2015, NULL),
	(159, 669, 2015, NULL),
	(159, 670, 2015, NULL),
	(159, 1166, 2015, NULL),
	(159, 1167, 2015, NULL),
	(159, 1286, 2015, NULL),
	(107, 584, 2015, NULL),
	(107, 585, 2015, NULL),
	(107, 586, 2015, NULL),
	(107, 587, 2015, NULL),
	(107, 588, 2015, NULL),
	(107, 589, 2015, NULL),
	(107, 1327, 2015, NULL),
	(107, 1328, 2015, NULL),
	(143, 1304, 2015, NULL),
	(143, 1305, 2015, NULL),
	(131, 523, 2015, NULL),
	(131, 608, 2015, NULL),
	(131, 609, 2015, NULL),
	(131, 1368, 2015, NULL),
	(114, 600, 2015, NULL),
	(114, 1342, 2015, NULL),
	(162, 1213, 2015, NULL),
	(35, 1211, 2015, NULL),
	(34, 1210, 2015, NULL),
	(166, 1269, 2015, NULL),
	(65, 1272, 2015, NULL),
	(134, 567, 2015, NULL),
	(134, 568, 2015, NULL),
	(134, 569, 2015, NULL),
	(134, 571, 2015, NULL),
	(134, 573, 2015, NULL),
	(134, 1286, 2015, NULL),
	(49, 537, 2015, NULL),
	(49, 538, 2015, NULL),
	(49, 539, 2015, NULL),
	(49, 1235, 2015, NULL),
	(49, 1236, 2015, NULL),
	(132, 537, 2015, NULL),
	(132, 1235, 2015, NULL),
	(132, 1236, 2015, NULL),
	(40, 1217, 2015, NULL),
	(40, 1218, 2015, NULL),
	(77, 1286, 2015, NULL),
	(133, 505, 2015, NULL),
	(133, 524, 2015, NULL),
	(133, 525, 2015, NULL),
	(133, 526, 2015, NULL),
	(133, 616, 2015, NULL),
	(133, 617, 2015, NULL),
	(133, 621, 2015, NULL),
	(133, 649, 2015, NULL),
	(133, 650, 2015, NULL),
	(133, 659, 2015, NULL),
	(133, 668, 2015, NULL),
	(133, 669, 2015, NULL),
	(133, 670, 2015, NULL),
	(133, 723, 2015, NULL),
	(133, 724, 2015, NULL),
	(133, 725, 2015, NULL),
	(133, 1166, 2015, NULL),
	(133, 1167, 2015, NULL),
	(133, 1286, 2015, NULL),
	(160, 1194, 2015, NULL),
	(160, 1195, 2015, NULL),
	(139, 1329, 2015, NULL),
	(139, 1330, 2015, NULL),
	(155, 548, 2015, NULL),
	(155, 549, 2015, NULL),
	(155, 554, 2015, NULL),
	(155, 555, 2015, NULL),
	(155, 1273, 2015, NULL),
	(158, 546, 2015, NULL),
	(158, 547, 2015, NULL),
	(158, 552, 2015, NULL),
	(158, 553, 2015, NULL),
	(158, 556, 2015, NULL),
	(158, 557, 2015, NULL),
	(158, 1229, 2015, NULL),
	(158, 1230, 2015, NULL),
	(158, 1231, 2015, NULL),
	(158, 1232, 2015, NULL),
	(158, 1237, 2015, NULL),
	(116, 598, 2015, NULL),
	(116, 608, 2015, NULL),
	(116, 609, 2015, NULL),
	(116, 1344, 2015, NULL),
	(4, 1168, 2015, NULL),
	(60, 546, 2015, NULL),
	(60, 547, 2015, NULL),
	(60, 1264, 2015, NULL),
	(135, 548, 2015, NULL),
	(135, 549, 2015, NULL),
	(135, 557, 2015, NULL),
	(135, 1271, 2015, NULL),
	(135, 1275, 2015, NULL),
	(27, 1202, 2015, NULL),
	(59, 544, 2015, NULL),
	(59, 545, 2015, NULL),
	(59, 546, 2015, NULL),
	(59, 547, 2015, NULL),
	(59, 1256, 2015, NULL),
	(59, 1257, 2015, NULL),
	(59, 1258, 2015, NULL),
	(59, 1259, 2015, NULL),
	(59, 1260, 2015, NULL),
	(59, 1261, 2015, NULL),
	(44, 518, 2015, NULL),
	(44, 519, 2015, NULL),
	(44, 520, 2015, NULL),
	(44, 528, 2015, NULL),
	(44, 529, 2015, NULL),
	(44, 530, 2015, NULL),
	(44, 531, 2015, NULL),
	(44, 532, 2015, NULL),
	(44, 533, 2015, NULL),
	(44, 534, 2015, NULL),
	(44, 535, 2015, NULL),
	(44, 536, 2015, NULL),
	(44, 597, 2015, NULL),
	(44, 598, 2015, NULL),
	(44, 1223, 2015, NULL),
	(44, 1224, 2015, NULL),
	(123, 605, 2015, NULL),
	(123, 607, 2015, NULL),
	(123, 609, 2015, NULL),
	(123, 1358, 2015, NULL),
	(32, 513, 2015, NULL),
	(32, 520, 2015, NULL),
	(32, 1208, 2015, NULL),
	(153, 510, 2015, NULL),
	(153, 511, 2015, NULL),
	(153, 512, 2015, NULL),
	(153, 1187, 2015, NULL),
	(10, 1175, 2015, NULL),
	(148, 516, 2015, NULL),
	(148, 601, 2015, NULL),
	(148, 602, 2015, NULL),
	(148, 1346, 2015, NULL),
	(148, 1347, 2015, NULL),
	(148, 1348, 2015, NULL),
	(148, 1349, 2015, NULL),
	(75, 1282, 2015, NULL),
	(75, 1283, 2015, NULL),
	(75, 559, 2015, NULL),
	(75, 560, 2015, NULL),
	(75, 562, 2015, NULL),
	(146, 1303, 2015, NULL),
	(169, 1339, 2015, NULL),
	(169, 1341, 2015, NULL),
	(72, 1279, 2015, NULL),
	(100, 1317, 2015, NULL),
	(100, 1318, 2015, NULL),
	(13, 516, 2015, NULL),
	(13, 527, 2015, NULL),
	(13, 599, 2015, NULL),
	(13, 600, 2015, NULL),
	(13, 601, 2015, NULL),
	(13, 602, 2015, NULL),
	(13, 1179, 2015, NULL),
	(13, 1180, 2015, NULL),
	(136, 584, 2015, NULL),
	(136, 1323, 2015, NULL),
	(150, 540, 2015, NULL),
	(150, 544, 2015, NULL),
	(150, 545, 2015, NULL),
	(150, 1267, 2015, NULL),
	(150, 1268, 2015, NULL),
	(16, 1187, 2015, NULL),
	(16, 616, 2015, NULL),
	(16, 632, 2015, NULL),
	(16, 633, 2015, NULL),
	(16, 634, 2015, NULL),
	(16, 635, 2015, NULL),
	(30, 1206, 2015, NULL),
	(97, 1313, 2015, NULL),
	(97, 1314, 2015, NULL),
	(43, 1221, 2015, NULL),
	(43, 1222, 2015, NULL),
	(43, 1243, 2015, NULL),
	(43, 528, 2015, NULL),
	(43, 529, 2015, NULL),
	(43, 530, 2015, NULL),
	(43, 531, 2015, NULL),
	(43, 532, 2015, NULL),
	(43, 533, 2015, NULL),
	(7, 1172, 2015, NULL),
	(7, 507, 2015, NULL),
	(7, 508, 2015, NULL),
	(7, 509, 2015, NULL),
	(7, 632, 2015, NULL),
	(7, 633, 2015, NULL),
	(125, 609, 2015, NULL),
	(125, 605, 2015, NULL),
	(125, 1360, 2015, NULL),
	(142, 1336, 2015, NULL),
	(142, 502, 2015, NULL),
	(142, 503, 2015, NULL),
	(142, 590, 2015, NULL),
	(142, 591, 2015, NULL),
	(142, 592, 2015, NULL),
	(142, 593, 2015, NULL),
	(142, 594, 2015, NULL),
	(142, 595, 2015, NULL),
	(142, 1335, 2015, NULL),
	(142, 1334, 2015, NULL),
	(145, 1291, 2015, NULL),
	(18, 1189, 2015, NULL),
	(17, 1188, 2015, NULL),
	(154, 1187, 2015, NULL),
	(154, 507, 2015, NULL),
	(154, 509, 2015, NULL),
	(154, 510, 2015, NULL),
	(154, 512, 2015, NULL),
	(154, 616, 2015, NULL),
	(154, 618, 2015, NULL),
	(154, 636, 2015, NULL),
	(154, 642, 2015, NULL),
	(173, 590, 2015, NULL),
	(173, 591, 2015, NULL),
	(173, 593, 2015, NULL),
	(173, 594, 2015, NULL),
	(173, 833, 2015, NULL),
	(173, 1334, 2015, NULL),
	(173, 1335, 2015, NULL),
	(11, 527, 2015, NULL),
	(11, 671, 2015, NULL),
	(130, 609, 2015, NULL),
	(28, 502, 2015, NULL),
	(28, 503, 2015, NULL),
	(28, 507, 2015, NULL),
	(28, 508, 2015, NULL),
	(28, 509, 2015, NULL),
	(28, 510, 2015, NULL),
	(28, 511, 2015, NULL),
	(28, 512, 2015, NULL),
	(28, 527, 2015, NULL),
	(28, 578, 2015, NULL),
	(28, 579, 2015, NULL),
	(28, 580, 2015, NULL),
	(28, 581, 2015, NULL),
	(28, 599, 2015, NULL),
	(28, 600, 2015, NULL),
	(28, 601, 2015, NULL),
	(28, 602, 2015, NULL),
	(28, 603, 2015, NULL),
	(28, 604, 2015, NULL),
	(28, 640, 2015, NULL),
	(28, 641, 2015, NULL),
	(28, 643, 2015, NULL),
	(28, 644, 2015, NULL),
	(28, 646, 2015, NULL),
	(28, 671, 2015, NULL),
	(28, 801, 2015, NULL),
	(28, 802, 2015, NULL),
	(28, 803, 2015, NULL),
	(28, 848, 2015, NULL),
	(28, 849, 2015, NULL),
	(168, 559, 2015, NULL),
	(168, 560, 2015, NULL),
	(168, 562, 2015, NULL),
	(168, 563, 2015, NULL),
	(84, 521, 2015, NULL),
	(84, 522, 2015, NULL),
	(84, 756, 2015, NULL),
	(84, 757, 2015, NULL),
	(84, 758, 2015, NULL),
	(84, 759, 2015, NULL),
	(84, 760, 2015, NULL),
	(84, 1200, 2015, NULL),
	(23, 514, 2015, NULL),
	(23, 516, 2015, NULL),
	(23, 522, 2015, NULL),
	(23, 644, 2015, NULL),
	(23, 646, 2015, NULL),
	(23, 648, 2015, NULL),
	(23, 653, 2015, NULL),
	(23, 697, 2015, NULL),
	(23, 698, 2015, NULL),
	(23, 1169, 2015, NULL),
	(23, 1170, 2015, NULL),
	(23, 1179, 2015, NULL),
	(23, 1180, 2015, NULL),
	(23, 1197, 2015, NULL),
	(80, 570, 2015, NULL),
	(14, 514, 2015, NULL),
	(14, 516, 2015, NULL),
	(14, 521, 2015, NULL),
	(14, 522, 2015, NULL),
	(14, 596, 2015, NULL),
	(14, 601, 2015, NULL),
	(14, 602, 2015, NULL),
	(14, 697, 2015, NULL),
	(14, 698, 2015, NULL),
	(19, 514, 2015, NULL),
	(19, 515, 2015, NULL),
	(19, 516, 2015, NULL),
	(19, 517, 2015, NULL),
	(19, 527, 2015, NULL),
	(19, 542, 2015, NULL),
	(19, 543, 2015, NULL),
	(19, 599, 2015, NULL),
	(19, 600, 2015, NULL),
	(19, 601, 2015, NULL),
	(19, 602, 2015, NULL),
	(109, 827, 2015, NULL),
	(109, 828, 2015, NULL),
	(109, 829, 2015, NULL),
	(109, 835, 2015, NULL),
	(109, 836, 2015, NULL),
	(38, 648, 2015, NULL),
	(38, 644, 2015, NULL),
	(38, 646, 2015, NULL),
	(38, 651, 2015, NULL),
	(38, 671, 2015, NULL),
	(70, 697, 2015, NULL),
	(22, 516, 2015, NULL),
	(22, 517, 2015, NULL),
	(22, 514, 2015, NULL),
	(22, 515, 2015, NULL),
	(22, 513, 2015, NULL),
	(22, 648, 2015, NULL),
	(118, 846, 2015, NULL),
	(118, 848, 2015, NULL),
	(120, 847, 2015, NULL),
	(120, 849, 2015, NULL),
	(99, 800, 2015, NULL),
	(99, 801, 2015, NULL),
	(99, 809, 2015, NULL),
	(99, 812, 2015, NULL),
	(151, 828, 2015, NULL),
	(90, 773, 2015, NULL),
	(90, 774, 2015, NULL),
	(90, 791, 2015, NULL),
	(90, 792, 2015, NULL),
	(112, 782, 2015, NULL),
	(112, 783, 2015, NULL),
	(141, 822, 2015, NULL),
	(141, 823, 2015, NULL),
	(141, 825, 2015, NULL),
	(141, 826, 2015, NULL),
	(92, 765, 2015, NULL),
	(12, 574, 2015, NULL),
	(12, 782, 2015, NULL),
	(74, 571, 2015, NULL),
	(74, 573, 2015, NULL),
	(74, 775, 2015, NULL),
	(74, 773, 2015, NULL),
	(74, 774, 2015, NULL),
	(83, 844, 2015, NULL),
	(83, 845, 2015, NULL),
	(94, 784, 2015, NULL),
	(94, 785, 2015, NULL),
	(94, 791, 2015, NULL),
	(94, 793, 2015, NULL),
	(104, 644, 2015, NULL),
	(104, 646, 2015, NULL),
	(104, 671, 2015, NULL),
	(104, 846, 2015, NULL),
	(104, 848, 2015, NULL),
	(78, 754, 2015, NULL),
	(78, 755, 2015, NULL),
	(78, 765, 2015, NULL),
	(172, 784, 2015, NULL),
	(172, 785, 2015, NULL),
	(172, 786, 2015, NULL),
	(107, 821, 2015, NULL),
	(107, 822, 2015, NULL),
	(107, 823, 2015, NULL),
	(107, 824, 2015, NULL),
	(107, 825, 2015, NULL),
	(107, 826, 2015, NULL),
	(143, 571, 2015, NULL),
	(143, 572, 2015, NULL),
	(143, 573, 2015, NULL),
	(143, 568, 2015, NULL),
	(143, 569, 2015, NULL),
	(143, 754, 2015, NULL),
	(143, 755, 2015, NULL),
	(143, 775, 2015, NULL),
	(143, 773, 2015, NULL),
	(143, 774, 2015, NULL),
	(131, 872, 2015, NULL),
	(131, 873, 2015, NULL),
	(131, 666, 2015, NULL),
	(131, 667, 2015, NULL),
	(114, 846, 2015, NULL),
	(114, 848, 2015, NULL),
	(162, 522, 2015, NULL),
	(162, 527, 2015, NULL),
	(162, 661, 2015, NULL),
	(162, 671, 2015, NULL),
	(41, 1364, 2015, NULL),
	(41, 1365, 2015, NULL),
	(41, 1367, 2015, NULL),
	(41, 1368, 2015, NULL),
	(166, 556, 2015, NULL),
	(166, 557, 2015, NULL),
	(166, 740, 2015, NULL),
	(166, 741, 2015, NULL),
	(166, 743, 2015, NULL),
	(65, 544, 2015, NULL),
	(65, 545, 2015, NULL),
	(65, 546, 2015, NULL),
	(65, 547, 2015, NULL),
	(65, 548, 2015, NULL),
	(65, 549, 2015, NULL),
	(65, 550, 2015, NULL),
	(65, 551, 2015, NULL),
	(65, 554, 2015, NULL),
	(65, 555, 2015, NULL),
	(65, 556, 2015, NULL),
	(65, 557, 2015, NULL),
	(65, 700, 2015, NULL),
	(65, 701, 2015, NULL),
	(65, 702, 2015, NULL),
	(65, 703, 2015, NULL),
	(65, 736, 2015, NULL),
	(65, 737, 2015, NULL),
	(134, 754, 2015, NULL),
	(134, 755, 2015, NULL),
	(134, 756, 2015, NULL),
	(134, 757, 2015, NULL),
	(134, 758, 2015, NULL),
	(134, 759, 2015, NULL),
	(134, 760, 2015, NULL),
	(134, 765, 2015, NULL),
	(134, 774, 2015, NULL),
	(34, 653, 2015, NULL),
	(34, 518, 2015, NULL),
	(34, 520, 2015, NULL),
	(35, 653, 2015, NULL),
	(35, 640, 2015, NULL),
	(35, 641, 2015, NULL),
	(35, 632, 2015, NULL),
	(35, 633, 2015, NULL),
	(35, 634, 2015, NULL),
	(35, 635, 2015, NULL),
	(35, 518, 2015, NULL),
	(35, 520, 2015, NULL),
	(132, 678, 2015, NULL),
	(77, 568, 2015, NULL),
	(77, 569, 2015, NULL),
	(77, 571, 2015, NULL),
	(77, 572, 2015, NULL),
	(77, 573, 2015, NULL),
	(77, 754, 2015, NULL),
	(77, 755, 2015, NULL),
	(77, 761, 2015, NULL),
	(77, 762, 2015, NULL),
	(77, 763, 2015, NULL),
	(77, 764, 2015, NULL),
	(77, 773, 2015, NULL),
	(77, 774, 2015, NULL),
	(77, 775, 2015, NULL),
	(160, 513, 2015, NULL),
	(160, 747, 2015, NULL),
	(160, 748, 2015, NULL),
	(160, 830, 2015, NULL),
	(160, 831, 2015, NULL),
	(160, 832, 2015, NULL),
	(139, 825, 2015, NULL),
	(155, 736, 2015, NULL),
	(116, 845, 2015, NULL),
	(116, 846, 2015, NULL),
	(4, 651, 2015, NULL),
	(4, 513, 2015, NULL),
	(60, 702, 2015, NULL),
	(135, 736, 2015, NULL),
	(135, 737, 2015, NULL),
	(135, 740, 2015, NULL),
	(135, 741, 2015, NULL),
	(27, 505, 2015, NULL),
	(119, 571, 2015, NULL),
	(119, 572, 2015, NULL),
	(119, 573, 2015, NULL),
	(119, 601, 2015, NULL),
	(119, 602, 2015, NULL),
	(119, 603, 2015, NULL),
	(119, 604, 2015, NULL),
	(119, 597, 2015, NULL),
	(119, 598, 2015, NULL),
	(119, 599, 2015, NULL),
	(119, 600, 2015, NULL),
	(119, 773, 2015, NULL),
	(119, 774, 2015, NULL),
	(119, 844, 2015, NULL),
	(119, 845, 2015, NULL),
	(119, 846, 2015, NULL),
	(119, 847, 2015, NULL),
	(119, 848, 2015, NULL),
	(119, 849, 2015, NULL),
	(59, 700, 2015, NULL),
	(59, 701, 2015, NULL),
	(59, 702, 2015, NULL),
	(59, 703, 2015, NULL),
	(44, 672, 2015, NULL),
	(44, 673, 2015, NULL),
	(44, 674, 2015, NULL),
	(44, 675, 2015, NULL),
	(44, 676, 2015, NULL),
	(44, 677, 2015, NULL),
	(44, 660, 2015, NULL),
	(44, 661, 2015, NULL),
	(163, 528, 2015, NULL),
	(163, 529, 2015, NULL),
	(163, 530, 2015, NULL),
	(163, 672, 2015, NULL),
	(163, 673, 2015, NULL),
	(163, 674, 2015, NULL),
	(123, 856, 2015, NULL),
	(123, 857, 2015, NULL),
	(123, 858, 2015, NULL),
	(123, 866, 2015, NULL),
	(123, 871, 2015, NULL),
	(123, 872, 2015, NULL),
	(123, 873, 2015, NULL),
	(153, 616, 2015, NULL),
	(153, 617, 2015, NULL),
	(161, 518, 2015, NULL),
	(161, 519, 2015, NULL),
	(161, 520, 2015, NULL),
	(161, 521, 2015, NULL),
	(161, 522, 2015, NULL),
	(161, 660, 2015, NULL),
	(161, 661, 2015, NULL),
	(161, 1214, 2015, NULL),
	(161, 1215, 2015, NULL),
	(161, 1216, 2015, NULL),
	(148, 648, 2015, NULL),
	(148, 848, 2015, NULL),
	(148, 849, 2015, NULL),
	(75, 750, 2015, NULL),
	(75, 752, 2015, NULL),
	(146, 573, 2015, NULL),
	(146, 571, 2015, NULL),
	(146, 773, 2015, NULL),
	(146, 774, 2015, NULL),
	(169, 520, 2015, NULL),
	(169, 522, 2015, NULL),
	(169, 527, 2015, NULL),
	(169, 661, 2015, NULL),
	(169, 671, 2015, NULL),
	(100, 601, 2015, NULL),
	(100, 602, 2015, NULL),
	(100, 603, 2015, NULL),
	(100, 604, 2015, NULL),
	(100, 846, 2015, NULL),
	(100, 847, 2015, NULL),
	(100, 848, 2015, NULL),
	(100, 849, 2015, NULL),
	(100, 844, 2015, NULL),
	(100, 845, 2015, NULL),
	(13, 651, 2015, NULL),
	(13, 648, 2015, NULL),
	(13, 644, 2015, NULL),
	(13, 646, 2015, NULL),
	(13, 671, 2015, NULL),
	(13, 846, 2015, NULL),
	(13, 847, 2015, NULL),
	(13, 848, 2015, NULL),
	(13, 849, 2015, NULL),
	(136, 821, 2015, NULL),
	(150, 692, 2015, NULL),
	(150, 693, 2015, NULL),
	(150, 702, 2015, NULL),
	(144, 774, 2015, NULL),
	(30, 513, 2015, NULL),
	(30, 508, 2015, NULL),
	(30, 510, 2015, NULL),
	(30, 511, 2015, NULL),
	(30, 525, 2015, NULL),
	(30, 632, 2015, NULL),
	(30, 633, 2015, NULL),
	(30, 659, 2015, NULL),
	(20, 517, 2015, NULL),
	(20, 636, 2015, NULL),
	(20, 642, 2015, NULL),
	(20, 1194, 2015, NULL),
	(20, 1195, 2015, NULL),
	(20, 1193, 2015, NULL),
	(97, 782, 2015, NULL),
	(97, 783, 2015, NULL),
	(97, 789, 2015, NULL),
	(97, 790, 2015, NULL),
	(97, 791, 2015, NULL),
	(97, 792, 2015, NULL),
	(97, 793, 2015, NULL),
	(43, 674, 2015, NULL),
	(43, 675, 2015, NULL),
	(125, 856, 2015, NULL),
	(125, 857, 2015, NULL),
	(125, 858, 2015, NULL),
	(125, 852, 2015, NULL),
	(142, 830, 2015, NULL),
	(142, 831, 2015, NULL),
	(142, 832, 2015, NULL),
	(142, 833, 2015, NULL),
	(145, 766, 2015, NULL),
	(145, 767, 2015, NULL),
	(18, 514, 2015, NULL),
	(18, 515, 2015, NULL),
	(18, 516, 2015, NULL),
	(18, 517, 2015, NULL),
	(18, 651, 2015, NULL),
	(18, 648, 2015, NULL),
	(17, 633, 2015, NULL),
	(17, 634, 2015, NULL),
	(140, 825, 2015, NULL),
	(156, 710, 2015, NULL),
	(156, 711, 2015, NULL),
	(156, 712, 2015, NULL),
	(71, 687, 2015, NULL),
	(71, 697, 2015, NULL),
	(71, 698, 2015, NULL),
	(126, 850, 2015, NULL),
	(126, 851, 2015, NULL),
	(126, 852, 2015, NULL),
	(126, 853, 2015, NULL),
	(126, 854, 2015, NULL),
	(126, 855, 2015, NULL),
	(126, 856, 2015, NULL),
	(126, 857, 2015, NULL),
	(126, 858, 2015, NULL),
	(126, 874, 2015, NULL),
	(126, 872, 2015, NULL),
	(126, 871, 2015, NULL),
	(126, 1358, 2015, NULL),
	(126, 1368, 2015, NULL),
	(56, 544, 2015, NULL),
	(56, 545, 2015, NULL),
	(56, 546, 2015, NULL),
	(56, 547, 2015, NULL),
	(56, 548, 2015, NULL),
	(56, 549, 2015, NULL),
	(56, 554, 2015, NULL),
	(56, 555, 2015, NULL),
	(56, 700, 2015, NULL),
	(56, 701, 2015, NULL),
	(56, 702, 2015, NULL),
	(56, 710, 2015, NULL),
	(56, 711, 2015, NULL),
	(56, 712, 2015, NULL),
	(56, 713, 2015, NULL),
	(103, 773, 2015, NULL),
	(103, 800, 2015, NULL),
	(103, 802, 2015, NULL),
	(103, 808, 2015, NULL),
	(103, 809, 2015, NULL),
	(42, 527, 2015, NULL),
	(42, 601, 2015, NULL),
	(42, 602, 2015, NULL),
	(42, 640, 2015, NULL),
	(42, 641, 2015, NULL),
	(42, 651, 2015, NULL),
	(42, 846, 2015, NULL),
	(42, 847, 2015, NULL),
	(128, 870, 2015, NULL),
	(128, 872, 2015, NULL),
	(128, 873, 2015, NULL),
	(128, 876, 2015, NULL),
	(164, 660, 2015, NULL),
	(96, 830, 2015, NULL),
	(96, 832, 2015, NULL),
	(96, 831, 2015, NULL),
	(96, 833, 2015, NULL),
	(21, 808, 2015, NULL),
	(21, 809, 2015, NULL),
	(21, 810, 2015, NULL),
	(21, 811, 2015, NULL),
	(21, 812, 2015, NULL),
	(21, 813, 2015, NULL),
	(98, 789, 2015, NULL),
	(98, 790, 2015, NULL),
	(98, 795, 2015, NULL),
	(98, 796, 2015, NULL),
	(98, 798, 2015, NULL),
	(98, 799, 2015, NULL),
	(98, 1312, 2015, NULL),
	(76, 765, 2015, NULL),
	(76, 754, 2015, NULL),
	(76, 1304, 2015, NULL),
	(165, 528, 2015, NULL),
	(165, 529, 2015, NULL),
	(165, 530, 2015, NULL),
	(165, 531, 2015, NULL),
	(165, 532, 2015, NULL),
	(165, 533, 2015, NULL),
	(165, 534, 2015, NULL),
	(165, 535, 2015, NULL),
	(165, 536, 2015, NULL),
	(165, 542, 2015, NULL),
	(165, 543, 2015, NULL),
	(165, 573, 2015, NULL),
	(165, 572, 2015, NULL),
	(165, 571, 2015, NULL),
	(165, 674, 2015, NULL),
	(165, 675, 2015, NULL),
	(165, 676, 2015, NULL),
	(165, 677, 2015, NULL),
	(165, 678, 2015, NULL),
	(165, 679, 2015, NULL),
	(165, 680, 2015, NULL),
	(165, 699, 2015, NULL),
	(117, 602, 2015, NULL),
	(117, 849, 2015, NULL),
	(8, 616, 2015, NULL),
	(8, 618, 2015, NULL),
	(8, 632, 2015, NULL),
	(8, 633, 2015, NULL),
	(8, 634, 2015, NULL),
	(8, 635, 2015, NULL),
	(26, 660, 2015, NULL),
	(26, 661, 2015, NULL),
	(1, 504, 2015, NULL),
	(25, 848, 2015, NULL),
	(25, 849, 2015, NULL),
	(79, 775, 2015, NULL),
	(67, 692, 2015, NULL),
	(67, 693, 2015, NULL),
	(67, 697, 2015, NULL),
	(67, 698, 2015, NULL),
	(138, 830, 2015, NULL),
	(171, 599, 2015, NULL),
	(171, 600, 2015, NULL),
	(171, 858, 2015, NULL),
	(171, 862, 2015, NULL),
	(171, 863, 2015, NULL),
	(171, 864, 2015, NULL),
	(137, 821, 2015, NULL),
	(137, 824, 2015, NULL),
	(137, 830, 2015, NULL),
	(167, 596, 2015, NULL),
	(167, 833, 2015, NULL),
	(24, 766, 2015, NULL),
	(24, 767, 2015, NULL),
	(24, 749, 2015, NULL),
	(24, 1282, 2015, NULL),
	(24, 1283, 2015, NULL),
	(122, 668, 2015, NULL),
	(122, 669, 2015, NULL),
	(122, 670, 2015, NULL),
	(88, 782, 2015, NULL),
	(170, 866, 2015, NULL),
	(170, 865, 2015, NULL),
	(170, 859, 2015, NULL),
	(170, 860, 2015, NULL),
	(170, 861, 2015, NULL),
	(173, 584, 2015, NULL),
	(173, 587, 2015, NULL),
	(173, 834, 2015, NULL),
	(173, 830, 2015, NULL),
	(173, 821, 2015, NULL),
	(173, 824, 2015, NULL),
	(173, 1327, 2015, NULL),
	(173, 1328, 2015, NULL),
	(11, 1177, 2015, NULL),
	(11, 575, 2015, NULL),
	(11, 576, 2015, NULL),
	(11, 577, 2015, NULL),
	(11, 513, 2015, NULL),
	(11, 512, 2015, NULL),
	(11, 509, 2015, NULL),
	(11, 506, 2015, NULL),
	(11, 503, 2015, NULL),
	(11, 502, 2015, NULL),
	(11, 618, 2015, NULL),
	(11, 619, 2015, NULL),
	(11, 622, 2015, NULL),
	(11, 846, 2015, NULL),
	(11, 847, 2015, NULL),
	(11, 792, 2015, NULL),
	(11, 791, 2015, NULL),
	(11, 793, 2015, NULL),
	(11, 783, 2015, NULL),
	(130, 876, 2015, NULL),
	(130, 1368, 2015, NULL),
	(28, 616, 2015, NULL),
	(28, 618, 2015, NULL),
	(28, 620, 2015, NULL),
	(28, 621, 2015, NULL),
	(28, 622, 2015, NULL),
	(28, 835, 2015, NULL),
	(28, 834, 2015, NULL),
	(28, 836, 2015, NULL),
	(28, 830, 2015, NULL),
	(28, 831, 2015, NULL),
	(28, 832, 2015, NULL),
	(28, 820, 2015, NULL),
	(115, 602, 2015, NULL),
	(115, 604, 2015, NULL),
	(115, 597, 2015, NULL),
	(115, 844, 2015, NULL),
	(115, 849, 2015, NULL),
	(115, 1348, 2015, NULL),
	(29, 602, 2015, NULL),
	(29, 601, 2015, NULL),
	(29, 603, 2015, NULL),
	(29, 604, 2015, NULL),
	(29, 750, 2015, NULL),
	(29, 751, 2015, NULL),
	(29, 752, 2015, NULL),
	(168, 517, 2015, NULL),
	(168, 516, 2015, NULL),
	(168, 521, 2015, NULL),
	(168, 522, 2015, NULL),
	(168, 527, 2015, NULL),
	(168, 570, 2015, NULL),
	(168, 573, 2015, NULL),
	(168, 575, 2015, NULL),
	(168, 574, 2015, NULL),
	(168, 577, 2015, NULL),
	(168, 597, 2015, NULL),
	(168, 598, 2015, NULL),
	(168, 601, 2015, NULL),
	(168, 602, 2015, NULL),
	(168, 660, 2015, NULL),
	(168, 661, 2015, NULL),
	(168, 756, 2015, NULL),
	(168, 757, 2015, NULL),
	(168, 758, 2015, NULL),
	(168, 760, 2015, NULL),
	(168, 759, 2015, NULL),
	(168, 766, 2015, NULL),
	(168, 844, 2015, NULL),
	(168, 845, 2015, NULL),
	(41, 608, 2015, NULL),
	(41, 870, 2015, NULL),
	(41, 878, 2015, NULL),
	(41, 876, 2015, NULL),
	(41, 874, 2015, NULL),
	(41, 872, 2015, NULL),
	(41, 873, 2015, NULL),
	(84, 502, 2015, NULL),
	(84, 503, 2015, NULL),
	(84, 504, 2015, NULL),
	(84, 505, 2015, NULL),
	(84, 506, 2015, NULL),
	(84, 531, 2015, NULL),
	(84, 532, 2015, NULL),
	(84, 533, 2015, NULL),
	(84, 597, 2015, NULL),
	(84, 598, 2015, NULL),
	(84, 601, 2015, NULL),
	(84, 602, 2015, NULL),
	(84, 608, 2015, NULL),
	(84, 623, 2015, NULL),
	(84, 624, 2015, NULL),
	(84, 643, 2015, NULL),
	(84, 644, 2015, NULL),
	(84, 645, 2015, NULL),
	(84, 646, 2015, NULL),
	(84, 647, 2015, NULL),
	(84, 648, 2015, NULL),
	(84, 655, 2015, NULL),
	(84, 656, 2015, NULL),
	(84, 666, 2015, NULL),
	(84, 667, 2015, NULL),
	(84, 675, 2015, NULL),
	(84, 687, 2015, NULL),
	(84, 697, 2015, NULL),
	(84, 698, 2015, NULL),
	(84, 782, 2015, NULL),
	(23, 558, 2015, NULL),
	(23, 561, 2015, NULL),
	(23, 597, 2015, NULL),
	(23, 598, 2015, NULL),
	(23, 601, 2015, NULL),
	(23, 602, 2015, NULL),
	(23, 655, 2015, NULL),
	(23, 656, 2015, NULL),
	(45, 534, 2015, NULL),
	(45, 535, 2015, NULL),
	(45, 536, 2015, NULL),
	(45, 674, 2015, NULL),
	(45, 675, 2015, NULL),
	(45, 676, 2015, NULL),
	(45, 677, 2015, NULL),
	(81, 767, 2015, NULL),
	(81, 768, 2015, NULL),
	(81, 769, 2015, NULL),
	(111, 600, 2015, NULL),
	(111, 603, 2015, NULL),
	(111, 601, 2015, NULL),
	(111, 632, 2015, NULL),
	(111, 633, 2015, NULL),
	(111, 839, 2015, NULL),
	(111, 845, 2015, NULL),
	(14, 660, 2015, NULL),
	(14, 661, 2015, NULL),
	(14, 769, 2015, NULL),
	(14, 814, 2015, NULL),
	(14, 815, 2015, NULL),
	(14, 816, 2015, NULL),
	(14, 817, 2015, NULL),
	(51, 540, 2015, NULL),
	(51, 541, 2015, NULL),
	(51, 692, 2015, NULL),
	(51, 693, 2015, NULL),
	(19, 518, 2015, NULL),
	(19, 520, 2015, NULL),
	(19, 603, 2015, NULL),
	(19, 604, 2015, NULL),
	(109, 540, 2015, NULL),
	(109, 541, 2015, NULL),
	(109, 542, 2015, NULL),
	(109, 573, 2015, NULL),
	(109, 692, 2015, NULL),
	(109, 693, 2015, NULL),
	(109, 834, 2015, NULL),
	(127, 875, 2015, NULL),
	(127, 1367, 2015, NULL),
	(127, 1368, 2015, NULL),
	(93, 820, 2015, NULL),
	(93, 786, 2015, NULL),
	(38, 506, 2015, NULL),
	(38, 597, 2015, NULL),
	(38, 598, 2015, NULL),
	(38, 601, 2015, NULL),
	(38, 602, 2015, NULL),
	(38, 603, 2015, NULL),
	(38, 604, 2015, NULL),
	(38, 622, 2015, NULL),
	(38, 839, 2015, NULL),
	(38, 840, 2015, NULL),
	(38, 844, 2015, NULL),
	(38, 845, 2015, NULL),
	(38, 1216, 2015, NULL),
	(38, 1217, 2015, NULL),
	(38, 1218, 2015, NULL),
	(38, 1220, 2015, NULL),
	(38, 1338, 2015, NULL),
	(38, 1337, 2015, NULL),
	(38, 1346, 2015, NULL),
	(70, 506, 2015, NULL),
	(70, 521, 2015, NULL),
	(70, 522, 2015, NULL),
	(70, 527, 2015, NULL),
	(70, 597, 2015, NULL),
	(70, 598, 2015, NULL),
	(70, 596, 2015, NULL),
	(70, 640, 2015, NULL),
	(70, 641, 2015, NULL),
	(70, 644, 2015, NULL),
	(70, 646, 2015, NULL),
	(70, 648, 2015, NULL),
	(70, 651, 2015, NULL),
	(70, 655, 2015, NULL),
	(70, 656, 2015, NULL),
	(70, 657, 2015, NULL),
	(70, 844, 2015, NULL),
	(70, 845, 2015, NULL),
	(70, 843, 2015, NULL),
	(22, 644, 2015, NULL),
	(22, 645, 2015, NULL),
	(22, 646, 2015, NULL),
	(22, 647, 2015, NULL),
	(69, 741, 2015, NULL),
	(69, 740, 2015, NULL),
	(69, 743, 2015, NULL),
	(69, 745, 2015, NULL),
	(99, 583, 2015, NULL),
	(99, 581, 2015, NULL),
	(151, 835, 2015, NULL),
	(90, 793, 2015, NULL),
	(112, 597, 2015, NULL),
	(112, 598, 2015, NULL),
	(112, 602, 2015, NULL),
	(112, 603, 2015, NULL),
	(112, 604, 2015, NULL),
	(112, 601, 2015, NULL),
	(112, 837, 2015, NULL),
	(112, 839, 2015, NULL),
	(112, 840, 2015, NULL),
	(112, 845, 2015, NULL),
	(112, 844, 2015, NULL),
	(112, 848, 2015, NULL),
	(73, 749, 2015, NULL),
	(73, 756, 2015, NULL),
	(92, 773, 2015, NULL),
	(92, 774, 2015, NULL),
	(12, 640, 2015, NULL),
	(74, 572, 2015, NULL),
	(78, 1288, 2015, NULL),
	(78, 572, 2015, NULL),
	(172, 574, 2015, NULL),
	(172, 575, 2015, NULL),
	(172, 1306, 2015, NULL),
	(172, 1307, 2015, NULL),
	(172, 1308, 2015, NULL),
	(172, 1309, 2015, NULL),
	(95, 559, 2015, NULL),
	(95, 640, 2015, NULL),
	(95, 641, 2015, NULL),
	(107, 1323, 2015, NULL),
	(107, 1324, 2015, NULL),
	(131, 874, 2015, NULL),
	(131, 871, 2015, NULL),
	(131, 870, 2015, NULL),
	(114, 601, 2015, NULL),
	(114, 603, 2015, NULL),
	(35, 523, 2015, NULL),
	(35, 666, 2015, NULL),
	(35, 667, 2015, NULL),
	(35, 663, 2015, NULL),
	(166, 1271, 2015, NULL),
	(134, 566, 2015, NULL),
	(134, 565, 2015, NULL),
	(134, 564, 2015, NULL),
	(134, 559, 2015, NULL),
	(134, 750, 2015, NULL),
	(134, 749, 2015, NULL),
	(49, 558, 2015, NULL),
	(49, 559, 2015, NULL),
	(49, 573, 2015, NULL),
	(49, 761, 2015, NULL),
	(49, 762, 2015, NULL),
	(49, 764, 2015, NULL),
	(49, 774, 2015, NULL),
	(40, 573, 2015, NULL),
	(40, 524, 2015, NULL),
	(40, 525, 2015, NULL),
	(40, 526, 2015, NULL),
	(40, 659, 2015, NULL),
	(40, 658, 2015, NULL),
	(40, 668, 2015, NULL),
	(40, 669, 2015, NULL),
	(40, 670, 2015, NULL),
	(160, 603, 2015, NULL),
	(160, 604, 2015, NULL),
	(139, 588, 2015, NULL),
	(155, 798, 2015, NULL),
	(155, 799, 2015, NULL),
	(158, 596, 2015, NULL),
	(158, 593, 2015, NULL),
	(158, 590, 2015, NULL),
	(158, 594, 2015, NULL),
	(158, 591, 2015, NULL),
	(158, 789, 2015, NULL),
	(158, 790, 2015, NULL),
	(158, 795, 2015, NULL),
	(158, 796, 2015, NULL),
	(158, 835, 2015, NULL),
	(158, 833, 2015, NULL),
	(158, 830, 2015, NULL),
	(158, 831, 2015, NULL),
	(158, 832, 2015, NULL),
	(158, 1312, 2015, NULL),
	(116, 601, 2015, NULL),
	(116, 603, 2015, NULL),
	(116, 600, 2015, NULL),
	(116, 848, 2015, NULL),
	(60, 1262, 2015, NULL),
	(27, 621, 2015, NULL),
	(59, 710, 2015, NULL),
	(59, 711, 2015, NULL),
	(59, 712, 2015, NULL),
	(59, 1262, 2015, NULL),
	(59, 1263, 2015, NULL),
	(59, 1264, 2015, NULL),
	(59, 1265, 2015, NULL),
	(163, 1225, 2015, NULL),
	(163, 1226, 2015, NULL),
	(163, 1227, 2015, NULL),
	(163, 1228, 2015, NULL),
	(123, 606, 2015, NULL),
	(123, 1359, 2015, NULL),
	(32, 516, 2015, NULL),
	(32, 655, 2015, NULL),
	(32, 656, 2015, NULL),
	(161, 1207, 2015, NULL),
	(161, 1210, 2015, NULL),
	(10, 597, 2015, NULL),
	(10, 598, 2015, NULL),
	(10, 599, 2015, NULL),
	(10, 600, 2015, NULL),
	(10, 844, 2015, NULL),
	(10, 845, 2015, NULL),
	(148, 841, 2015, NULL),
	(75, 563, 2015, NULL),
	(75, 753, 2015, NULL),
	(72, 558, 2015, NULL),
	(72, 561, 2015, NULL),
	(72, 749, 2015, NULL),
	(72, 756, 2015, NULL),
	(100, 636, 2015, NULL),
	(100, 792, 2015, NULL),
	(136, 1324, 2015, NULL),
	(150, 555, 2015, NULL),
	(150, 710, 2015, NULL),
	(150, 711, 2015, NULL),
	(150, 712, 2015, NULL),
	(150, 716, 2015, NULL),
	(150, 1266, 2015, NULL),
	(150, 1264, 2015, NULL),
	(150, 1262, 2015, NULL),
	(16, 510, 2015, NULL),
	(144, 573, 2015, NULL),
	(144, 1299, 2015, NULL),
	(144, 1300, 2015, NULL),
	(144, 1301, 2015, NULL),
	(144, 1302, 2015, NULL),
	(30, 507, 2015, NULL),
	(30, 756, 2015, NULL),
	(97, 581, 2015, NULL),
	(97, 596, 2015, NULL),
	(125, 879, 2015, NULL),
	(125, 876, 2015, NULL),
	(125, 874, 2015, NULL),
	(125, 872, 2015, NULL),
	(125, 873, 2015, NULL),
	(145, 571, 2015, NULL),
	(145, 573, 2015, NULL),
	(145, 562, 2015, NULL),
	(145, 559, 2015, NULL),
	(145, 570, 2015, NULL),
	(17, 507, 2015, NULL),
	(17, 616, 2015, NULL),
	(154, 632, 2015, NULL),
	(154, 633, 2015, NULL),
	(156, 719, 2015, NULL),
	(156, 721, 2015, NULL),
	(9, 508, 2015, NULL),
	(9, 507, 2015, NULL),
	(9, 511, 2015, NULL),
	(15, 550, 2015, NULL),
	(15, 551, 2015, NULL),
	(15, 603, 2015, NULL),
	(15, 604, 2015, NULL),
	(15, 760, 2015, NULL),
	(15, 848, 2015, NULL),
	(15, 849, 2015, NULL),
	(71, 596, 2015, NULL),
	(71, 835, 2015, NULL),
	(157, 591, 2015, NULL),
	(157, 596, 2015, NULL),
	(157, 697, 2015, NULL),
	(157, 828, 2015, NULL),
	(157, 835, 2015, NULL),
	(82, 559, 2015, NULL),
	(82, 562, 2015, NULL),
	(82, 768, 2015, NULL),
	(82, 766, 2015, NULL),
	(126, 873, 2015, NULL),
	(126, 879, 2015, NULL),
	(126, 876, 2015, NULL),
	(126, 1360, 2015, NULL),
	(56, 716, 2015, NULL),
	(56, 1250, 2015, NULL),
	(56, 1251, 2015, NULL),
	(56, 1252, 2015, NULL),
	(103, 810, 2015, NULL),
	(42, 656, 2015, NULL),
	(164, 596, 2015, NULL),
	(164, 521, 2015, NULL),
	(164, 697, 2015, NULL),
	(164, 698, 2015, NULL),
	(164, 835, 2015, NULL),
	(164, 1243, 2015, NULL),
	(6, 513, 2015, NULL),
	(165, 603, 2015, NULL),
	(165, 604, 2015, NULL),
	(165, 844, 2015, NULL),
	(165, 845, 2015, NULL),
	(165, 848, 2015, NULL),
	(165, 849, 2015, NULL),
	(117, 604, 2015, NULL),
	(2, 504, 2015, NULL),
	(2, 620, 2015, NULL),
	(3, 505, 2015, NULL),
	(3, 1165, 2015, NULL),
	(25, 518, 2015, NULL),
	(25, 519, 2015, NULL),
	(25, 520, 2015, NULL),
	(67, 737, 2015, NULL),
	(67, 738, 2015, NULL),
	(138, 593, 2015, NULL),
	(138, 824, 2015, NULL),
	(171, 513, 2015, NULL),
	(171, 857, 2015, NULL),
	(171, 856, 2015, NULL),
	(171, 1357, 2015, NULL),
	(137, 590, 2015, NULL),
	(137, 593, 2015, NULL),
	(149, 582, 2015, NULL),
	(149, 571, 2015, NULL),
	(149, 808, 2015, NULL),
	(167, 603, 2015, NULL),
	(167, 604, 2015, NULL),
	(167, 848, 2015, NULL),
	(167, 849, 2015, NULL),
	(24, 559, 2015, NULL),
	(24, 562, 2015, NULL),
	(122, 603, 2015, NULL),
	(122, 604, 2015, NULL),
	(122, 609, 2015, NULL),
	(122, 878, 2015, NULL),
	(122, 848, 2015, NULL),
	(122, 849, 2015, NULL),
	(122, 847, 2015, NULL),
	(122, 846, 2015, NULL),
	(170, 606, 2015, NULL),
	(170, 607, 2015, NULL),
	(170, 867, 2015, NULL),
	(119, 1346, 2015, NULL),
	(119, 1348, 2015, NULL),
	(173, 1706, 2015, NULL),
	(173, 1707, 2015, NULL),
	(173, 1708, 2015, NULL),
	(173, 1850, 2015, NULL),
	(173, 1852, 2015, NULL),
	(173, 1864, 2015, NULL),
	(173, 1865, 2015, NULL),
	(173, 1858, 2015, NULL),
	(173, 1860, 2015, NULL),
	(173, 1861, 2015, NULL),
	(173, 1859, 2015, NULL),
	(173, 1862, 2015, NULL),
	(173, 1863, 2015, NULL),
	(11, 1646, 2015, NULL),
	(11, 1705, 2015, NULL),
	(11, 1741, 2015, NULL),
	(11, 1833, 2015, NULL),
	(11, 1840, 2015, NULL),
	(11, 1841, 2015, NULL),
	(11, 1844, 2015, NULL),
	(11, 1848, 2015, NULL),
	(11, 1849, 2015, NULL),
	(130, 1722, 2015, NULL),
	(130, 1723, 2015, NULL),
	(130, 1885, 2015, NULL),
	(130, 1886, 2015, NULL),
	(130, 1888, 2015, NULL),
	(130, 1889, 2015, NULL),
	(130, 1890, 2015, NULL),
	(28, 1658, 2015, NULL),
	(28, 1659, 2015, NULL),
	(28, 1662, 2015, NULL),
	(28, 1663, 2015, NULL),
	(28, 1715, 2015, NULL),
	(28, 1742, 2015, NULL),
	(28, 1758, 2015, NULL),
	(28, 1761, 2015, NULL),
	(28, 1844, 2015, NULL),
	(28, 1845, 2015, NULL),
	(28, 1871, 2015, NULL),
	(28, 1873, 2015, NULL),
	(115, 1693, 2015, NULL),
	(115, 1694, 2015, NULL),
	(115, 1692, 2015, NULL),
	(115, 1717, 2015, NULL),
	(115, 1715, 2015, NULL),
	(115, 1869, 2015, NULL),
	(115, 1867, 2015, NULL),
	(115, 1866, 2015, NULL),
	(29, 1656, 2015, NULL),
	(29, 1657, 2015, NULL),
	(29, 1664, 2015, NULL),
	(29, 1729, 2015, NULL),
	(29, 1741, 2015, NULL),
	(29, 1746, 2015, NULL),
	(29, 1756, 2015, NULL),
	(29, 1755, 2015, NULL),
	(29, 1776, 2015, NULL),
	(168, 1759, 2015, NULL),
	(168, 1760, 2015, NULL),
	(168, 1664, 2015, NULL),
	(168, 1665, 2015, NULL),
	(168, 1666, 2015, NULL),
	(168, 1658, 2015, NULL),
	(168, 1659, 2015, NULL),
	(41, 1664, 2015, NULL),
	(41, 1721, 2015, NULL),
	(41, 1723, 2015, NULL),
	(41, 1704, 2015, NULL),
	(41, 1705, 2015, NULL),
	(41, 1697, 2015, NULL),
	(41, 1698, 2015, NULL),
	(41, 1774, 2015, NULL),
	(41, 1885, 2015, NULL),
	(41, 1886, 2015, NULL),
	(41, 1887, 2015, NULL),
	(41, 1889, 2015, NULL),
	(41, 1888, 2015, NULL),
	(41, 1890, 2015, NULL),
	(84, 1652, 2015, NULL),
	(84, 1696, 2015, NULL),
	(84, 1714, 2015, NULL),
	(84, 1743, 2015, NULL),
	(23, 1658, 2015, NULL),
	(23, 1659, 2015, NULL),
	(23, 1660, 2015, NULL),
	(23, 1661, 2015, NULL),
	(23, 1662, 2015, NULL),
	(23, 1663, 2015, NULL),
	(23, 1664, 2015, NULL),
	(23, 1665, 2015, NULL),
	(23, 1666, 2015, NULL),
	(23, 1762, 2015, NULL),
	(23, 1763, 2015, NULL),
	(23, 1765, 2015, NULL),
	(23, 1766, 2015, NULL),
	(23, 1767, 2015, NULL),
	(23, 1776, 2015, NULL),
	(23, 1777, 2015, NULL),
	(45, 1753, 2015, NULL),
	(45, 1754, 2015, NULL),
	(45, 1772, 2015, NULL),
	(45, 1773, 2015, NULL),
	(45, 1776, 2015, NULL),
	(45, 1777, 2015, NULL),
	(45, 1780, 2015, NULL),
	(45, 1781, 2015, NULL),
	(45, 1667, 2015, NULL),
	(45, 1670, 2015, NULL),
	(45, 1671, 2015, NULL),
	(81, 1833, 2015, NULL),
	(81, 1658, 2015, NULL),
	(81, 1659, 2015, NULL),
	(81, 1697, 2015, NULL),
	(111, 1741, 2015, NULL),
	(111, 1772, 2015, NULL),
	(111, 1650, 2015, NULL),
	(111, 1652, 2015, NULL),
	(111, 1660, 2015, NULL),
	(111, 1661, 2015, NULL),
	(111, 1762, 2015, NULL),
	(111, 1763, 2015, NULL),
	(80, 1762, 2015, NULL),
	(80, 1763, 2015, NULL),
	(80, 1660, 2015, NULL),
	(80, 1661, 2015, NULL),
	(14, 1665, 2015, NULL),
	(14, 1666, 2015, NULL),
	(14, 1664, 2015, NULL),
	(14, 1768, 2015, NULL),
	(14, 1769, 2015, NULL),
	(14, 1770, 2015, NULL),
	(14, 1771, 2015, NULL),
	(14, 1759, 2015, NULL),
	(14, 1760, 2015, NULL),
	(14, 1761, 2015, NULL),
	(14, 1762, 2015, NULL),
	(14, 1763, 2015, NULL),
	(14, 1766, 2015, NULL),
	(14, 1765, 2015, NULL),
	(51, 1741, 2015, NULL),
	(51, 1755, 2015, NULL),
	(51, 1756, 2015, NULL),
	(51, 1660, 2015, NULL),
	(51, 1661, 2015, NULL),
	(51, 1662, 2015, NULL),
	(51, 1663, 2015, NULL),
	(51, 1664, 2015, NULL),
	(51, 1665, 2015, NULL),
	(51, 1666, 2015, NULL),
	(19, 1660, 2015, NULL),
	(19, 1661, 2015, NULL),
	(19, 1662, 2015, NULL),
	(19, 1663, 2015, NULL),
	(19, 1759, 2015, NULL),
	(19, 1760, 2015, NULL),
	(19, 1761, 2015, NULL),
	(19, 1762, 2015, NULL),
	(19, 1763, 2015, NULL),
	(109, 1674, 2015, NULL),
	(109, 1675, 2015, NULL),
	(109, 1678, 2015, NULL),
	(109, 1679, 2015, NULL),
	(109, 1676, 2015, NULL),
	(109, 1677, 2015, NULL),
	(109, 1680, 2015, NULL),
	(109, 1792, 2015, NULL),
	(109, 1793, 2015, NULL),
	(109, 1794, 2015, NULL),
	(33, 1762, 2015, NULL),
	(33, 1763, 2015, NULL),
	(33, 1660, 2015, NULL),
	(33, 1661, 2015, NULL),
	(127, 1722, 2015, NULL),
	(127, 1723, 2015, NULL),
	(127, 1886, 2015, NULL),
	(127, 1887, 2015, NULL),
	(127, 1885, 2015, NULL),
	(127, 1890, 2015, NULL),
	(93, 1833, 2015, NULL),
	(93, 1834, 2015, NULL),
	(93, 1835, 2015, NULL),
	(93, 1836, 2015, NULL),
	(93, 1837, 2015, NULL),
	(93, 1838, 2015, NULL),
	(93, 1697, 2015, NULL),
	(93, 1698, 2015, NULL),
	(93, 1699, 2015, NULL),
	(38, 1666, 2015, NULL),
	(38, 1770, 2015, NULL),
	(38, 1771, 2015, NULL),
	(38, 1775, 2015, NULL),
	(70, 1742, 2015, NULL),
	(70, 1732, 2015, NULL),
	(70, 1753, 2015, NULL),
	(70, 1756, 2015, NULL),
	(70, 1757, 2015, NULL),
	(70, 1650, 2015, NULL),
	(70, 1657, 2015, NULL),
	(70, 1659, 2015, NULL),
	(70, 1658, 2015, NULL),
	(70, 1655, 2015, NULL),
	(70, 1654, 2015, NULL),
	(22, 1658, 2015, NULL),
	(22, 1659, 2015, NULL),
	(22, 1664, 2015, NULL),
	(22, 1666, 2015, NULL),
	(22, 1759, 2015, NULL),
	(22, 1760, 2015, NULL),
	(22, 1762, 2015, NULL),
	(22, 1763, 2015, NULL),
	(22, 1765, 2015, NULL),
	(22, 1766, 2015, NULL),
	(22, 1767, 2015, NULL),
	(69, 1690, 2015, NULL),
	(69, 1664, 2015, NULL),
	(69, 1650, 2015, NULL),
	(69, 1651, 2015, NULL),
	(69, 1652, 2015, NULL),
	(69, 1751, 2015, NULL),
	(69, 1752, 2015, NULL),
	(69, 1767, 2015, NULL),
	(69, 1775, 2015, NULL),
	(118, 1714, 2015, NULL),
	(118, 1717, 2015, NULL),
	(118, 1718, 2015, NULL),
	(118, 1743, 2015, NULL),
	(118, 1741, 2015, NULL),
	(118, 1742, 2015, NULL),
	(118, 1866, 2015, NULL),
	(118, 1867, 2015, NULL),
	(118, 1869, 2015, NULL),
	(118, 1870, 2015, NULL),
	(118, 1873, 2015, NULL),
	(118, 1874, 2015, NULL),
	(120, 1713, 2015, NULL),
	(120, 1714, 2015, NULL),
	(120, 1717, 2015, NULL),
	(120, 1718, 2015, NULL),
	(120, 1741, 2015, NULL),
	(120, 1742, 2015, NULL),
	(120, 1743, 2015, NULL),
	(120, 1867, 2015, NULL),
	(120, 1869, 2015, NULL),
	(120, 1873, 2015, NULL),
	(120, 1874, 2015, NULL),
	(99, 1704, 2015, NULL),
	(99, 1705, 2015, NULL),
	(99, 1838, 2015, NULL),
	(99, 1844, 2015, NULL),
	(99, 1845, 2015, NULL),
	(99, 1846, 2015, NULL),
	(99, 1847, 2015, NULL),
	(99, 1848, 2015, NULL),
	(99, 1849, 2015, NULL),
	(151, 1679, 2015, NULL),
	(151, 1677, 2015, NULL),
	(151, 1675, 2015, NULL),
	(151, 1793, 2015, NULL),
	(151, 1794, 2015, NULL),
	(151, 1792, 2015, NULL),
	(90, 1691, 2015, NULL),
	(90, 1692, 2015, NULL),
	(90, 1696, 2015, NULL),
	(90, 1741, 2015, NULL),
	(90, 1742, 2015, NULL),
	(90, 1827, 2015, NULL),
	(90, 1830, 2015, NULL),
	(90, 1832, 2015, NULL),
	(90, 1831, 2015, NULL),
	(112, 1652, 2015, NULL),
	(112, 1713, 2015, NULL),
	(112, 1741, 2015, NULL),
	(112, 1867, 2015, NULL),
	(112, 1869, 2015, NULL),
	(141, 1706, 2015, NULL),
	(141, 1707, 2015, NULL),
	(141, 1850, 2015, NULL),
	(141, 1852, 2015, NULL),
	(73, 1693, 2015, NULL),
	(73, 1694, 2015, NULL),
	(73, 1697, 2015, NULL),
	(73, 1825, 2015, NULL),
	(73, 1826, 2015, NULL),
	(92, 1831, 2015, NULL),
	(92, 1830, 2015, NULL),
	(92, 1832, 2015, NULL),
	(92, 1696, 2015, NULL),
	(12, 1650, 2015, NULL),
	(12, 1651, 2015, NULL),
	(12, 1741, 2015, NULL),
	(74, 1691, 2015, NULL),
	(74, 1693, 2015, NULL),
	(74, 1799, 2015, NULL),
	(74, 1800, 2015, NULL),
	(74, 1831, 2015, NULL),
	(74, 1832, 2015, NULL),
	(74, 1827, 2015, NULL),
	(74, 1828, 2015, NULL),
	(83, 1650, 2015, NULL),
	(83, 1653, 2015, NULL),
	(83, 1654, 2015, NULL),
	(83, 1657, 2015, NULL),
	(83, 1664, 2015, NULL),
	(83, 1665, 2015, NULL),
	(83, 1666, 2015, NULL),
	(83, 1741, 2015, NULL),
	(83, 1768, 2015, NULL),
	(83, 1769, 2015, NULL),
	(83, 1770, 2015, NULL),
	(83, 1771, 2015, NULL),
	(94, 1698, 2015, NULL),
	(94, 1700, 2015, NULL),
	(94, 1836, 2015, NULL),
	(94, 1840, 2015, NULL),
	(94, 1842, 2015, NULL),
	(94, 1844, 2015, NULL),
	(104, 1759, 2015, NULL),
	(104, 1760, 2015, NULL),
	(104, 1848, 2015, NULL),
	(104, 1845, 2015, NULL),
	(104, 1658, 2015, NULL),
	(104, 1659, 2015, NULL),
	(104, 1705, 2015, NULL),
	(104, 1704, 2015, NULL),
	(78, 1695, 2015, NULL),
	(78, 1829, 2015, NULL),
	(78, 1827, 2015, NULL),
	(172, 1751, 2015, NULL),
	(172, 1752, 2015, NULL),
	(172, 1834, 2015, NULL),
	(172, 1837, 2015, NULL),
	(172, 1699, 2015, NULL),
	(95, 1732, 2015, NULL),
	(95, 1741, 2015, NULL),
	(95, 1650, 2015, NULL),
	(95, 1657, 2015, NULL),
	(159, 1747, 2015, NULL),
	(159, 1831, 2015, NULL),
	(159, 1696, 2015, NULL),
	(159, 1694, 2015, NULL),
	(159, 1693, 2015, NULL),
	(107, 1706, 2015, NULL),
	(107, 1707, 2015, NULL),
	(107, 1710, 2015, NULL),
	(107, 1850, 2015, NULL),
	(107, 1851, 2015, NULL),
	(107, 1852, 2015, NULL),
	(107, 1853, 2015, NULL),
	(143, 1696, 2015, NULL),
	(143, 1831, 2015, NULL),
	(131, 1721, 2015, NULL),
	(131, 1722, 2015, NULL),
	(131, 1723, 2015, NULL),
	(131, 1890, 2015, NULL),
	(131, 1889, 2015, NULL),
	(131, 1888, 2015, NULL),
	(131, 1887, 2015, NULL),
	(131, 1886, 2015, NULL),
	(131, 1885, 2015, NULL),
	(114, 1697, 2015, NULL),
	(114, 1657, 2015, NULL),
	(114, 1714, 2015, NULL),
	(114, 1833, 2015, NULL),
	(114, 1741, 2015, NULL),
	(114, 1866, 2015, NULL),
	(114, 1867, 2015, NULL),
	(114, 1869, 2015, NULL),
	(114, 1870, 2015, NULL),
	(162, 1665, 2015, NULL),
	(162, 1666, 2015, NULL),
	(162, 1768, 2015, NULL),
	(162, 1769, 2015, NULL),
	(162, 1770, 2015, NULL),
	(162, 1771, 2015, NULL),
	(162, 1772, 2015, NULL),
	(162, 1774, 2015, NULL),
	(35, 1664, 2015, NULL),
	(35, 1665, 2015, NULL),
	(35, 1767, 2015, NULL),
	(35, 1774, 2015, NULL),
	(35, 1889, 2015, NULL),
	(34, 1751, 2015, NULL),
	(34, 1769, 2015, NULL),
	(34, 1768, 2015, NULL),
	(34, 1770, 2015, NULL),
	(34, 1771, 2015, NULL),
	(34, 1833, 2015, NULL),
	(34, 1668, 2015, NULL),
	(34, 1670, 2015, NULL),
	(166, 1689, 2015, NULL),
	(166, 1690, 2015, NULL),
	(166, 1817, 2015, NULL),
	(166, 1822, 2015, NULL),
	(166, 1824, 2015, NULL),
	(65, 1642, 2015, NULL),
	(65, 1643, 2015, NULL),
	(65, 1644, 2015, NULL),
	(65, 1645, 2015, NULL),
	(65, 1646, 2015, NULL),
	(65, 1647, 2015, NULL),
	(65, 1648, 2015, NULL),
	(65, 1649, 2015, NULL),
	(65, 1650, 2015, NULL),
	(65, 1651, 2015, NULL),
	(65, 1656, 2015, NULL),
	(65, 1657, 2015, NULL),
	(65, 1664, 2015, NULL),
	(65, 1729, 2015, NULL),
	(65, 1730, 2015, NULL),
	(65, 1732, 2015, NULL),
	(65, 1733, 2015, NULL),
	(65, 1735, 2015, NULL),
	(65, 1737, 2015, NULL),
	(65, 1739, 2015, NULL),
	(65, 1741, 2015, NULL),
	(134, 1693, 2015, NULL),
	(134, 1694, 2015, NULL),
	(134, 1696, 2015, NULL),
	(134, 1827, 2015, NULL),
	(134, 1828, 2015, NULL),
	(49, 1691, 2015, NULL),
	(49, 1693, 2015, NULL),
	(49, 1694, 2015, NULL),
	(49, 1825, 2015, NULL),
	(49, 1826, 2015, NULL),
	(49, 1827, 2015, NULL),
	(49, 1828, 2015, NULL),
	(132, 1672, 2015, NULL),
	(132, 1673, 2015, NULL),
	(132, 1788, 2015, NULL),
	(132, 1789, 2015, NULL),
	(132, 1791, 2015, NULL),
	(132, 1790, 2015, NULL),
	(40, 1649, 2015, NULL),
	(40, 1657, 2015, NULL),
	(40, 1696, 2015, NULL),
	(40, 1733, 2015, NULL),
	(40, 1735, 2015, NULL),
	(40, 1737, 2015, NULL),
	(40, 1739, 2015, NULL),
	(40, 1741, 2015, NULL),
	(77, 1693, 2015, NULL),
	(77, 1694, 2015, NULL),
	(77, 1696, 2015, NULL),
	(77, 1830, 2015, NULL),
	(77, 1831, 2015, NULL),
	(77, 1832, 2015, NULL),
	(133, 1642, 2015, NULL),
	(133, 1644, 2015, NULL),
	(133, 1646, 2015, NULL),
	(133, 1648, 2015, NULL),
	(133, 1733, 2015, NULL),
	(133, 1735, 2015, NULL),
	(133, 1737, 2015, NULL),
	(133, 1739, 2015, NULL),
	(160, 1864, 2015, NULL),
	(160, 1865, 2015, NULL),
	(160, 1817, 2015, NULL),
	(160, 1820, 2015, NULL),
	(160, 1821, 2015, NULL),
	(160, 1710, 2015, NULL),
	(160, 1711, 2015, NULL),
	(139, 1706, 2015, NULL),
	(139, 1707, 2015, NULL),
	(139, 1851, 2015, NULL),
	(139, 1853, 2015, NULL),
	(155, 1702, 2015, NULL),
	(155, 1703, 2015, NULL),
	(155, 1842, 2015, NULL),
	(155, 1843, 2015, NULL),
	(155, 1848, 2015, NULL),
	(155, 1849, 2015, NULL),
	(158, 1864, 2015, NULL),
	(158, 1865, 2015, NULL),
	(158, 1820, 2015, NULL),
	(158, 1821, 2015, NULL),
	(158, 1822, 2015, NULL),
	(158, 1824, 2015, NULL),
	(158, 1690, 2015, NULL),
	(158, 1710, 2015, NULL),
	(158, 1711, 2015, NULL),
	(116, 1714, 2015, NULL),
	(116, 1715, 2015, NULL),
	(116, 1717, 2015, NULL),
	(116, 1745, 2015, NULL),
	(116, 1805, 2015, NULL),
	(116, 1803, 2015, NULL),
	(116, 1804, 2015, NULL),
	(116, 1806, 2015, NULL),
	(116, 1808, 2015, NULL),
	(116, 1807, 2015, NULL),
	(116, 1809, 2015, NULL),
	(116, 1810, 2015, NULL),
	(116, 1811, 2015, NULL),
	(116, 1812, 2015, NULL),
	(116, 1813, 2015, NULL),
	(116, 1814, 2015, NULL),
	(116, 1867, 2015, NULL),
	(116, 1869, 2015, NULL),
	(116, 1870, 2015, NULL),
	(116, 1873, 2015, NULL),
	(116, 1874, 2015, NULL),
	(4, 1653, 2015, NULL),
	(4, 1654, 2015, NULL),
	(4, 1746, 2015, NULL),
	(4, 1747, 2015, NULL),
	(4, 1748, 2015, NULL),
	(4, 1761, 2015, NULL),
	(60, 1683, 2015, NULL),
	(60, 1684, 2015, NULL),
	(60, 1685, 2015, NULL),
	(60, 1686, 2015, NULL),
	(60, 1687, 2015, NULL),
	(60, 1688, 2015, NULL),
	(60, 1809, 2015, NULL),
	(60, 1810, 2015, NULL),
	(60, 1811, 2015, NULL),
	(60, 1812, 2015, NULL),
	(60, 1813, 2015, NULL),
	(60, 1814, 2015, NULL),
	(135, 1864, 2015, NULL),
	(135, 1865, 2015, NULL),
	(135, 1820, 2015, NULL),
	(135, 1822, 2015, NULL),
	(135, 1824, 2015, NULL),
	(135, 1690, 2015, NULL),
	(135, 1702, 2015, NULL),
	(135, 1703, 2015, NULL),
	(135, 1710, 2015, NULL),
	(135, 1711, 2015, NULL),
	(27, 1642, 2015, NULL),
	(27, 1644, 2015, NULL),
	(27, 1646, 2015, NULL),
	(27, 1648, 2015, NULL),
	(27, 1733, 2015, NULL),
	(27, 1735, 2015, NULL),
	(27, 1737, 2015, NULL),
	(27, 1739, 2015, NULL),
	(27, 1747, 2015, NULL),
	(119, 1870, 2015, NULL),
	(119, 1873, 2015, NULL),
	(119, 1714, 2015, NULL),
	(119, 1716, 2015, NULL),
	(119, 1718, 2015, NULL),
	(59, 1658, 2015, NULL),
	(59, 1659, 2015, NULL),
	(59, 1668, 2015, NULL),
	(59, 1670, 2015, NULL),
	(59, 1669, 2015, NULL),
	(59, 1671, 2015, NULL),
	(59, 1681, 2015, NULL),
	(59, 1682, 2015, NULL),
	(59, 1683, 2015, NULL),
	(59, 1684, 2015, NULL),
	(59, 1685, 2015, NULL),
	(59, 1686, 2015, NULL),
	(59, 1687, 2015, NULL),
	(59, 1688, 2015, NULL),
	(59, 1780, 2015, NULL),
	(59, 1781, 2015, NULL),
	(59, 1801, 2015, NULL),
	(59, 1802, 2015, NULL),
	(59, 1866, 2015, NULL),
	(59, 1867, 2015, NULL),
	(59, 1871, 2015, NULL),
	(59, 1873, 2015, NULL),
	(44, 1642, 2015, NULL),
	(44, 1644, 2015, NULL),
	(44, 1643, 2015, NULL),
	(44, 1645, 2015, NULL),
	(44, 1646, 2015, NULL),
	(44, 1647, 2015, NULL),
	(44, 1648, 2015, NULL),
	(44, 1649, 2015, NULL),
	(44, 1667, 2015, NULL),
	(44, 1730, 2015, NULL),
	(44, 1729, 2015, NULL),
	(44, 1732, 2015, NULL),
	(44, 1733, 2015, NULL),
	(44, 1735, 2015, NULL),
	(44, 1737, 2015, NULL),
	(44, 1739, 2015, NULL),
	(163, 1667, 2015, NULL),
	(163, 1670, 2015, NULL),
	(163, 1671, 2015, NULL),
	(163, 1777, 2015, NULL),
	(163, 1778, 2015, NULL),
	(163, 1779, 2015, NULL),
	(163, 1780, 2015, NULL),
	(163, 1781, 2015, NULL),
	(163, 1782, 2015, NULL),
	(163, 1783, 2015, NULL),
	(163, 1784, 2015, NULL),
	(163, 1785, 2015, NULL),
	(163, 1786, 2015, NULL),
	(163, 1787, 2015, NULL),
	(123, 1720, 2015, NULL),
	(123, 1722, 2015, NULL),
	(123, 1723, 2015, NULL),
	(123, 1876, 2015, NULL),
	(123, 1875, 2015, NULL),
	(123, 1877, 2015, NULL),
	(123, 1878, 2015, NULL),
	(123, 1885, 2015, NULL),
	(123, 1888, 2015, NULL),
	(123, 1889, 2015, NULL),
	(123, 1890, 2015, NULL),
	(32, 1664, 2015, NULL),
	(32, 1665, 2015, NULL),
	(32, 1666, 2015, NULL),
	(32, 1650, 2015, NULL),
	(32, 1652, 2015, NULL),
	(32, 1741, 2015, NULL),
	(32, 1742, 2015, NULL),
	(32, 1743, 2015, NULL),
	(153, 1642, 2015, NULL),
	(153, 1644, 2015, NULL),
	(153, 1646, 2015, NULL),
	(153, 1648, 2015, NULL),
	(153, 1703, 2015, NULL),
	(153, 1733, 2015, NULL),
	(153, 1735, 2015, NULL),
	(153, 1737, 2015, NULL),
	(153, 1739, 2015, NULL),
	(153, 1843, 2015, NULL),
	(161, 1759, 2015, NULL),
	(161, 1768, 2015, NULL),
	(161, 1769, 2015, NULL),
	(161, 1771, 2015, NULL),
	(161, 1770, 2015, NULL),
	(161, 1665, 2015, NULL),
	(161, 1664, 2015, NULL),
	(10, 1781, 2015, NULL),
	(10, 1780, 2015, NULL),
	(10, 1714, 2015, NULL),
	(10, 1650, 2015, NULL),
	(10, 1655, 2015, NULL),
	(10, 1657, 2015, NULL),
	(10, 1656, 2015, NULL),
	(10, 1747, 2015, NULL),
	(10, 1750, 2015, NULL),
	(10, 1749, 2015, NULL),
	(10, 1756, 2015, NULL),
	(10, 1757, 2015, NULL),
	(148, 1650, 2015, NULL),
	(148, 1652, 2015, NULL),
	(148, 1670, 2015, NULL),
	(148, 1671, 2015, NULL),
	(148, 1714, 2015, NULL),
	(148, 1867, 2015, NULL),
	(148, 1866, 2015, NULL),
	(148, 1870, 2015, NULL),
	(75, 1693, 2015, NULL),
	(75, 1694, 2015, NULL),
	(75, 1692, 2015, NULL),
	(75, 1696, 2015, NULL),
	(75, 1827, 2015, NULL),
	(75, 1828, 2015, NULL),
	(75, 1831, 2015, NULL),
	(75, 1832, 2015, NULL),
	(146, 1696, 2015, NULL),
	(146, 1664, 2015, NULL),
	(146, 1665, 2015, NULL),
	(146, 1666, 2015, NULL),
	(146, 1767, 2015, NULL),
	(146, 1831, 2015, NULL),
	(146, 1832, 2015, NULL),
	(169, 1770, 2015, NULL);

INSERT INTO pratica_nos_verbos (pratica, verbo, ano, uuid) VALUES
	(169, 1771, 2015, NULL),
	(169, 1774, 2015, NULL),
	(169, 1756, 2015, NULL),
	(169, 1666, 2015, NULL),
	(169, 1657, 2015, NULL),
	(72, 1691, 2015, NULL),
	(72, 1692, 2015, NULL),
	(72, 1653, 2015, NULL),
	(72, 1654, 2015, NULL),
	(72, 1825, 2015, NULL),
	(72, 1826, 2015, NULL),
	(72, 1746, 2015, NULL),
	(72, 1747, 2015, NULL),
	(100, 1652, 2015, NULL),
	(100, 1718, 2015, NULL),
	(13, 1651, 2015, NULL),
	(13, 1742, 2015, NULL),
	(100, 1743, 2015, NULL),
	(136, 1706, 2015, NULL),
	(136, 1707, 2015, NULL),
	(136, 1710, 2015, NULL),
	(136, 1850, 2015, NULL),
	(136, 1864, 2015, NULL),
	(150, 1651, 2015, NULL),
	(150, 1745, 2015, NULL),
	(150, 1744, 2015, NULL),
	(16, 1696, 2015, NULL),
	(16, 1642, 2015, NULL),
	(16, 1643, 2015, NULL),
	(16, 1733, 2015, NULL),
	(16, 1734, 2015, NULL),
	(16, 1831, 2015, NULL),
	(144, 1696, 2015, NULL),
	(144, 1831, 2015, NULL),
	(144, 1832, 2015, NULL),
	(30, 1642, 2015, NULL),
	(30, 1644, 2015, NULL),
	(30, 1646, 2015, NULL),
	(30, 1648, 2015, NULL),
	(30, 1733, 2015, NULL),
	(30, 1735, 2015, NULL),
	(30, 1737, 2015, NULL),
	(20, 1704, 2015, NULL),
	(20, 1705, 2015, NULL),
	(20, 1849, 2015, NULL),
	(20, 1847, 2015, NULL),
	(20, 1846, 2015, NULL),
	(20, 1845, 2015, NULL),
	(20, 1844, 2015, NULL),
	(97, 1703, 2015, NULL),
	(97, 1704, 2015, NULL),
	(97, 1697, 2015, NULL),
	(97, 1833, 2015, NULL),
	(97, 1844, 2015, NULL),
	(97, 1845, 2015, NULL),
	(97, 1846, 2015, NULL),
	(43, 1668, 2015, NULL),
	(43, 1670, 2015, NULL),
	(43, 1669, 2015, NULL),
	(43, 1671, 2015, NULL),
	(43, 1751, 2015, NULL),
	(43, 1752, 2015, NULL),
	(43, 1778, 2015, NULL),
	(43, 1779, 2015, NULL),
	(43, 1780, 2015, NULL),
	(43, 1781, 2015, NULL),
	(43, 1782, 2015, NULL),
	(43, 1783, 2015, NULL),
	(43, 1784, 2015, NULL),
	(43, 1785, 2015, NULL),
	(43, 1786, 2015, NULL),
	(43, 1787, 2015, NULL),
	(7, 1650, 2015, NULL),
	(7, 1729, 2015, NULL),
	(7, 1730, 2015, NULL),
	(7, 1741, 2015, NULL),
	(125, 1721, 2015, NULL),
	(125, 1722, 2015, NULL),
	(125, 1719, 2015, NULL),
	(125, 1720, 2015, NULL),
	(125, 1723, 2015, NULL),
	(125, 1890, 2015, NULL),
	(125, 1886, 2015, NULL),
	(125, 1887, 2015, NULL),
	(125, 1875, 2015, NULL),
	(125, 1876, 2015, NULL),
	(125, 1877, 2015, NULL),
	(142, 1710, 2015, NULL),
	(142, 1711, 2015, NULL),
	(142, 1708, 2015, NULL),
	(142, 1709, 2015, NULL),
	(142, 1862, 2015, NULL),
	(142, 1863, 2015, NULL),
	(142, 1864, 2015, NULL),
	(142, 1865, 2015, NULL),
	(145, 1693, 2015, NULL),
	(145, 1694, 2015, NULL),
	(145, 1696, 2015, NULL),
	(145, 1827, 2015, NULL),
	(145, 1828, 2015, NULL),
	(145, 1831, 2015, NULL),
	(18, 1656, 2015, NULL),
	(18, 1657, 2015, NULL),
	(18, 1700, 2015, NULL),
	(18, 1701, 2015, NULL),
	(18, 1747, 2015, NULL),
	(18, 1748, 2015, NULL),
	(18, 1751, 2015, NULL),
	(18, 1755, 2015, NULL),
	(18, 1756, 2015, NULL),
	(17, 1652, 2015, NULL),
	(17, 1653, 2015, NULL),
	(17, 1656, 2015, NULL),
	(17, 1657, 2015, NULL),
	(154, 1642, 2015, NULL),
	(154, 1644, 2015, NULL),
	(154, 1646, 2015, NULL),
	(154, 1648, 2015, NULL),
	(154, 1696, 2015, NULL),
	(17, 1746, 2015, NULL),
	(17, 1753, 2015, NULL),
	(17, 1754, 2015, NULL),
	(17, 1755, 2015, NULL),
	(17, 1756, 2015, NULL),
	(154, 1733, 2015, NULL),
	(154, 1735, 2015, NULL),
	(154, 1737, 2015, NULL),
	(154, 1739, 2015, NULL),
	(140, 1707, 2015, NULL),
	(140, 1710, 2015, NULL),
	(140, 1853, 2015, NULL),
	(156, 1843, 2015, NULL),
	(156, 1848, 2015, NULL),
	(156, 1849, 2015, NULL),
	(156, 1846, 2015, NULL),
	(156, 1847, 2015, NULL),
	(156, 1704, 2015, NULL),
	(156, 1705, 2015, NULL),
	(9, 1642, 2015, NULL),
	(9, 1644, 2015, NULL),
	(9, 1646, 2015, NULL),
	(9, 1648, 2015, NULL),
	(9, 1650, 2015, NULL),
	(9, 1656, 2015, NULL),
	(9, 1733, 2015, NULL),
	(9, 1735, 2015, NULL),
	(9, 1737, 2015, NULL),
	(9, 1739, 2015, NULL),
	(15, 1697, 2015, NULL),
	(15, 1833, 2015, NULL),
	(71, 1680, 2015, NULL),
	(71, 1797, 2015, NULL),
	(71, 1798, 2015, NULL),
	(71, 1795, 2015, NULL),
	(157, 1680, 2015, NULL),
	(157, 1709, 2015, NULL),
	(82, 1691, 2015, NULL),
	(82, 1692, 2015, NULL),
	(82, 1693, 2015, NULL),
	(82, 1694, 2015, NULL),
	(82, 1827, 2015, NULL),
	(82, 1825, 2015, NULL),
	(82, 1826, 2015, NULL),
	(157, 1797, 2015, NULL),
	(157, 1798, 2015, NULL),
	(126, 1723, 2015, NULL),
	(126, 1719, 2015, NULL),
	(126, 1890, 2015, NULL),
	(126, 1875, 2015, NULL),
	(126, 1876, 2015, NULL),
	(56, 1683, 2015, NULL),
	(56, 1684, 2015, NULL),
	(56, 1685, 2015, NULL),
	(56, 1686, 2015, NULL),
	(56, 1687, 2015, NULL),
	(56, 1688, 2015, NULL),
	(56, 1690, 2015, NULL),
	(56, 1803, 2015, NULL),
	(56, 1809, 2015, NULL),
	(56, 1810, 2015, NULL),
	(56, 1804, 2015, NULL),
	(56, 1805, 2015, NULL),
	(56, 1806, 2015, NULL),
	(56, 1807, 2015, NULL),
	(56, 1808, 2015, NULL),
	(103, 1704, 2015, NULL),
	(103, 1705, 2015, NULL),
	(103, 1844, 2015, NULL),
	(103, 1845, 2015, NULL),
	(103, 1846, 2015, NULL),
	(42, 1651, 2015, NULL),
	(42, 1653, 2015, NULL),
	(42, 1654, 2015, NULL),
	(42, 1657, 2015, NULL),
	(42, 1658, 2015, NULL),
	(42, 1660, 2015, NULL),
	(42, 1661, 2015, NULL),
	(42, 1743, 2015, NULL),
	(42, 1747, 2015, NULL),
	(42, 1748, 2015, NULL),
	(128, 1721, 2015, NULL),
	(128, 1723, 2015, NULL),
	(128, 1718, 2015, NULL),
	(128, 1714, 2015, NULL),
	(128, 1890, 2015, NULL),
	(128, 1869, 2015, NULL),
	(164, 1662, 2015, NULL),
	(164, 1663, 2015, NULL),
	(164, 1664, 2015, NULL),
	(164, 1825, 2015, NULL),
	(164, 1826, 2015, NULL),
	(164, 1827, 2015, NULL),
	(164, 1833, 2015, NULL),
	(170, 1720, 2015, NULL),
	(170, 1714, 2015, NULL),
	(170, 1875, 2015, NULL),
	(170, 1877, 2015, NULL),
	(170, 1870, 2015, NULL),
	(88, 1697, 2015, NULL),
	(88, 1833, 2015, NULL),
	(122, 1827, 2015, NULL),
	(122, 1828, 2015, NULL),
	(122, 1693, 2015, NULL),
	(122, 1694, 2015, NULL),
	(122, 1692, 2015, NULL),
	(24, 1825, 2015, NULL),
	(24, 1827, 2015, NULL),
	(24, 1691, 2015, NULL),
	(24, 1693, 2015, NULL),
	(167, 1714, 2015, NULL),
	(167, 1870, 2015, NULL),
	(149, 1704, 2015, NULL),
	(149, 1705, 2015, NULL),
	(149, 1843, 2015, NULL),
	(149, 1846, 2015, NULL),
	(149, 1847, 2015, NULL),
	(137, 1706, 2015, NULL),
	(137, 1710, 2015, NULL),
	(137, 1850, 2015, NULL),
	(137, 1851, 2015, NULL),
	(137, 1864, 2015, NULL),
	(171, 1714, 2015, NULL),
	(171, 1870, 2015, NULL),
	(138, 1706, 2015, NULL),
	(138, 1710, 2015, NULL),
	(138, 1850, 2015, NULL),
	(138, 1864, 2015, NULL),
	(67, 1680, 2015, NULL),
	(67, 1674, 2015, NULL),
	(67, 1675, 2015, NULL),
	(67, 1676, 2015, NULL),
	(67, 1677, 2015, NULL),
	(67, 1678, 2015, NULL),
	(67, 1679, 2015, NULL),
	(67, 1797, 2015, NULL),
	(67, 1798, 2015, NULL),
	(67, 1792, 2015, NULL),
	(67, 1793, 2015, NULL),
	(67, 1794, 2015, NULL),
	(79, 1695, 2015, NULL),
	(79, 1829, 2015, NULL),
	(25, 1664, 2015, NULL),
	(25, 1767, 2015, NULL),
	(1, 1653, 2015, NULL),
	(1, 1746, 2015, NULL),
	(3, 1653, 2015, NULL),
	(3, 1654, 2015, NULL),
	(3, 1746, 2015, NULL),
	(3, 1747, 2015, NULL),
	(3, 1748, 2015, NULL),
	(26, 1662, 2015, NULL),
	(26, 1663, 2015, NULL),
	(26, 1660, 2015, NULL),
	(26, 1661, 2015, NULL),
	(26, 1762, 2015, NULL),
	(26, 1763, 2015, NULL),
	(26, 1765, 2015, NULL),
	(26, 1766, 2015, NULL),
	(2, 1653, 2015, NULL),
	(2, 1654, 2015, NULL),
	(2, 1746, 2015, NULL),
	(2, 1747, 2015, NULL),
	(2, 1748, 2015, NULL),
	(8, 1650, 2015, NULL),
	(8, 1656, 2015, NULL),
	(8, 1657, 2015, NULL),
	(8, 1729, 2015, NULL),
	(8, 1730, 2015, NULL),
	(8, 1741, 2015, NULL),
	(8, 1743, 2015, NULL),
	(117, 1712, 2015, NULL),
	(117, 1713, 2015, NULL),
	(117, 1869, 2015, NULL),
	(117, 1870, 2015, NULL),
	(165, 1650, 2015, NULL),
	(165, 1767, 2015, NULL),
	(165, 1830, 2015, NULL),
	(6, 1651, 2015, NULL),
	(6, 1742, 2015, NULL),
	(76, 1827, 2015, NULL),
	(76, 1829, 2015, NULL),
	(76, 1831, 2015, NULL),
	(76, 1696, 2015, NULL),
	(76, 1693, 2015, NULL),
	(76, 1694, 2015, NULL),
	(76, 1695, 2015, NULL),
	(98, 1703, 2015, NULL),
	(98, 1702, 2015, NULL),
	(98, 1842, 2015, NULL),
	(98, 1843, 2015, NULL),
	(21, 1704, 2015, NULL),
	(21, 1705, 2015, NULL),
	(21, 1846, 2015, NULL),
	(21, 1847, 2015, NULL),
	(96, 1690, 2015, NULL),
	(96, 1710, 2015, NULL),
	(96, 1824, 2015, NULL),
	(96, 1822, 2015, NULL),
	(96, 1864, 2015, NULL),
	(173, 2162, 2015, NULL),
	(173, 2164, 2015, NULL),
	(173, 2180, 2015, NULL),
	(173, 2181, 2015, NULL),
	(173, 2182, 2015, NULL),
	(173, 2100, 2015, NULL),
	(173, 2140, 2015, NULL),
	(173, 2143, 2015, NULL),
	(173, 2146, 2015, NULL),
	(173, 2150, 2015, NULL),
	(173, 2151, 2015, NULL),
	(11, 1902, 2015, NULL),
	(11, 1903, 2015, NULL),
	(130, 1896, 2015, NULL),
	(130, 2258, 2015, NULL),
	(130, 2260, 2015, NULL),
	(130, 2261, 2015, NULL),
	(130, 2262, 2015, NULL),
	(130, 2263, 2015, NULL),
	(130, 2264, 2015, NULL),
	(130, 2265, 2015, NULL),
	(130, 2266, 2015, NULL),
	(130, 2267, 2015, NULL),
	(28, 1909, 2015, NULL),
	(28, 1958, 2015, NULL),
	(28, 1961, 2015, NULL),
	(115, 2197, 2015, NULL),
	(115, 2199, 2015, NULL),
	(115, 2202, 2015, NULL),
	(115, 2205, 2015, NULL),
	(115, 2206, 2015, NULL),
	(29, 1897, 2015, NULL),
	(29, 1898, 2015, NULL),
	(29, 1901, 2015, NULL),
	(29, 1902, 2015, NULL),
	(29, 1908, 2015, NULL),
	(29, 1913, 2015, NULL),
	(29, 1916, 2015, NULL),
	(29, 1950, 2015, NULL),
	(29, 1951, 2015, NULL),
	(29, 1952, 2015, NULL),
	(168, 1953, 2015, NULL),
	(168, 1911, 2015, NULL),
	(168, 1912, 2015, NULL),
	(168, 1957, 2015, NULL),
	(168, 1958, 2015, NULL),
	(168, 1959, 2015, NULL),
	(41, 1981, 2015, NULL),
	(41, 2266, 2015, NULL),
	(84, 1741, 2015, NULL),
	(84, 1908, 2015, NULL),
	(84, 1913, 2015, NULL),
	(84, 2197, 2015, NULL),
	(84, 2199, 2015, NULL),
	(84, 2206, 2015, NULL),
	(23, 1962, 2015, NULL),
	(23, 1963, 2015, NULL),
	(23, 1972, 2015, NULL),
	(23, 1977, 2015, NULL),
	(23, 1978, 2015, NULL),
	(23, 1971, 2015, NULL),
	(23, 1973, 2015, NULL),
	(23, 1975, 2015, NULL),
	(23, 1976, 2015, NULL),
	(45, 1987, 2015, NULL),
	(45, 1988, 2015, NULL),
	(45, 1986, 2015, NULL),
	(45, 1984, 2015, NULL),
	(45, 1898, 2015, NULL),
	(45, 1902, 2015, NULL),
	(81, 1956, 2015, NULL),
	(81, 1955, 2015, NULL),
	(81, 1966, 2015, NULL),
	(81, 1967, 2015, NULL),
	(111, 1908, 2015, NULL),
	(111, 1910, 2015, NULL),
	(111, 2199, 2015, NULL),
	(111, 2202, 2015, NULL),
	(80, 1957, 2015, NULL),
	(80, 1972, 2015, NULL),
	(14, 1953, 2015, NULL),
	(14, 1954, 2015, NULL),
	(14, 1958, 2015, NULL),
	(14, 1959, 2015, NULL),
	(14, 1960, 2015, NULL),
	(51, 1916, 2015, NULL),
	(51, 1921, 2015, NULL),
	(51, 1919, 2015, NULL),
	(51, 2043, 2015, NULL),
	(51, 2044, 2015, NULL),
	(19, 1909, 2015, NULL),
	(19, 1908, 2015, NULL),
	(109, 2043, 2015, NULL),
	(109, 2044, 2015, NULL),
	(33, 1962, 2015, NULL),
	(33, 1963, 2015, NULL),
	(33, 1964, 2015, NULL),
	(33, 1965, 2015, NULL),
	(33, 1966, 2015, NULL),
	(33, 1967, 2015, NULL),
	(33, 1971, 2015, NULL),
	(127, 2266, 2015, NULL),
	(127, 2258, 2015, NULL),
	(127, 2262, 2015, NULL),
	(127, 2260, 2015, NULL),
	(127, 2261, 2015, NULL),
	(93, 2124, 2015, NULL),
	(93, 2125, 2015, NULL),
	(93, 2126, 2015, NULL),
	(93, 2128, 2015, NULL),
	(93, 2131, 2015, NULL),
	(93, 2132, 2015, NULL),
	(93, 2133, 2015, NULL),
	(38, 1977, 2015, NULL),
	(38, 1978, 2015, NULL),
	(38, 1982, 2015, NULL),
	(70, 1903, 2015, NULL),
	(70, 1902, 2015, NULL),
	(70, 1909, 2015, NULL),
	(22, 1962, 2015, NULL),
	(22, 1963, 2015, NULL),
	(69, 1929, 2015, NULL),
	(69, 1940, 2015, NULL),
	(69, 1941, 2015, NULL),
	(69, 1909, 2015, NULL),
	(69, 1911, 2015, NULL),
	(118, 1902, 2015, NULL),
	(118, 1903, 2015, NULL),
	(118, 1908, 2015, NULL),
	(120, 1908, 2015, NULL),
	(120, 1909, 2015, NULL),
	(99, 2150, 2015, NULL),
	(99, 2151, 2015, NULL),
	(151, 2044, 2015, NULL),
	(151, 2042, 2015, NULL),
	(151, 2040, 2015, NULL),
	(90, 1908, 2015, NULL),
	(90, 2117, 2015, NULL),
	(90, 2118, 2015, NULL),
	(90, 2119, 2015, NULL),
	(90, 2122, 2015, NULL),
	(90, 2123, 2015, NULL),
	(112, 2196, 2015, NULL),
	(112, 2199, 2015, NULL),
	(112, 2197, 2015, NULL),
	(141, 2164, 2015, NULL),
	(73, 2106, 2015, NULL),
	(73, 2107, 2015, NULL),
	(92, 2120, 2015, NULL),
	(92, 2122, 2015, NULL),
	(92, 2121, 2015, NULL),
	(92, 2119, 2015, NULL),
	(92, 2123, 2015, NULL),
	(12, 1908, 2015, NULL),
	(12, 1916, 2015, NULL),
	(74, 2122, 2015, NULL),
	(74, 2123, 2015, NULL),
	(74, 2124, 2015, NULL),
	(83, 1908, 2015, NULL),
	(83, 2124, 2015, NULL),
	(94, 2124, 2015, NULL),
	(94, 2125, 2015, NULL),
	(94, 2126, 2015, NULL),
	(94, 2133, 2015, NULL),
	(94, 2134, 2015, NULL),
	(94, 2136, 2015, NULL),
	(94, 2137, 2015, NULL),
	(104, 2133, 2015, NULL),
	(104, 2134, 2015, NULL),
	(104, 2135, 2015, NULL),
	(104, 2136, 2015, NULL),
	(104, 2137, 2015, NULL),
	(104, 2138, 2015, NULL),
	(78, 2116, 2015, NULL),
	(78, 2111, 2015, NULL),
	(172, 1930, 2015, NULL),
	(172, 1989, 2015, NULL),
	(95, 1903, 2015, NULL),
	(95, 1908, 2015, NULL),
	(159, 1920, 2015, NULL),
	(159, 2122, 2015, NULL),
	(107, 1917, 2015, NULL),
	(107, 2164, 2015, NULL),
	(107, 2162, 2015, NULL),
	(143, 2122, 2015, NULL),
	(143, 2123, 2015, NULL),
	(131, 2266, 2015, NULL),
	(131, 2267, 2015, NULL),
	(131, 2262, 2015, NULL),
	(131, 2263, 2015, NULL),
	(131, 2261, 2015, NULL),
	(131, 2258, 2015, NULL),
	(114, 2124, 2015, NULL),
	(114, 2197, 2015, NULL),
	(162, 1975, 2015, NULL),
	(162, 1976, 2015, NULL),
	(162, 1977, 2015, NULL),
	(162, 1978, 2015, NULL),
	(35, 1972, 2015, NULL),
	(35, 1977, 2015, NULL),
	(35, 1978, 2015, NULL),
	(34, 2106, 2015, NULL),
	(166, 2100, 2015, NULL),
	(166, 2104, 2015, NULL),
	(65, 1897, 2015, NULL),
	(65, 1898, 2015, NULL),
	(65, 1901, 2015, NULL),
	(65, 1902, 2015, NULL),
	(65, 1908, 2015, NULL),
	(134, 2111, 2015, NULL),
	(134, 2112, 2015, NULL),
	(49, 2086, 2015, NULL),
	(49, 2106, 2015, NULL),
	(49, 2107, 2015, NULL),
	(132, 2030, 2015, NULL),
	(132, 2031, 2015, NULL),
	(132, 2034, 2015, NULL),
	(132, 2035, 2015, NULL),
	(40, 1908, 2015, NULL),
	(40, 1920, 2015, NULL),
	(77, 2122, 2015, NULL),
	(77, 2119, 2015, NULL),
	(133, 1904, 2015, NULL),
	(133, 1906, 2015, NULL),
	(133, 1916, 2015, NULL),
	(133, 1936, 2015, NULL),
	(160, 2100, 2015, NULL),
	(160, 2180, 2015, NULL),
	(160, 2181, 2015, NULL),
	(139, 2163, 2015, NULL),
	(139, 2164, 2015, NULL),
	(155, 2183, 2015, NULL),
	(155, 2184, 2015, NULL),
	(155, 2185, 2015, NULL),
	(155, 2188, 2015, NULL),
	(155, 2187, 2015, NULL),
	(155, 2186, 2015, NULL),
	(155, 2195, 2015, NULL),
	(155, 2143, 2015, NULL),
	(155, 2146, 2015, NULL),
	(155, 2140, 2015, NULL),
	(158, 2092, 2015, NULL),
	(158, 2094, 2015, NULL),
	(158, 2097, 2015, NULL),
	(158, 2099, 2015, NULL),
	(158, 2100, 2015, NULL),
	(158, 2105, 2015, NULL),
	(116, 1917, 2015, NULL),
	(4, 1919, 2015, NULL),
	(4, 1920, 2015, NULL),
	(4, 1921, 2015, NULL),
	(4, 1926, 2015, NULL),
	(60, 2071, 2015, NULL),
	(60, 2073, 2015, NULL),
	(60, 2075, 2015, NULL),
	(60, 2077, 2015, NULL),
	(60, 2079, 2015, NULL),
	(60, 2081, 2015, NULL),
	(135, 2090, 2015, NULL),
	(135, 2091, 2015, NULL),
	(135, 2092, 2015, NULL),
	(135, 2093, 2015, NULL),
	(135, 2100, 2015, NULL),
	(135, 2094, 2015, NULL),
	(135, 2095, 2015, NULL),
	(135, 2096, 2015, NULL),
	(135, 2097, 2015, NULL),
	(135, 2098, 2015, NULL),
	(135, 2099, 2015, NULL),
	(135, 2105, 2015, NULL),
	(27, 1920, 2015, NULL),
	(27, 2115, 2015, NULL),
	(27, 2119, 2015, NULL),
	(27, 2122, 2015, NULL),
	(119, 2202, 2015, NULL),
	(119, 2204, 2015, NULL),
	(119, 2206, 2015, NULL),
	(170, 2240, 2015, NULL),
	(170, 2242, 2015, NULL),
	(170, 2243, 2015, NULL),
	(170, 2250, 2015, NULL),
	(170, 2251, 2015, NULL),
	(170, 2261, 2015, NULL),
	(88, 2124, 2015, NULL),
	(122, 2111, 2015, NULL),
	(122, 2112, 2015, NULL),
	(122, 2113, 2015, NULL),
	(122, 2110, 2015, NULL),
	(24, 2106, 2015, NULL),
	(24, 2107, 2015, NULL),
	(167, 2202, 2015, NULL),
	(149, 2150, 2015, NULL),
	(149, 2151, 2015, NULL),
	(137, 2161, 2015, NULL),
	(137, 2162, 2015, NULL),
	(137, 2177, 2015, NULL),
	(137, 2180, 2015, NULL),
	(171, 2092, 2015, NULL),
	(171, 2202, 2015, NULL),
	(138, 2162, 2015, NULL),
	(138, 2180, 2015, NULL),
	(67, 1902, 2015, NULL),
	(67, 1903, 2015, NULL),
	(79, 2116, 2015, NULL),
	(25, 1972, 2015, NULL),
	(1, 1919, 2015, NULL),
	(3, 1919, 2015, NULL),
	(3, 1920, 2015, NULL),
	(3, 1921, 2015, NULL),
	(26, 1962, 2015, NULL),
	(26, 1963, 2015, NULL),
	(26, 1965, 2015, NULL),
	(26, 1964, 2015, NULL),
	(26, 1966, 2015, NULL),
	(26, 1967, 2015, NULL),
	(2, 1919, 2015, NULL),
	(8, 1908, 2015, NULL),
	(8, 1909, 2015, NULL),
	(8, 1898, 2015, NULL),
	(8, 1897, 2015, NULL),
	(59, 1955, 2015, NULL),
	(59, 1989, 2015, NULL),
	(59, 1990, 2015, NULL),
	(117, 2202, 2015, NULL),
	(165, 1972, 2015, NULL),
	(44, 1897, 2015, NULL),
	(44, 1898, 2015, NULL),
	(6, 1909, 2015, NULL),
	(76, 2114, 2015, NULL),
	(76, 2115, 2015, NULL),
	(98, 2195, 2015, NULL),
	(98, 2181, 2015, NULL),
	(98, 2180, 2015, NULL),
	(98, 2182, 2015, NULL),
	(98, 2188, 2015, NULL),
	(21, 2150, 2015, NULL),
	(21, 2151, 2015, NULL),
	(96, 2180, 2015, NULL),
	(164, 1953, 2015, NULL),
	(164, 1954, 2015, NULL),
	(164, 1959, 2015, NULL),
	(164, 1960, 2015, NULL),
	(164, 1951, 2015, NULL),
	(128, 2199, 2015, NULL),
	(128, 2266, 2015, NULL),
	(42, 1910, 2015, NULL),
	(103, 2150, 2015, NULL),
	(103, 2151, 2015, NULL),
	(56, 2076, 2015, NULL),
	(56, 2077, 2015, NULL),
	(56, 2078, 2015, NULL),
	(56, 2080, 2015, NULL),
	(56, 2081, 2015, NULL),
	(126, 2266, 2015, NULL),
	(126, 2241, 2015, NULL),
	(126, 2240, 2015, NULL),
	(126, 2250, 2015, NULL),
	(126, 2251, 2015, NULL),
	(126, 2252, 2015, NULL),
	(126, 2253, 2015, NULL),
	(82, 2106, 2015, NULL),
	(82, 2107, 2015, NULL),
	(82, 2110, 2015, NULL),
	(82, 2111, 2015, NULL),
	(163, 1987, 2015, NULL),
	(163, 1988, 2015, NULL),
	(157, 2048, 2015, NULL),
	(157, 2050, 2015, NULL),
	(71, 2050, 2015, NULL),
	(71, 2048, 2015, NULL),
	(15, 2124, 2015, NULL),
	(9, 1904, 2015, NULL),
	(9, 1906, 2015, NULL),
	(9, 1902, 2015, NULL),
	(9, 1903, 2015, NULL),
	(156, 2160, 2015, NULL),
	(156, 2158, 2015, NULL),
	(156, 2159, 2015, NULL),
	(140, 2164, 2015, NULL),
	(140, 2163, 2015, NULL),
	(140, 2169, 2015, NULL),
	(154, 1904, 2015, NULL),
	(154, 1906, 2015, NULL),
	(17, 1919, 2015, NULL),
	(17, 1950, 2015, NULL),
	(17, 1951, 2015, NULL),
	(17, 1897, 2015, NULL),
	(17, 1902, 2015, NULL),
	(18, 1919, 2015, NULL),
	(18, 1920, 2015, NULL),
	(18, 1921, 2015, NULL),
	(18, 1950, 2015, NULL),
	(145, 2110, 2015, NULL),
	(145, 2111, 2015, NULL),
	(145, 2112, 2015, NULL),
	(145, 2113, 2015, NULL),
	(145, 2119, 2015, NULL),
	(142, 2177, 2015, NULL),
	(142, 2180, 2015, NULL),
	(125, 2266, 2015, NULL),
	(125, 2262, 2015, NULL),
	(125, 2223, 2015, NULL),
	(125, 2224, 2015, NULL),
	(125, 2225, 2015, NULL),
	(125, 2241, 2015, NULL),
	(125, 2240, 2015, NULL),
	(7, 1897, 2015, NULL),
	(7, 1898, 2015, NULL),
	(123, 2243, 2015, NULL),
	(123, 2240, 2015, NULL),
	(123, 2266, 2015, NULL),
	(123, 2261, 2015, NULL),
	(43, 1929, 2015, NULL),
	(43, 1937, 2015, NULL),
	(43, 1938, 2015, NULL),
	(43, 1939, 2015, NULL),
	(43, 1940, 2015, NULL),
	(43, 1941, 2015, NULL),
	(97, 2124, 2015, NULL),
	(97, 2148, 2015, NULL),
	(97, 2149, 2015, NULL),
	(20, 2149, 2015, NULL),
	(20, 2148, 2015, NULL),
	(20, 2150, 2015, NULL),
	(20, 2151, 2015, NULL),
	(20, 2153, 2015, NULL),
	(20, 2154, 2015, NULL),
	(32, 1908, 2015, NULL),
	(32, 1962, 2015, NULL),
	(32, 1963, 2015, NULL),
	(32, 1964, 2015, NULL),
	(32, 1965, 2015, NULL),
	(32, 1966, 2015, NULL),
	(32, 1967, 2015, NULL),
	(32, 1970, 2015, NULL),
	(30, 1902, 2015, NULL),
	(30, 1897, 2015, NULL),
	(30, 1898, 2015, NULL),
	(144, 2122, 2015, NULL),
	(144, 2123, 2015, NULL),
	(16, 2122, 2015, NULL),
	(150, 1903, 2015, NULL),
	(150, 1902, 2015, NULL),
	(150, 1909, 2015, NULL),
	(136, 2161, 2015, NULL),
	(136, 2162, 2015, NULL),
	(136, 2177, 2015, NULL),
	(13, 1909, 2015, NULL),
	(100, 1910, 2015, NULL),
	(72, 2106, 2015, NULL),
	(72, 2107, 2015, NULL),
	(72, 1919, 2015, NULL),
	(169, 1982, 2015, NULL),
	(169, 1981, 2015, NULL),
	(169, 1980, 2015, NULL),
	(146, 1972, 2015, NULL),
	(146, 2122, 2015, NULL),
	(75, 2110, 2015, NULL),
	(75, 2111, 2015, NULL),
	(75, 2112, 2015, NULL),
	(75, 2113, 2015, NULL),
	(75, 2114, 2015, NULL),
	(148, 2196, 2015, NULL),
	(148, 2197, 2015, NULL),
	(148, 2199, 2015, NULL),
	(10, 1926, 2015, NULL),
	(10, 1927, 2015, NULL),
	(161, 1959, 2015, NULL),
	(161, 1977, 2015, NULL),
	(161, 1978, 2015, NULL),
	(161, 1980, 2015, NULL),
	(153, 2150, 2015, NULL),
	(153, 2151, 2015, NULL),
	(153, 1897, 2015, NULL),
	(153, 1898, 2015, NULL),
	(153, 1902, 2015, NULL),
	(173, 2559, 2015, NULL),
	(11, 2273, 2015, NULL),
	(11, 2274, 2015, NULL),
	(11, 2275, 2015, NULL),
	(11, 2278, 2015, NULL),
	(11, 2482, 2015, NULL),
	(130, 2587, 2015, NULL),
	(28, 2279, 2015, NULL),
	(28, 2311, 2015, NULL),
	(28, 2312, 2015, NULL),
	(28, 2313, 2015, NULL),
	(28, 2315, 2015, NULL),
	(28, 2314, 2015, NULL),
	(28, 2316, 2015, NULL),
	(115, 2580, 2015, NULL),
	(115, 2579, 2015, NULL),
	(29, 2288, 2015, NULL),
	(29, 2289, 2015, NULL),
	(29, 2290, 2015, NULL),
	(29, 2291, 2015, NULL),
	(29, 2292, 2015, NULL),
	(29, 2293, 2015, NULL),
	(29, 2294, 2015, NULL),
	(29, 2295, 2015, NULL),
	(29, 2296, 2015, NULL),
	(29, 2297, 2015, NULL),
	(29, 2298, 2015, NULL),
	(29, 2299, 2015, NULL),
	(29, 2300, 2015, NULL),
	(29, 2301, 2015, NULL),
	(29, 2302, 2015, NULL),
	(168, 2345, 2015, NULL),
	(168, 2344, 2015, NULL),
	(168, 2343, 2015, NULL),
	(168, 2342, 2015, NULL),
	(168, 2346, 2015, NULL),
	(168, 2426, 2015, NULL),
	(168, 2427, 2015, NULL),
	(41, 2379, 2015, NULL),
	(41, 2380, 2015, NULL),
	(41, 2422, 2015, NULL),
	(41, 2585, 2015, NULL),
	(41, 2586, 2015, NULL),
	(84, 2288, 2015, NULL),
	(84, 2289, 2015, NULL),
	(84, 2290, 2015, NULL),
	(84, 2291, 2015, NULL),
	(84, 2292, 2015, NULL),
	(84, 2293, 2015, NULL),
	(84, 2294, 2015, NULL),
	(84, 2295, 2015, NULL),
	(84, 2296, 2015, NULL),
	(84, 2297, 2015, NULL),
	(84, 2298, 2015, NULL),
	(84, 2299, 2015, NULL),
	(84, 2300, 2015, NULL),
	(84, 2301, 2015, NULL),
	(84, 2302, 2015, NULL),
	(84, 2396, 2015, NULL),
	(84, 2378, 2015, NULL),
	(23, 2341, 2015, NULL),
	(23, 2278, 2015, NULL),
	(45, 2389, 2015, NULL),
	(45, 2391, 2015, NULL),
	(45, 2390, 2015, NULL),
	(45, 2392, 2015, NULL),
	(45, 2401, 2015, NULL),
	(45, 2413, 2015, NULL),
	(81, 2419, 2015, NULL),
	(81, 2420, 2015, NULL),
	(81, 2413, 2015, NULL),
	(111, 2575, 2015, NULL),
	(111, 2576, 2015, NULL),
	(111, 2578, 2015, NULL),
	(111, 2580, 2015, NULL),
	(80, 2492, 2015, NULL),
	(80, 2493, 2015, NULL),
	(80, 2494, 2015, NULL),
	(80, 2495, 2015, NULL),
	(80, 2501, 2015, NULL),
	(14, 2347, 2015, NULL),
	(14, 2348, 2015, NULL),
	(14, 2351, 2015, NULL),
	(14, 2352, 2015, NULL),
	(14, 2353, 2015, NULL),
	(14, 2343, 2015, NULL),
	(14, 2344, 2015, NULL),
	(51, 2311, 2015, NULL),
	(51, 2312, 2015, NULL),
	(51, 2313, 2015, NULL),
	(51, 2418, 2015, NULL),
	(51, 2419, 2015, NULL),
	(51, 2420, 2015, NULL),
	(19, 2490, 2015, NULL),
	(19, 2491, 2015, NULL),
	(19, 2578, 2015, NULL),
	(19, 2579, 2015, NULL),
	(109, 2418, 2015, NULL),
	(109, 2419, 2015, NULL),
	(109, 2420, 2015, NULL),
	(33, 2354, 2015, NULL),
	(33, 2355, 2015, NULL),
	(33, 2356, 2015, NULL),
	(127, 2379, 2015, NULL),
	(127, 2380, 2015, NULL),
	(127, 2587, 2015, NULL),
	(93, 2520, 2015, NULL),
	(93, 2521, 2015, NULL),
	(93, 2545, 2015, NULL),
	(38, 2378, 2015, NULL),
	(38, 2382, 2015, NULL),
	(38, 2387, 2015, NULL),
	(38, 2388, 2015, NULL),
	(70, 2311, 2015, NULL),
	(70, 2312, 2015, NULL),
	(70, 2313, 2015, NULL),
	(70, 2489, 2015, NULL),
	(22, 2344, 2015, NULL),
	(22, 2352, 2015, NULL),
	(22, 2353, 2015, NULL),
	(69, 2488, 2015, NULL),
	(69, 2489, 2015, NULL),
	(69, 2490, 2015, NULL),
	(69, 2491, 2015, NULL),
	(69, 2553, 2015, NULL),
	(118, 2575, 2015, NULL),
	(118, 2576, 2015, NULL),
	(118, 2577, 2015, NULL),
	(118, 2578, 2015, NULL),
	(118, 2579, 2015, NULL),
	(120, 2587, 2015, NULL),
	(120, 2588, 2015, NULL),
	(120, 2601, 2015, NULL),
	(120, 2600, 2015, NULL),
	(120, 2599, 2015, NULL),
	(120, 2598, 2015, NULL),
	(120, 2597, 2015, NULL),
	(99, 2517, 2015, NULL),
	(99, 2518, 2015, NULL),
	(99, 2519, 2015, NULL),
	(99, 2535, 2015, NULL),
	(99, 2536, 2015, NULL),
	(99, 2541, 2015, NULL),
	(99, 2543, 2015, NULL),
	(151, 2418, 2015, NULL),
	(151, 2419, 2015, NULL),
	(151, 2420, 2015, NULL),
	(90, 2510, 2015, NULL),
	(90, 2511, 2015, NULL),
	(90, 2513, 2015, NULL),
	(90, 2512, 2015, NULL),
	(90, 2515, 2015, NULL),
	(90, 2516, 2015, NULL),
	(112, 2597, 2015, NULL),
	(112, 2598, 2015, NULL),
	(112, 2599, 2015, NULL),
	(112, 2600, 2015, NULL),
	(141, 2554, 2015, NULL),
	(141, 2556, 2015, NULL),
	(141, 2559, 2015, NULL),
	(73, 2415, 2015, NULL),
	(73, 2416, 2015, NULL),
	(92, 2512, 2015, NULL),
	(12, 2336, 2015, NULL),
	(12, 2338, 2015, NULL),
	(74, 2512, 2015, NULL),
	(74, 2513, 2015, NULL),
	(74, 2514, 2015, NULL),
	(74, 2515, 2015, NULL),
	(83, 2273, 2015, NULL),
	(83, 2274, 2015, NULL),
	(83, 2275, 2015, NULL),
	(83, 2351, 2015, NULL),
	(83, 2519, 2015, NULL),
	(94, 2518, 2015, NULL),
	(94, 2520, 2015, NULL),
	(94, 2521, 2015, NULL),
	(104, 2578, 2015, NULL),
	(104, 2579, 2015, NULL),
	(78, 2509, 2015, NULL),
	(172, 2518, 2015, NULL),
	(172, 2519, 2015, NULL),
	(172, 2510, 2015, NULL),
	(172, 2511, 2015, NULL),
	(172, 2512, 2015, NULL),
	(95, 2311, 2015, NULL),
	(95, 2312, 2015, NULL),
	(95, 2313, 2015, NULL),
	(95, 2314, 2015, NULL),
	(95, 2315, 2015, NULL),
	(95, 2316, 2015, NULL),
	(159, 2288, 2015, NULL),
	(159, 2289, 2015, NULL),
	(159, 2295, 2015, NULL),
	(159, 2298, 2015, NULL),
	(159, 2304, 2015, NULL),
	(159, 2296, 2015, NULL),
	(107, 2554, 2015, NULL),
	(107, 2560, 2015, NULL),
	(107, 2563, 2015, NULL),
	(143, 2512, 2015, NULL),
	(143, 2513, 2015, NULL),
	(143, 2510, 2015, NULL),
	(143, 2511, 2015, NULL),
	(131, 2379, 2015, NULL),
	(131, 2585, 2015, NULL),
	(131, 2586, 2015, NULL),
	(114, 2578, 2015, NULL),
	(114, 2579, 2015, NULL),
	(114, 2577, 2015, NULL),
	(162, 2382, 2015, NULL),
	(162, 2381, 2015, NULL),
	(35, 2378, 2015, NULL),
	(35, 2381, 2015, NULL),
	(35, 2382, 2015, NULL),
	(35, 2383, 2015, NULL),
	(35, 2384, 2015, NULL),
	(34, 2378, 2015, NULL),
	(166, 2488, 2015, NULL),
	(166, 2489, 2015, NULL),
	(166, 2571, 2015, NULL),
	(166, 2572, 2015, NULL),
	(166, 2573, 2015, NULL),
	(166, 2574, 2015, NULL),
	(134, 2501, 2015, NULL),
	(134, 2502, 2015, NULL),
	(134, 2503, 2015, NULL),
	(134, 2504, 2015, NULL),
	(134, 2505, 2015, NULL),
	(65, 2294, 2015, NULL),
	(65, 2295, 2015, NULL),
	(65, 2296, 2015, NULL),
	(65, 2336, 2015, NULL),
	(65, 2517, 2015, NULL),
	(65, 2518, 2015, NULL),
	(65, 2519, 2015, NULL),
	(49, 2415, 2015, NULL),
	(49, 2416, 2015, NULL),
	(49, 2522, 2015, NULL),
	(49, 2523, 2015, NULL),
	(49, 2524, 2015, NULL),
	(49, 2525, 2015, NULL),
	(132, 2511, 2015, NULL),
	(132, 2401, 2015, NULL),
	(132, 2402, 2015, NULL),
	(132, 2403, 2015, NULL),
	(132, 2405, 2015, NULL),
	(132, 2404, 2015, NULL),
	(132, 2406, 2015, NULL),
	(132, 2407, 2015, NULL),
	(132, 2408, 2015, NULL),
	(132, 2409, 2015, NULL),
	(132, 2410, 2015, NULL),
	(132, 2411, 2015, NULL),
	(132, 2412, 2015, NULL),
	(40, 2383, 2015, NULL),
	(40, 2384, 2015, NULL),
	(77, 2501, 2015, NULL),
	(77, 2502, 2015, NULL),
	(77, 2503, 2015, NULL),
	(77, 2504, 2015, NULL),
	(77, 2505, 2015, NULL),
	(133, 2289, 2015, NULL),
	(133, 2292, 2015, NULL),
	(133, 2295, 2015, NULL),
	(133, 2298, 2015, NULL),
	(133, 2301, 2015, NULL),
	(160, 2534, 2015, NULL),
	(160, 2539, 2015, NULL),
	(160, 2540, 2015, NULL),
	(139, 2554, 2015, NULL),
	(139, 2556, 2015, NULL),
	(155, 2434, 2015, NULL),
	(155, 2436, 2015, NULL),
	(155, 2325, 2015, NULL),
	(158, 2488, 2015, NULL),
	(158, 2489, 2015, NULL),
	(116, 2579, 2015, NULL),
	(116, 2578, 2015, NULL),
	(4, 2378, 2015, NULL),
	(4, 2351, 2015, NULL),
	(4, 2352, 2015, NULL),
	(4, 2353, 2015, NULL),
	(60, 2431, 2015, NULL),
	(60, 2433, 2015, NULL),
	(60, 2434, 2015, NULL),
	(135, 2325, 2015, NULL),
	(27, 2289, 2015, NULL),
	(27, 2292, 2015, NULL),
	(27, 2295, 2015, NULL),
	(27, 2298, 2015, NULL),
	(119, 2352, 2015, NULL),
	(119, 2353, 2015, NULL),
	(119, 2357, 2015, NULL),
	(119, 2354, 2015, NULL),
	(119, 2355, 2015, NULL),
	(119, 2356, 2015, NULL),
	(119, 2358, 2015, NULL),
	(59, 2431, 2015, NULL),
	(59, 2432, 2015, NULL),
	(59, 2433, 2015, NULL),
	(59, 2490, 2015, NULL),
	(44, 2403, 2015, NULL),
	(44, 2406, 2015, NULL),
	(44, 2556, 2015, NULL),
	(44, 2557, 2015, NULL),
	(44, 2558, 2015, NULL),
	(163, 2389, 2015, NULL),
	(163, 2390, 2015, NULL),
	(123, 2589, 2015, NULL),
	(123, 2590, 2015, NULL),
	(123, 2591, 2015, NULL),
	(123, 2592, 2015, NULL),
	(123, 2593, 2015, NULL),
	(32, 2371, 2015, NULL),
	(32, 2354, 2015, NULL),
	(32, 2355, 2015, NULL),
	(32, 2356, 2015, NULL),
	(153, 2278, 2015, NULL),
	(153, 2321, 2015, NULL),
	(153, 2322, 2015, NULL),
	(153, 2323, 2015, NULL),
	(153, 2324, 2015, NULL),
	(161, 2374, 2015, NULL),
	(10, 2337, 2015, NULL),
	(10, 2273, 2015, NULL),
	(10, 2274, 2015, NULL),
	(10, 2275, 2015, NULL),
	(148, 2371, 2015, NULL),
	(148, 2579, 2015, NULL),
	(148, 2599, 2015, NULL),
	(148, 2600, 2015, NULL),
	(75, 2496, 2015, NULL),
	(75, 2497, 2015, NULL),
	(75, 2498, 2015, NULL),
	(75, 2500, 2015, NULL),
	(75, 2499, 2015, NULL),
	(75, 2501, 2015, NULL),
	(75, 2502, 2015, NULL),
	(75, 2503, 2015, NULL),
	(75, 2504, 2015, NULL),
	(75, 2505, 2015, NULL),
	(146, 2600, 2015, NULL),
	(146, 2599, 2015, NULL),
	(169, 2378, 2015, NULL),
	(169, 2382, 2015, NULL),
	(169, 2383, 2015, NULL),
	(169, 2384, 2015, NULL),
	(72, 2492, 2015, NULL),
	(72, 2493, 2015, NULL),
	(72, 2494, 2015, NULL),
	(72, 2495, 2015, NULL),
	(100, 2579, 2015, NULL),
	(100, 2510, 2015, NULL),
	(100, 2512, 2015, NULL),
	(13, 2288, 2015, NULL),
	(13, 2290, 2015, NULL),
	(13, 2291, 2015, NULL),
	(13, 2293, 2015, NULL),
	(13, 2336, 2015, NULL),
	(136, 2553, 2015, NULL),
	(150, 2481, 2015, NULL),
	(150, 2274, 2015, NULL),
	(150, 2275, 2015, NULL),
	(150, 2273, 2015, NULL),
	(150, 2376, 2015, NULL),
	(16, 2278, 2015, NULL),
	(16, 2279, 2015, NULL),
	(16, 2273, 2015, NULL),
	(16, 2537, 2015, NULL),
	(16, 2538, 2015, NULL),
	(16, 2560, 2015, NULL),
	(144, 2510, 2015, NULL),
	(144, 2511, 2015, NULL),
	(30, 2273, 2015, NULL),
	(30, 2274, 2015, NULL),
	(30, 2275, 2015, NULL),
	(30, 2276, 2015, NULL),
	(30, 2278, 2015, NULL),
	(30, 2279, 2015, NULL),
	(20, 2339, 2015, NULL),
	(20, 2527, 2015, NULL),
	(20, 2530, 2015, NULL),
	(20, 2537, 2015, NULL),
	(97, 2336, 2015, NULL),
	(97, 2517, 2015, NULL),
	(97, 2518, 2015, NULL),
	(97, 2519, 2015, NULL),
	(43, 2391, 2015, NULL),
	(43, 2396, 2015, NULL),
	(43, 2392, 2015, NULL),
	(43, 2397, 2015, NULL),
	(7, 2279, 2015, NULL),
	(7, 2321, 2015, NULL),
	(7, 2324, 2015, NULL),
	(7, 2323, 2015, NULL),
	(7, 2278, 2015, NULL),
	(125, 2585, 2015, NULL),
	(125, 2586, 2015, NULL),
	(125, 2589, 2015, NULL),
	(125, 2590, 2015, NULL),
	(125, 2591, 2015, NULL),
	(142, 2556, 2015, NULL),
	(142, 2560, 2015, NULL),
	(142, 2557, 2015, NULL),
	(142, 2561, 2015, NULL),
	(145, 2341, 2015, NULL),
	(18, 2278, 2015, NULL),
	(18, 2321, 2015, NULL),
	(18, 2322, 2015, NULL),
	(17, 2321, 2015, NULL),
	(17, 2322, 2015, NULL),
	(17, 2475, 2015, NULL),
	(154, 2279, 2015, NULL),
	(154, 2323, 2015, NULL),
	(154, 2322, 2015, NULL),
	(140, 2554, 2015, NULL),
	(156, 2539, 2015, NULL),
	(156, 2541, 2015, NULL),
	(156, 2543, 2015, NULL),
	(9, 2278, 2015, NULL),
	(9, 2323, 2015, NULL),
	(9, 2324, 2015, NULL),
	(15, 2317, 2015, NULL),
	(15, 2318, 2015, NULL),
	(15, 2319, 2015, NULL),
	(15, 2320, 2015, NULL),
	(71, 2488, 2015, NULL),
	(71, 2489, 2015, NULL),
	(157, 2488, 2015, NULL),
	(157, 2489, 2015, NULL),
	(157, 2561, 2015, NULL),
	(82, 2492, 2015, NULL),
	(82, 2493, 2015, NULL),
	(82, 2494, 2015, NULL),
	(82, 2496, 2015, NULL),
	(82, 2497, 2015, NULL),
	(126, 2585, 2015, NULL),
	(126, 2589, 2015, NULL),
	(126, 2590, 2015, NULL),
	(126, 2591, 2015, NULL),
	(56, 2431, 2015, NULL),
	(56, 2433, 2015, NULL),
	(56, 2446, 2015, NULL),
	(56, 2447, 2015, NULL),
	(56, 2448, 2015, NULL),
	(56, 2449, 2015, NULL),
	(56, 2450, 2015, NULL),
	(56, 2451, 2015, NULL),
	(56, 2452, 2015, NULL),
	(56, 2453, 2015, NULL),
	(56, 2454, 2015, NULL),
	(56, 2456, 2015, NULL),
	(56, 2455, 2015, NULL),
	(56, 2457, 2015, NULL),
	(56, 2458, 2015, NULL),
	(56, 2459, 2015, NULL),
	(56, 2460, 2015, NULL),
	(56, 2461, 2015, NULL),
	(103, 2517, 2015, NULL),
	(103, 2537, 2015, NULL),
	(103, 2539, 2015, NULL),
	(42, 2349, 2015, NULL),
	(42, 2350, 2015, NULL),
	(42, 2351, 2015, NULL),
	(42, 2352, 2015, NULL),
	(42, 2353, 2015, NULL),
	(42, 2501, 2015, NULL),
	(42, 2502, 2015, NULL),
	(42, 2503, 2015, NULL),
	(42, 2504, 2015, NULL),
	(42, 2505, 2015, NULL),
	(42, 2508, 2015, NULL),
	(42, 2507, 2015, NULL),
	(42, 2506, 2015, NULL),
	(42, 2512, 2015, NULL),
	(42, 2513, 2015, NULL),
	(128, 2371, 2015, NULL),
	(128, 2585, 2015, NULL),
	(128, 2586, 2015, NULL),
	(128, 2587, 2015, NULL),
	(128, 2588, 2015, NULL),
	(164, 2346, 2015, NULL),
	(164, 2353, 2015, NULL),
	(164, 2427, 2015, NULL),
	(96, 2559, 2015, NULL),
	(21, 2539, 2015, NULL),
	(98, 2532, 2015, NULL),
	(98, 2533, 2015, NULL),
	(98, 2534, 2015, NULL),
	(76, 2512, 2015, NULL),
	(76, 2513, 2015, NULL),
	(76, 2501, 2015, NULL),
	(76, 2502, 2015, NULL),
	(76, 2503, 2015, NULL),
	(76, 2504, 2015, NULL),
	(76, 2505, 2015, NULL),
	(6, 2305, 2015, NULL),
	(6, 2306, 2015, NULL),
	(6, 2307, 2015, NULL),
	(6, 2308, 2015, NULL),
	(6, 2309, 2015, NULL),
	(6, 2310, 2015, NULL),
	(165, 2339, 2015, NULL),
	(165, 2340, 2015, NULL),
	(117, 2595, 2015, NULL),
	(117, 2596, 2015, NULL),
	(117, 2597, 2015, NULL),
	(117, 2598, 2015, NULL),
	(117, 2599, 2015, NULL),
	(117, 2600, 2015, NULL),
	(8, 2278, 2015, NULL),
	(8, 2321, 2015, NULL),
	(8, 2322, 2015, NULL),
	(8, 2323, 2015, NULL),
	(8, 2324, 2015, NULL),
	(2, 2288, 2015, NULL),
	(2, 2289, 2015, NULL),
	(2, 2290, 2015, NULL),
	(2, 2291, 2015, NULL),
	(2, 2292, 2015, NULL),
	(2, 2293, 2015, NULL),
	(2, 2294, 2015, NULL),
	(2, 2295, 2015, NULL),
	(2, 2296, 2015, NULL),
	(2, 2297, 2015, NULL),
	(2, 2298, 2015, NULL),
	(2, 2299, 2015, NULL),
	(2, 2300, 2015, NULL),
	(2, 2301, 2015, NULL),
	(2, 2302, 2015, NULL),
	(26, 2345, 2015, NULL),
	(26, 2344, 2015, NULL),
	(26, 2343, 2015, NULL),
	(26, 2342, 2015, NULL),
	(26, 2346, 2015, NULL),
	(3, 2288, 2015, NULL),
	(3, 2291, 2015, NULL),
	(3, 2294, 2015, NULL),
	(3, 2297, 2015, NULL),
	(1, 2288, 2015, NULL),
	(1, 2291, 2015, NULL),
	(1, 2294, 2015, NULL),
	(1, 2297, 2015, NULL),
	(1, 2300, 2015, NULL),
	(25, 2371, 2015, NULL),
	(25, 2346, 2015, NULL),
	(25, 2347, 2015, NULL),
	(25, 2348, 2015, NULL),
	(25, 2378, 2015, NULL),
	(79, 2509, 2015, NULL),
	(79, 2513, 2015, NULL),
	(79, 2512, 2015, NULL),
	(67, 2482, 2015, NULL),
	(67, 2483, 2015, NULL),
	(67, 2323, 2015, NULL),
	(67, 2324, 2015, NULL),
	(138, 2553, 2015, NULL),
	(138, 2556, 2015, NULL),
	(171, 2589, 2015, NULL),
	(171, 2590, 2015, NULL),
	(171, 2591, 2015, NULL),
	(171, 2592, 2015, NULL),
	(137, 2560, 2015, NULL),
	(137, 2562, 2015, NULL),
	(149, 2539, 2015, NULL),
	(149, 2547, 2015, NULL),
	(149, 2549, 2015, NULL),
	(167, 2339, 2015, NULL),
	(167, 2340, 2015, NULL),
	(24, 2363, 2015, NULL),
	(24, 2364, 2015, NULL),
	(24, 2378, 2015, NULL),
	(122, 2577, 2015, NULL),
	(122, 2578, 2015, NULL),
	(122, 2579, 2015, NULL),
	(88, 2517, 2015, NULL),
	(88, 2518, 2015, NULL),
	(88, 2519, 2015, NULL),
	(170, 2589, 2015, NULL),
	(170, 2590, 2015, NULL),
	(170, 2591, 2015, NULL),
	(170, 2592, 2015, NULL),
	(170, 2593, 2015, NULL);

INSERT INTO pratica_complemento (pratica_complemento_id, pratica_complemento_pratica, pratica_complemento_marcador, pratica_complemento_ano, pratica_complemento_uuid) VALUES
	(1, 173, 1070, 2015, NULL),
	(2, 173, 1071, 2015, NULL),
	(3, 173, 1137, 2015, NULL),
	(4, 173, 1230, 2015, NULL),
	(5, 11, 1158, 2015, NULL),
	(6, 11, 1126, 2015, NULL),
	(7, 11, 1132, 2015, NULL),
	(8, 11, 1041, 2015, NULL),
	(9, 130, 1247, 2015, NULL),
	(10, 130, 1248, 2015, NULL),
	(11, 28, 1160, 2015, NULL),
	(12, 28, 1174, 2015, NULL),
	(13, 28, 1142, 2015, NULL),
	(15, 28, 1074, 2015, NULL),
	(16, 115, 1238, 2015, NULL),
	(17, 115, 1237, 2015, NULL),
	(18, 115, 1233, 2015, NULL),
	(19, 29, 1105, 2015, NULL),
	(20, 29, 1157, 2015, NULL),
	(21, 29, 1158, 2015, NULL),
	(22, 29, 1164, 2015, NULL),
	(23, 29, 1163, 2015, NULL),
	(24, 168, 1174, 2015, NULL),
	(25, 168, 1173, 2015, NULL),
	(26, 168, 1175, 2015, NULL),
	(27, 168, 1051, 2015, NULL),
	(28, 41, 1069, 2015, NULL),
	(29, 41, 1066, 2015, NULL),
	(30, 41, 1149, 2015, NULL),
	(31, 84, 1238, 2015, NULL),
	(32, 84, 1233, 2015, NULL),
	(33, 84, 1073, 2015, NULL),
	(34, 84, 1160, 2015, NULL),
	(35, 23, 1182, 2015, NULL),
	(36, 23, 1183, 2015, NULL),
	(37, 23, 1097, 2015, NULL),
	(38, 23, 1100, 2015, NULL),
	(39, 23, 1105, 2015, NULL),
	(40, 23, 1051, 2015, NULL),
	(41, 23, 1047, 2015, NULL),
	(42, 45, 1053, 2015, NULL),
	(43, 45, 1106, 2015, NULL),
	(44, 45, 1105, 2015, NULL),
	(45, 45, 1188, 2015, NULL),
	(46, 81, 1065, 2015, NULL),
	(47, 111, 1048, 2015, NULL),
	(48, 111, 1102, 2015, NULL),
	(49, 111, 1235, 2015, NULL),
	(50, 111, 1161, 2015, NULL),
	(51, 80, 1048, 2015, NULL),
	(52, 80, 1097, 2015, NULL),
	(53, 80, 1182, 2015, NULL),
	(54, 14, 1051, 2015, NULL),
	(55, 14, 1097, 2015, NULL),
	(56, 14, 1099, 2015, NULL),
	(57, 14, 1174, 2015, NULL),
	(58, 14, 1175, 2015, NULL),
	(59, 51, 1051, 2015, NULL),
	(60, 51, 1164, 2015, NULL),
	(61, 51, 1166, 2015, NULL),
	(62, 19, 1160, 2015, NULL),
	(63, 19, 1097, 2015, NULL),
	(64, 19, 1048, 2015, NULL),
	(65, 109, 1055, 2015, NULL),
	(66, 109, 1109, 2015, NULL),
	(67, 109, 1194, 2015, NULL),
	(68, 33, 1178, 2015, NULL),
	(69, 33, 1097, 2015, NULL),
	(70, 33, 1048, 2015, NULL),
	(71, 127, 1248, 2015, NULL),
	(72, 127, 1247, 2015, NULL),
	(73, 93, 1217, 2015, NULL),
	(74, 93, 1219, 2015, NULL),
	(75, 38, 1101, 2015, NULL),
	(76, 38, 1184, 2015, NULL),
	(77, 22, 1100, 2015, NULL),
	(78, 22, 1099, 2015, NULL),
	(79, 22, 1098, 2015, NULL),
	(80, 69, 1060, 2015, NULL),
	(81, 69, 1100, 2015, NULL),
	(82, 69, 1104, 2015, NULL),
	(83, 69, 1160, 2015, NULL),
	(84, 69, 1162, 2015, NULL),
	(85, 118, 1158, 2015, NULL),
	(86, 118, 1141, 2015, NULL),
	(87, 118, 1142, 2015, NULL),
	(88, 118, 1074, 2015, NULL),
	(89, 120, 1074, 2015, NULL),
	(90, 120, 1073, 2015, NULL),
	(91, 120, 1142, 2015, NULL),
	(92, 120, 1141, 2015, NULL),
	(93, 120, 1140, 2015, NULL),
	(94, 120, 1160, 2015, NULL),
	(95, 99, 1224, 2015, NULL),
	(96, 99, 1132, 2015, NULL),
	(97, 99, 1133, 2015, NULL),
	(98, 99, 1069, 2015, NULL),
	(99, 151, 1055, 2015, NULL),
	(100, 151, 1109, 2015, NULL),
	(101, 151, 1194, 2015, NULL),
	(102, 90, 1214, 2015, NULL),
	(103, 90, 1216, 2015, NULL),
	(104, 90, 1125, 2015, NULL),
	(105, 112, 1072, 2015, NULL),
	(106, 112, 1140, 2015, NULL),
	(107, 112, 1233, 2015, NULL),
	(108, 141, 1070, 2015, NULL),
	(109, 73, 1209, 2015, NULL),
	(110, 92, 1215, 2015, NULL),
	(111, 92, 1216, 2015, NULL),
	(112, 92, 1125, 2015, NULL),
	(113, 92, 1124, 2015, NULL),
	(114, 12, 1164, 2015, NULL),
	(115, 74, 1216, 2015, NULL),
	(116, 74, 1125, 2015, NULL),
	(117, 74, 1122, 2015, NULL),
	(118, 83, 1044, 2015, NULL),
	(119, 83, 1046, 2015, NULL),
	(120, 83, 1051, 2015, NULL),
	(121, 83, 1101, 2015, NULL),
	(122, 83, 1217, 2015, NULL),
	(123, 94, 1217, 2015, NULL),
	(124, 94, 1132, 2015, NULL),
	(125, 94, 1130, 2015, NULL),
	(126, 94, 1066, 2015, NULL),
	(127, 94, 1067, 2015, NULL),
	(128, 104, 1047, 2015, NULL),
	(129, 104, 1069, 2015, NULL),
	(130, 104, 1132, 2015, NULL),
	(131, 104, 1095, 2015, NULL),
	(132, 104, 1221, 2015, NULL),
	(133, 78, 1210, 2015, NULL),
	(134, 78, 1212, 2015, NULL),
	(135, 78, 1122, 2015, NULL),
	(136, 78, 1123, 2015, NULL),
	(137, 78, 1063, 2015, NULL),
	(138, 172, 1066, 2015, NULL),
	(139, 172, 1091, 2015, NULL),
	(140, 172, 1128, 2015, NULL),
	(141, 172, 1189, 2015, NULL),
	(142, 95, 1160, 2015, NULL),
	(143, 95, 1158, 2015, NULL),
	(144, 95, 1046, 2015, NULL),
	(145, 159, 1125, 2015, NULL),
	(146, 159, 1166, 2015, NULL),
	(147, 159, 1216, 2015, NULL),
	(148, 114, 1344, 2015, NULL),
	(149, 114, 1345, 2015, NULL),
	(150, 114, 1126, 2015, NULL),
	(151, 114, 1140, 2015, NULL),
	(152, 114, 1141, 2015, NULL),
	(153, 114, 1233, 2015, NULL),
	(154, 131, 1250, 2015, NULL),
	(155, 131, 1249, 2015, NULL),
	(156, 131, 1248, 2015, NULL),
	(157, 131, 1149, 2015, NULL),
	(158, 143, 1125, 2015, NULL),
	(159, 143, 1216, 2015, NULL),
	(160, 162, 1184, 2015, NULL),
	(161, 162, 1101, 2015, NULL),
	(162, 162, 1102, 2015, NULL),
	(163, 162, 1051, 2015, NULL),
	(164, 35, 1051, 2015, NULL),
	(165, 35, 1100, 2015, NULL),
	(166, 35, 1182, 2015, NULL),
	(167, 35, 1184, 2015, NULL),
	(168, 34, 1209, 2015, NULL),
	(169, 34, 1091, 2015, NULL),
	(170, 34, 1126, 2015, NULL),
	(171, 34, 1053, 2015, NULL),
	(172, 166, 1059, 2015, NULL),
	(173, 166, 1116, 2015, NULL),
	(174, 65, 1157, 2015, NULL),
	(175, 65, 1160, 2015, NULL),
	(176, 65, 1041, 2015, NULL),
	(177, 134, 1210, 2015, NULL),
	(178, 49, 1122, 2015, NULL),
	(180, 49, 1209, 2015, NULL),
	(181, 132, 1054, 2015, NULL),
	(182, 132, 1107, 2015, NULL),
	(183, 132, 1108, 2015, NULL),
	(184, 132, 1192, 2015, NULL),
	(185, 132, 1191, 2015, NULL),
	(186, 40, 1160, 2015, NULL),
	(187, 40, 1166, 2015, NULL),
	(188, 40, 1041, 2015, NULL),
	(189, 40, 1046, 2015, NULL),
	(190, 77, 1125, 2015, NULL),
	(191, 77, 1124, 2015, NULL),
	(192, 77, 1214, 2015, NULL),
	(193, 133, 1159, 2015, NULL),
	(194, 133, 1041, 2015, NULL),
	(195, 160, 1071, 2015, NULL),
	(196, 160, 1116, 2015, NULL),
	(197, 160, 1230, 2015, NULL),
	(198, 139, 1070, 2015, NULL),
	(199, 155, 1231, 2015, NULL),
	(200, 158, 1205, 2015, NULL),
	(201, 158, 1118, 2015, NULL),
	(202, 158, 1071, 2015, NULL),
	(203, 158, 1060, 2015, NULL),
	(204, 116, 1074, 2015, NULL),
	(205, 116, 1114, 2015, NULL),
	(206, 116, 1140, 2015, NULL),
	(207, 116, 1142, 2015, NULL),
	(208, 116, 1165, 2015, NULL),
	(209, 4, 1166, 2015, NULL),
	(211, 135, 1071, 2015, NULL),
	(212, 135, 1118, 2015, NULL),
	(213, 135, 1205, 2015, NULL),
	(214, 27, 1166, 2015, NULL),
	(215, 27, 1216, 2015, NULL),
	(216, 27, 1041, 2015, NULL),
	(217, 119, 1074, 2015, NULL),
	(218, 119, 1073, 2015, NULL),
	(219, 119, 1142, 2015, NULL),
	(220, 119, 1141, 2015, NULL),
	(221, 119, 1237, 2015, NULL),
	(222, 119, 1238, 2015, NULL),
	(223, 59, 1173, 2015, NULL),
	(224, 59, 1189, 2015, NULL),
	(225, 59, 1106, 2015, NULL),
	(226, 59, 1113, 2015, NULL),
	(227, 59, 1142, 2015, NULL),
	(228, 59, 1053, 2015, NULL),
	(229, 59, 1057, 2015, NULL),
	(230, 44, 1041, 2015, NULL),
	(231, 163, 1188, 2015, NULL),
	(232, 163, 1105, 2015, NULL),
	(233, 163, 1106, 2015, NULL),
	(234, 163, 1052, 2015, NULL),
	(235, 123, 1075, 2015, NULL),
	(236, 123, 1143, 2015, NULL),
	(237, 123, 1149, 2015, NULL),
	(238, 123, 1243, 2015, NULL),
	(239, 123, 1248, 2015, NULL),
	(240, 32, 1160, 2015, NULL),
	(241, 32, 1178, 2015, NULL),
	(242, 32, 1087, 2015, NULL),
	(243, 32, 1043, 2015, NULL),
	(244, 32, 1051, 2015, NULL),
	(245, 153, 1041, 2015, NULL),
	(246, 153, 1224, 2015, NULL),
	(247, 161, 1175, 2015, NULL),
	(248, 161, 1184, 2015, NULL),
	(249, 161, 1095, 2015, NULL),
	(250, 10, 1168, 2015, NULL),
	(251, 10, 1046, 2015, NULL),
	(252, 10, 1073, 2015, NULL),
	(253, 148, 1043, 2015, NULL),
	(254, 148, 1073, 2015, NULL),
	(255, 148, 1233, 2015, NULL),
	(256, 148, 1235, 2015, NULL),
	(257, 75, 1125, 2015, NULL),
	(259, 146, 1182, 2015, NULL),
	(260, 146, 1100, 2015, NULL),
	(261, 146, 1125, 2015, NULL),
	(262, 169, 1046, 2015, NULL),
	(263, 169, 1051, 2015, NULL),
	(264, 169, 1101, 2015, NULL),
	(265, 169, 1187, 2015, NULL),
	(266, 169, 1185, 2015, NULL),
	(267, 72, 1166, 2015, NULL),
	(268, 72, 1044, 2015, NULL),
	(269, 100, 1043, 2015, NULL),
	(270, 100, 1087, 2015, NULL),
	(271, 100, 1161, 2015, NULL),
	(272, 13, 1160, 2015, NULL),
	(273, 136, 1070, 2015, NULL),
	(274, 136, 1230, 2015, NULL),
	(275, 150, 1160, 2015, NULL),
	(276, 16, 1041, 2015, NULL),
	(277, 16, 1125, 2015, NULL),
	(278, 144, 1216, 2015, NULL),
	(279, 30, 1041, 2015, NULL),
	(280, 30, 1158, 2015, NULL),
	(281, 20, 1223, 2015, NULL),
	(282, 20, 1225, 2015, NULL),
	(283, 20, 1132, 2015, NULL),
	(284, 20, 1069, 2015, NULL),
	(285, 97, 1069, 2015, NULL),
	(286, 97, 1132, 2015, NULL),
	(287, 97, 1223, 2015, NULL),
	(288, 43, 1053, 2015, NULL),
	(289, 43, 1106, 2015, NULL),
	(290, 125, 1075, 2015, NULL),
	(291, 125, 1144, 2015, NULL),
	(292, 125, 1249, 2015, NULL),
	(293, 125, 1250, 2015, NULL),
	(294, 125, 1243, 2015, NULL),
	(295, 145, 1210, 2015, NULL),
	(296, 145, 1122, 2015, NULL),
	(297, 17, 1043, 2015, NULL),
	(298, 17, 1044, 2015, NULL),
	(299, 17, 1046, 2015, NULL),
	(300, 154, 1159, 2015, NULL),
	(301, 156, 1133, 2015, NULL),
	(302, 156, 1069, 2015, NULL),
	(303, 156, 1227, 2015, NULL),
	(304, 9, 1158, 2015, NULL),
	(305, 9, 1041, 2015, NULL),
	(306, 71, 1056, 2015, NULL),
	(307, 71, 1111, 2015, NULL),
	(308, 71, 1196, 2015, NULL),
	(309, 82, 1210, 2015, NULL),
	(310, 82, 1122, 2015, NULL),
	(311, 126, 1075, 2015, NULL),
	(312, 126, 1143, 2015, NULL),
	(313, 126, 1243, 2015, NULL),
	(314, 126, 1246, 2015, NULL),
	(315, 103, 1224, 2015, NULL),
	(316, 42, 1161, 2015, NULL),
	(317, 42, 1087, 2015, NULL),
	(318, 42, 1046, 2015, NULL),
	(319, 42, 1048, 2015, NULL),
	(320, 42, 1047, 2015, NULL),
	(321, 128, 1073, 2015, NULL),
	(322, 128, 1074, 2015, NULL),
	(323, 128, 1140, 2015, NULL),
	(324, 128, 1235, 2015, NULL),
	(325, 128, 1250, 2015, NULL),
	(326, 164, 1173, 2015, NULL),
	(327, 164, 1175, 2015, NULL),
	(328, 164, 1122, 2015, NULL),
	(329, 96, 1060, 2015, NULL),
	(330, 96, 1118, 2015, NULL),
	(331, 96, 1230, 2015, NULL),
	(332, 98, 1230, 2015, NULL),
	(333, 98, 1231, 2015, NULL),
	(334, 76, 1063, 2015, NULL),
	(335, 76, 1122, 2015, NULL),
	(336, 76, 1211, 2015, NULL),
	(337, 117, 1237, 2015, NULL),
	(338, 117, 1141, 2015, NULL),
	(339, 2, 1044, 2015, NULL),
	(340, 2, 1166, 2015, NULL),
	(341, 26, 1178, 2015, NULL),
	(342, 26, 1097, 2015, NULL),
	(343, 26, 1048, 2015, NULL),
	(344, 1, 1044, 2015, NULL),
	(345, 1, 1166, 2015, NULL),
	(346, 79, 1212, 2015, NULL),
	(347, 79, 1123, 2015, NULL),
	(348, 79, 1063, 2015, NULL),
	(349, 138, 1070, 2015, NULL),
	(350, 138, 1137, 2015, NULL),
	(352, 137, 1230, 2015, NULL),
	(353, 137, 1137, 2015, NULL),
	(354, 137, 1070, 2015, NULL),
	(355, 149, 1069, 2015, NULL),
	(356, 149, 1133, 2015, NULL),
	(357, 149, 1224, 2015, NULL),
	(358, 24, 1209, 2015, NULL),
	(359, 24, 1122, 2015, NULL),
	(360, 88, 1065, 2015, NULL),
	(361, 88, 1126, 2015, NULL),
	(362, 88, 1217, 2015, NULL),
	(363, 170, 1248, 2015, NULL),
	(364, 170, 1244, 2015, NULL),
	(365, 170, 1141, 2015, NULL),
	(366, 170, 1143, 2015, NULL),
	(367, 170, 1075, 2015, NULL);


INSERT INTO pratica_evidencia (pratica_evidencia_id, pratica_evidencia_pratica, pratica_evidencia_marcador, pratica_evidencia_ano, pratica_evidencia_uuid) VALUES
	(1, 173, 1136, 2015, NULL),
	(2, 173, 1137, 2015, NULL),
	(3, 11, 1158, 2015, NULL),
	(4, 11, 1041, 2015, NULL),
	(5, 130, 1247, 2015, NULL),
	(6, 130, 1147, 2015, NULL),
	(7, 130, 1076, 2015, NULL),
	(8, 28, 1142, 2015, NULL),
	(9, 28, 1074, 2015, NULL),
	(10, 115, 1062, 2015, NULL),
	(11, 115, 1138, 2015, NULL),
	(12, 115, 1238, 2015, NULL),
	(13, 115, 1233, 2015, NULL),
	(14, 29, 1050, 2015, NULL),
	(15, 29, 1082, 2015, NULL),
	(16, 29, 1158, 2015, NULL),
	(17, 168, 1051, 2015, NULL),
	(18, 168, 1050, 2015, NULL),
	(19, 41, 1076, 2015, NULL),
	(20, 41, 1069, 2015, NULL),
	(21, 84, 1238, 2015, NULL),
	(22, 84, 1233, 2015, NULL),
	(23, 84, 1064, 2015, NULL),
	(24, 23, 1182, 2015, NULL),
	(25, 23, 1097, 2015, NULL),
	(26, 23, 1100, 2015, NULL),
	(27, 23, 1051, 2015, NULL),
	(29, 45, 1106, 2015, NULL),
	(30, 81, 1179, 2015, NULL),
	(31, 111, 1048, 2015, NULL),
	(32, 80, 1048, 2015, NULL),
	(33, 80, 1097, 2015, NULL),
	(34, 80, 1182, 2015, NULL),
	(35, 14, 1051, 2015, NULL),
	(36, 14, 1097, 2015, NULL),
	(37, 51, 1051, 2015, NULL),
	(38, 51, 1050, 2015, NULL),
	(39, 51, 1093, 2015, NULL),
	(40, 19, 1097, 2015, NULL),
	(42, 19, 1048, 2015, NULL),
	(43, 109, 1055, 2015, NULL),
	(44, 109, 1109, 2015, NULL),
	(45, 33, 1178, 2015, NULL),
	(46, 33, 1177, 2015, NULL),
	(47, 33, 1097, 2015, NULL),
	(48, 33, 1048, 2015, NULL),
	(49, 127, 1247, 2015, NULL),
	(50, 93, 1218, 2015, NULL),
	(51, 38, 1101, 2015, NULL),
	(52, 38, 1184, 2015, NULL),
	(53, 22, 1100, 2015, NULL),
	(54, 22, 1098, 2015, NULL),
	(55, 69, 1060, 2015, NULL),
	(56, 69, 1050, 2015, NULL),
	(57, 69, 1100, 2015, NULL),
	(58, 69, 1162, 2015, NULL),
	(59, 69, 1170, 2015, NULL),
	(60, 118, 1158, 2015, NULL),
	(61, 118, 1142, 2015, NULL),
	(62, 118, 1074, 2015, NULL),
	(63, 120, 1074, 2015, NULL),
	(64, 120, 1142, 2015, NULL),
	(65, 99, 1224, 2015, NULL),
	(66, 99, 1133, 2015, NULL),
	(67, 99, 1069, 2015, NULL),
	(68, 151, 1055, 2015, NULL),
	(69, 151, 1109, 2015, NULL),
	(70, 90, 1125, 2015, NULL),
	(71, 90, 1064, 2015, NULL),
	(72, 112, 1072, 2015, NULL),
	(73, 112, 1233, 2015, NULL),
	(74, 141, 1228, 2015, NULL),
	(75, 141, 1135, 2015, NULL),
	(76, 73, 1062, 2015, NULL),
	(77, 92, 1125, 2015, NULL),
	(78, 92, 1064, 2015, NULL),
	(79, 74, 1125, 2015, NULL),
	(80, 74, 1122, 2015, NULL),
	(81, 74, 1062, 2015, NULL),
	(82, 83, 1046, 2015, NULL),
	(83, 83, 1051, 2015, NULL),
	(84, 83, 1101, 2015, NULL),
	(85, 94, 1218, 2015, NULL),
	(86, 104, 1069, 2015, NULL),
	(87, 78, 1210, 2015, NULL),
	(88, 78, 1122, 2015, NULL),
	(89, 172, 1170, 2015, NULL),
	(90, 172, 1189, 2015, NULL),
	(91, 95, 1158, 2015, NULL),
	(92, 95, 1084, 2015, NULL),
	(93, 95, 1046, 2015, NULL),
	(94, 159, 1064, 2015, NULL),
	(95, 159, 1125, 2015, NULL),
	(96, 114, 1233, 2015, NULL),
	(97, 131, 1147, 2015, NULL),
	(98, 131, 1076, 2015, NULL),
	(99, 143, 1064, 2015, NULL),
	(100, 143, 1125, 2015, NULL),
	(101, 162, 1184, 2015, NULL),
	(102, 162, 1101, 2015, NULL),
	(103, 162, 1051, 2015, NULL),
	(104, 35, 1051, 2015, NULL),
	(105, 35, 1050, 2015, NULL),
	(106, 35, 1100, 2015, NULL),
	(107, 35, 1182, 2015, NULL),
	(108, 35, 1184, 2015, NULL),
	(109, 166, 1059, 2015, NULL),
	(110, 166, 1116, 2015, NULL),
	(111, 166, 1118, 2015, NULL),
	(112, 166, 1205, 2015, NULL),
	(113, 65, 1156, 2015, NULL),
	(114, 65, 1082, 2015, NULL),
	(115, 65, 1084, 2015, NULL),
	(116, 65, 1041, 2015, NULL),
	(117, 65, 1050, 2015, NULL),
	(118, 134, 1062, 2015, NULL),
	(119, 134, 1122, 2015, NULL),
	(120, 49, 1062, 2015, NULL),
	(121, 40, 1041, 2015, NULL),
	(122, 40, 1064, 2015, NULL),
	(123, 77, 1062, 2015, NULL),
	(124, 133, 1170, 2015, NULL),
	(125, 133, 1041, 2015, NULL),
	(127, 160, 1117, 2015, NULL),
	(128, 160, 1205, 2015, NULL),
	(129, 139, 1228, 2015, NULL),
	(130, 139, 1135, 2015, NULL),
	(131, 158, 1205, 2015, NULL),
	(132, 158, 1204, 2015, NULL),
	(133, 158, 1117, 2015, NULL),
	(134, 158, 1137, 2015, NULL),
	(135, 116, 1074, 2015, NULL),
	(136, 116, 1088, 2015, NULL),
	(137, 116, 1114, 2015, NULL),
	(138, 135, 1117, 2015, NULL),
	(139, 135, 1118, 2015, NULL),
	(140, 135, 1204, 2015, NULL),
	(141, 27, 1041, 2015, NULL),
	(142, 59, 1106, 2015, NULL),
	(143, 59, 1138, 2015, NULL),
	(144, 59, 1058, 2015, NULL),
	(145, 44, 1041, 2015, NULL),
	(146, 44, 1082, 2015, NULL),
	(148, 44, 1156, 2015, NULL),
	(149, 123, 1075, 2015, NULL),
	(150, 123, 1144, 2015, NULL),
	(151, 123, 1244, 2015, NULL),
	(152, 32, 1177, 2015, NULL),
	(153, 32, 1179, 2015, NULL),
	(154, 32, 1050, 2015, NULL),
	(155, 153, 1156, 2015, NULL),
	(156, 161, 1184, 2015, NULL),
	(157, 161, 1101, 2015, NULL),
	(158, 10, 1106, 2015, NULL),
	(159, 10, 1093, 2015, NULL),
	(160, 148, 1138, 2015, NULL),
	(161, 75, 1062, 2015, NULL),
	(162, 75, 1064, 2015, NULL),
	(163, 75, 1122, 2015, NULL),
	(164, 75, 1125, 2015, NULL),
	(165, 75, 1210, 2015, NULL),
	(166, 146, 1182, 2015, NULL),
	(167, 146, 1100, 2015, NULL),
	(168, 146, 1051, 2015, NULL),
	(169, 146, 1050, 2015, NULL),
	(170, 169, 1051, 2015, NULL),
	(171, 169, 1101, 2015, NULL),
	(172, 100, 1074, 2015, NULL),
	(173, 136, 1137, 2015, NULL),
	(174, 136, 1135, 2015, NULL),
	(175, 150, 1158, 2015, NULL),
	(176, 150, 1088, 2015, NULL),
	(177, 16, 1064, 2015, NULL),
	(178, 16, 1125, 2015, NULL),
	(179, 144, 1125, 2015, NULL),
	(180, 30, 1041, 2015, NULL),
	(181, 30, 1158, 2015, NULL),
	(182, 20, 1224, 2015, NULL),
	(183, 20, 1133, 2015, NULL),
	(184, 20, 1069, 2015, NULL),
	(185, 97, 1069, 2015, NULL),
	(186, 97, 1133, 2015, NULL),
	(187, 43, 1170, 2015, NULL),
	(188, 43, 1106, 2015, NULL),
	(189, 125, 1075, 2015, NULL),
	(190, 125, 1144, 2015, NULL),
	(191, 145, 1210, 2015, NULL),
	(192, 145, 1122, 2015, NULL),
	(193, 145, 1125, 2015, NULL),
	(194, 145, 1062, 2015, NULL),
	(195, 145, 1064, 2015, NULL),
	(196, 17, 1093, 2015, NULL),
	(197, 17, 1156, 2015, NULL),
	(198, 17, 1172, 2015, NULL),
	(199, 156, 1133, 2015, NULL),
	(200, 156, 1069, 2015, NULL),
	(201, 9, 1158, 2015, NULL),
	(202, 9, 1041, 2015, NULL),
	(203, 82, 1210, 2015, NULL),
	(204, 82, 1122, 2015, NULL),
	(205, 82, 1062, 2015, NULL),
	(206, 126, 1075, 2015, NULL),
	(207, 103, 1224, 2015, NULL),
	(208, 128, 1076, 2015, NULL),
	(209, 164, 1172, 2015, NULL),
	(210, 164, 1122, 2015, NULL),
	(211, 164, 1050, 2015, NULL),
	(212, 96, 1060, 2015, NULL),
	(213, 96, 1118, 2015, NULL),
	(214, 96, 1137, 2015, NULL),
	(215, 76, 1062, 2015, NULL),
	(216, 76, 1122, 2015, NULL),
	(217, 76, 1125, 2015, NULL),
	(218, 165, 1182, 2015, NULL),
	(219, 165, 1100, 2015, NULL),
	(220, 117, 1072, 2015, NULL),
	(221, 26, 1178, 2015, NULL),
	(222, 26, 1179, 2015, NULL),
	(223, 26, 1097, 2015, NULL),
	(224, 26, 1048, 2015, NULL),
	(225, 138, 1137, 2015, NULL),
	(226, 137, 1137, 2015, NULL),
	(227, 149, 1069, 2015, NULL),
	(228, 149, 1133, 2015, NULL),
	(229, 149, 1224, 2015, NULL),
	(230, 24, 1122, 2015, NULL),
	(231, 24, 1062, 2015, NULL),
	(232, 122, 1062, 2015, NULL),
	(233, 170, 1244, 2015, NULL),
	(234, 170, 1075, 2015, NULL);


INSERT INTO pratica_indicador_complemento (pratica_indicador_complemento_id, pratica_indicador_complemento_indicador, pratica_indicador_complemento_marcador, pratica_indicador_complemento_ano, pratica_indicador_complemento_uuid) VALUES
	(3, 3, 1254, 2015, NULL),
	(5, 131, 1251, 2015, NULL),
	(6, 131, 1151, 2015, NULL),
	(7, 455, 1255, 2015, NULL),
	(8, 456, 1255, 2015, NULL),
	(9, 456, 1155, 2015, NULL),
	(11, 457, 1362, 2015, NULL),
	(12, 457, 1364, 2015, NULL),
	(13, 457, 1363, 2015, NULL),
	(14, 457, 1154, 2015, NULL),
	(15, 457, 1255, 2015, NULL),
	(16, 458, 504, 2015, NULL),
	(17, 458, 1368, 2015, NULL),
	(18, 458, 1154, 2015, NULL),
	(19, 458, 1254, 2015, NULL),
	(20, 459, 506, 2015, NULL),
	(21, 459, 1376, 2015, NULL),
	(22, 459, 1377, 2015, NULL),
	(23, 459, 1152, 2015, NULL),
	(24, 459, 1155, 2015, NULL),
	(25, 459, 1255, 2015, NULL),
	(26, 459, 1252, 2015, NULL),
	(27, 460, 506, 2015, NULL),
	(28, 460, 1376, 2015, NULL),
	(29, 460, 1155, 2015, NULL),
	(30, 460, 1255, 2015, NULL),
	(31, 463, 1152, 2015, NULL),
	(32, 463, 1252, 2015, NULL),
	(33, 464, 1152, 2015, NULL),
	(34, 464, 1252, 2015, NULL),
	(35, 465, 1152, 2015, NULL),
	(36, 465, 1252, 2015, NULL);

INSERT INTO pratica_indicador_evidencia (pratica_indicador_evidencia_id, pratica_indicador_evidencia_indicador, pratica_indicador_evidencia_marcador, pratica_indicador_evidencia_ano, pratica_indicador_evidencia_uuid) VALUES
	(2, 3, 1254, 2015, NULL),
	(4, 131, 1251, 2015, NULL),
	(5, 131, 1151, 2015, NULL),
	(6, 455, 1255, 2015, NULL),
	(7, 455, 1077, 2015, NULL),
	(8, 455, 1081, 2015, NULL),
	(9, 456, 1255, 2015, NULL),
	(10, 456, 1155, 2015, NULL),
	(11, 457, 1080, 2015, NULL),
	(12, 457, 1154, 2015, NULL),
	(13, 457, 1255, 2015, NULL),
	(14, 458, 1080, 2015, NULL),
	(15, 458, 1154, 2015, NULL),
	(16, 458, 1254, 2015, NULL),
	(17, 459, 1080, 2015, NULL),
	(18, 459, 1078, 2015, NULL),
	(19, 459, 1152, 2015, NULL),
	(20, 459, 1155, 2015, NULL),
	(21, 459, 1255, 2015, NULL),
	(22, 459, 1252, 2015, NULL),
	(23, 460, 1081, 2015, NULL),
	(24, 460, 1155, 2015, NULL),
	(25, 460, 1255, 2015, NULL),
	(26, 463, 1078, 2015, NULL),
	(27, 463, 1152, 2015, NULL),
	(28, 463, 1252, 2015, NULL),
	(29, 464, 1078, 2015, NULL),
	(30, 464, 1152, 2015, NULL),
	(31, 464, 1252, 2015, NULL),
	(32, 465, 1078, 2015, NULL),
	(33, 465, 1152, 2015, NULL),
	(34, 465, 1252, 2015, NULL);

INSERT INTO pratica_indicador_composicao (pratica_indicador_composicao_pai, pratica_indicador_composicao_filho, pratica_indicador_composicao_peso) VALUES
	(3,120,152.000),
	(3,123,143.000),
	(3,126,142.000),
	(3,129,117.000),
	(120,118,72.000),
	(120,119,42.000),
	(123,121,68.000),
	(123,122,76.000),
	(126,124,71.000),
	(126,125,77.000),
	(129,127,53.000),
	(129,128,55.000);


INSERT INTO pratica_indicador_depts (pratica_indicador_id, dept_id) VALUES
  (7,17),
  (8,6),
  (9,5),
  (10,5),
  (11,9),
  (12,19),
  (13,2),
  (4,5),
  (3,5);

INSERT INTO pratica_indicador_formula (pratica_indicador_formula_pai, pratica_indicador_formula_filho, pratica_indicador_formula_ordem) VALUES
  (4,130,1),
  (4,131,2);

INSERT INTO pratica_indicador_usuarios (pratica_indicador_id, usuario_id) VALUES
  (6,4),
  (7,5),
  (8,6),
  (9,8),
  (10,2),
  (11,3),
  (12,4),
  (13,5),
  (14,6),
  (15,8),
  (16,2),
  (16,3),
  (17,4),
  (18,5),
  (4,6),
  (3,6),
  (3,2);



INSERT INTO pratica_indicador_valor (pratica_indicador_valor_id, pratica_indicador_valor_indicador, pratica_indicador_valor_responsavel, pratica_indicador_valor_data, pratica_indicador_valor_valor, pratica_indicador_valor_vetor, pratica_indicador_valor_obs) VALUES
  (8,3,3,'2013-12-01',30.000,NULL,NULL),
  (9,3,3,'2014-12-01',31.000,NULL,NULL),
  (10,3,3,'2015-12-01',29.000,NULL,NULL),
  (12,4,3,'2014-12-30',722.000,NULL,'OM recebeu bonificação nesse ano de 100 pontos por participação em exercicio planejado'),
  (13,4,3,'2015-12-30',758.000,NULL,NULL),
  (17,6,3,'2013-12-30',0.000,NULL,'OM não participava do programa'),
  (18,6,3,'2014-12-30',68.000,NULL,NULL),
  (19,6,3,'2015-12-30',71.000,NULL,NULL),
  (84,4,3,'2016-12-30',709.000,NULL,NULL),
  (86,6,3,'2016-10-13',73.000,NULL,NULL),
  (92,3,3,'2016-12-03',27.000,NULL,NULL),
  (108,118,3,'2014-12-30',64.000,NULL,NULL),
  (109,119,3,'2014-12-30',72.000,NULL,NULL),
  (110,121,3,'2014-12-30',50.000,NULL,NULL),
  (111,122,3,'2014-12-30',77.000,NULL,NULL),
  (112,124,3,'2014-12-30',58.000,NULL,NULL),
  (113,125,3,'2014-12-30',62.000,NULL,NULL),
  (114,127,3,'2014-12-30',69.000,NULL,NULL),
  (115,128,3,'2014-12-30',74.000,NULL,NULL),
  (116,118,3,'2015-12-30',43.000,NULL,NULL),
  (117,119,3,'2015-12-30',78.000,NULL,NULL),
  (118,121,3,'2015-12-30',66.000,NULL,NULL),
  (119,122,3,'2015-12-30',60.000,NULL,NULL),
  (120,124,3,'2015-12-30',68.000,NULL,NULL),
  (121,125,3,'2015-12-30',72.000,NULL,NULL),
  (122,127,3,'2015-12-30',69.000,NULL,NULL),
  (123,128,3,'2015-12-30',77.000,NULL,NULL),
  (124,118,3,'2016-12-30',52.000,NULL,NULL),
  (125,119,3,'2016-12-30',43.000,NULL,NULL),
  (126,121,3,'2016-12-30',57.000,NULL,NULL),
  (127,122,3,'2016-12-30',8.000,NULL,NULL),
  (128,124,3,'2016-12-30',73.000,NULL,NULL),
  (129,125,3,'2016-12-30',64.000,NULL,NULL),
  (130,127,3,'2016-12-30',58.000,NULL,NULL),
  (131,128,3,'2016-12-30',38.000,NULL,NULL),
  (132,130,3,'2016-12-30',30000.000,NULL,NULL),
  (133,131,3,'2016-12-30',2600.000,NULL,NULL),
  (134,130,3,'2015-10-30',30000.000,NULL,NULL),
  (135,131,3,'2015-10-30',2950.000,NULL,NULL),
  (136,130,3,'2014-12-30',30000.000,NULL,NULL),
  (137,131,3,'2014-12-30',3270.000,NULL,NULL),
  (138,456,1,'2016-05-13',60.000,NULL,NULL),
  (139,457,1,'2016-05-13',55.000,NULL,NULL),
  (140,458,1,'2016-05-13',4.000,NULL,NULL),
  (141,460,1,'2016-05-13',2.000,NULL,NULL),
  (142,461,1,'2016-05-13',2.000,NULL,NULL),
  (143,462,1,'2016-05-13',2.000,NULL,NULL),
  (144,463,1,'2016-05-13',600.000,NULL,NULL),
  (145,463,1,'2016-05-13',900.000,NULL,NULL),
  (146,464,1,'2016-05-13',400.000,NULL,NULL),
  (147,464,1,'2016-05-13',1000.000,NULL,NULL),
  (148,465,1,'2016-05-13',400.000,NULL,NULL),
  (149,465,1,'2016-05-13',150.000,NULL,NULL);

INSERT INTO pratica_usuarios (pratica_id, usuario_id) VALUES
  (124,8),
  (124,2);

INSERT INTO praticas (pratica_id, pratica_cia, pratica_superior, pratica_responsavel, pratica_nome, pratica_cor, pratica_acesso, pratica_composicao) VALUES
  (1,1,NULL,6,'Reuniões e tomada de decisões pelo comandante','FFFFFF',0,0),
  (2,1,NULL,6,'Reunião de atualização do Plano de Gestão','FFFFFF',0,0),
  (3,1,NULL,6,'Reuniões diárias e especiais do EM','FFFFFF',0,0),
  (4,1,NULL,6,'Execução de ordens do Dirertor','FFFFFF',0,0),
  (6,1,NULL,6,'Relatórios de Avaliação','FFFFFF',0,0),
  (7,1,NULL,6,'Interrelacionamento com os PVC do escalão superior','FFFFFF',0,0),
  (8,1,NULL,6,'Reunião Atualização dos PVC','FFFFFF',0,0),
  (9,1,NULL,6,'Palestras e Simpósio de Adm Pública','FFFFFF',0,0),
  (10,1,NULL,6,'Gestões junto ao Escalão Superior','FFFFFF',0,0),
  (11,1,NULL,6,'Ações Fiscalizadoras em todos os niveis de Dirertor','FFFFFF',0,0),
  (12,1,NULL,6,'Atualização das Normas Gerais de Ação - NGA','FFFFFF',0,0),
  (13,1,NULL,6,'Inspeções programadas ou inopinadas','FFFFFF',0,0),
  (14,1,NULL,6,'Análise de Indicadores','FFFFFF',0,0),
  (15,1,NULL,6,'Parcerias com órgãos públicos e privados','FFFFFF',0,0),
  (16,1,NULL,6,'Instruções de Atributos da Área Afetiva','FFFFFF',0,0),
  (17,1,NULL,6,'Observação direta dos procedimentos','FFFFFF',0,0),
  (18,1,NULL,6,'Observação diária dos subordinados em todos níveis','FFFFFF',0,0),
  (19,1,NULL,6,'Análise de resultados alcançados','FFFFFF',0,0),
  (20,1,NULL,6,'Instruções para disseminadores (quadros)','FFFFFF',0,0),
  (21,1,NULL,6,'Realização de cursos e estagios','FFFFFF',0,0),
  (22,1,NULL,6,'Análise Pós Ação(APA)','FFFFFF',0,0),
  (23,1,NULL,6,'Análise da Autoavaliação','FFFFFF',0,0),
  (24,1,NULL,6,'Uso de Informações Comparativas','FFFFFF',0,0),
  (25,1,NULL,6,'Reuniões para análise dos objetivos estratégicos','FFFFFF',0,0),
  (26,1,NULL,6,'Reuniões de análise dos Indicadores de Desempenho','FFFFFF',0,0),
  (27,1,NULL,6,'Expedição de documentos diversos','FFFFFF',0,0),
  (28,1,NULL,6,'Acompanhamento pelos chefes de seção','FFFFFF',0,0),
  (29,1,NULL,6,'Adequação às Diretrizes do Escalão Superior','FFFFFF',0,0),
  (30,1,NULL,6,'Instruções de quadros, palestras e NGA','FFFFFF',0,0),
  (32,1,NULL,6,'Formulação do Diagnóstico Estratégico','FFFFFF',0,0),
  (33,1,NULL,6,'Análise do ambiente externo','FFFFFF',0,0),
  (34,1,NULL,6,'Definição de objetivos organizacionais','FFFFFF',0,0),
  (35,1,NULL,6,'Definição de estratégias','FFFFFF',0,0),
  (38,1,NULL,6,'Análise dos Planos de Ação','FFFFFF',0,0),
  (40,1,NULL,6,'Divulgação do Plano de Gestão','FFFFFF',0,0),
  (41,1,NULL,6,'Alocação de Recursos','FFFFFF',0,0),
  (42,1,NULL,6,'Programa Gerenciador de Projetos','FFFFFF',0,0),
  (43,1,NULL,6,'Interação com os usuários/necessidades','FFFFFF',0,0),
  (44,1,NULL,6,'Extratificação dos produtos e serviços da Organização','FFFFFF',0,0),
  (45,1,NULL,6,'Análise da destinação constitucional','FFFFFF',0,0),
  (49,1,NULL,6,'Divulgação de canais de acesso com o usuário','FFFFFF',0,0),
  (51,1,NULL,6,'Análise de prioridades','FFFFFF',0,0),
  (56,1,NULL,6,'Programa de Controle de Impactos','FFFFFF',0,0),
  (59,1,NULL,6,'Extratificação dos impactos','FFFFFF',0,0),
  (60,1,NULL,6,'Execução de Planos de Prevenção','FFFFFF',0,0),
  (65,1,NULL,6,'Diretriz do Cmt da Organização','FFFFFF',0,0),
  (67,1,NULL,6,'Serviço de Relações Públicas','FFFFFF',0,0),
  (69,1,NULL,6,'Aplicação do ciclo PDCA','FFFFFF',0,0),
  (70,1,NULL,6,'Análise dos relatorios das Inspeções ','FFFFFF',0,0),
  (71,1,NULL,6,'Pesquisa de opinião e contatos','FFFFFF',0,0),
  (72,1,NULL,6,'Informações colhidas dos militares executantes','FFFFFF',0,0),
  (73,1,NULL,6,'Atuação dos gerentes dos Planos de Ação','FFFFFF',0,0),
  (74,1,NULL,6,'Atualização do Calendário de Obrigações','FFFFFF',0,0),
  (75,1,NULL,6,'Implantação de Sistemas de Informação','FFFFFF',0,0),
  (76,1,NULL,6,'Registro e arquivamento da documentação','FFFFFF',0,0),
  (77,1,NULL,6,'Divulgação na rede de computadores','FFFFFF',0,0),
  (78,1,NULL,6,'Backup semanal','FFFFFF',0,0),
  (79,1,NULL,6,'Segurança eletrônica','FFFFFF',0,0),
  (80,1,NULL,6,'Análise da similaridade na missão','FFFFFF',0,0),
  (81,1,NULL,6,'Análise da Estrutura Organizacional','FFFFFF',0,0),
  (82,1,NULL,6,'Pesquisa na internet e rede interna','FFFFFF',0,0),
  (83,1,NULL,6,'Atualização do Plano de Gestão','FFFFFF',0,0),
  (84,1,NULL,6,'Análise crítica das informações','FFFFFF',0,0),
  (88,1,NULL,6,'Utilização do Quadro de Organização (QO)','FFFFFF',0,0),
  (90,1,NULL,6,'Aproveitamento correto do pessoal capacitado','FFFFFF',0,0),
  (91,1,NULL,6,'Extratificação de melhorias','FFFFFF',0,0),
  (92,1,NULL,6,'Atualização da NGA e POP','FFFFFF',0,0),
  (93,1,NULL,6,'Análise do QCP','FFFFFF',0,0),
  (94,1,NULL,6,'Avaliação Anual','FFFFFF',0,0),
  (95,1,NULL,6,'Cadeia de Comando','FFFFFF',0,0),
  (96,1,NULL,6,'Realização de atividades sociais e esportivas','FFFFFF',0,0),
  (97,1,NULL,6,'Integração dos novos membros da equipe','FFFFFF',0,0),
  (98,1,NULL,6,'Reconhecimento da Força de Trabalho','FFFFFF',0,0),
  (99,1,NULL,6,'Aplicação do SIMEB','FFFFFF',0,0),
  (100,1,NULL,6,'Inserção do Sistema de Excelência nas instruções','FFFFFF',0,0),
  (103,1,NULL,6,'Programa de Manutenção dos Padrões CTTEP','FFFFFF',0,0),
  (104,1,NULL,6,'Avaliação dos Relatorios de Instrução','FFFFFF',0,0),
  (107,1,NULL,6,'Confecção de Planos de Segurança ','FFFFFF',0,0),
  (109,1,NULL,6,'Análise de sugestões e reclamações','FFFFFF',0,0),
  (111,1,NULL,6,'Análise da missão da Organização','FFFFFF',0,0),
  (112,1,NULL,6,'Atividades essenciais para a gestão da Organização','FFFFFF',0,0),
  (114,1,NULL,6,'Controle dos resultados','FFFFFF',0,0),
  (115,1,NULL,6,'Acompanhamento por sistemas informatizados','FFFFFF',0,0),
  (116,1,NULL,6,'Execução das necessidades prioritárias ','FFFFFF',0,0),
  (117,1,NULL,6,'Resolução de problemas - Processos Apoio','FFFFFF',0,0),
  (118,1,NULL,6,'Aplicação do ciclo PDCA Processo Finalístico','FFFFFF',0,0),
  (119,1,NULL,6,'Extratificação de melhorias','FFFFFF',0,0),
  (120,1,NULL,6,'Aplicação do ciclo PDCA Processos de Apoio','FFFFFF',0,0),
  (122,1,NULL,6,'Utilização de sistemas corporativos da Organização','FFFFFF',0,0),
  (123,1,NULL,6,'Fiscalização da qualidade do material e prazos','FFFFFF',0,0),
  (124,1,NULL,6,'Ação do Fiscal de Contratos','ffffe0',0,0),
  (125,1,NULL,6,'Licitações','FFFFFF',0,0),
  (126,1,NULL,6,'Preparação do Processo Licitatório','FFFFFF',0,0),
  (127,1,NULL,6,'Análise do orçamento da Organização pelo Cmt','FFFFFF',0,0),
  (128,1,NULL,6,'Programa Interno de Trabalho (PIT) e PAA','FFFFFF',0,0),
  (130,1,NULL,6,'Acompanhamento diário do SIAFI','FFFFFF',0,0),
  (131,1,NULL,6,'Controle diário do Ordenador de Despesas','FFFFFF',0,0),
  (132,1,NULL,6,'Divulgação de produtos e serviços da Organização','FFFFFF',0,0),
  (133,1,NULL,6,'Divulgação no Boletim Interno e Ordens de Sv','FFFFFF',0,0),
  (134,1,NULL,6,'Divulgação das informações por setores','FFFFFF',0,0),
  (135,1,NULL,6,'Execução de Projetos Sociais','FFFFFF',0,0),
  (136,1,NULL,6,'Inspeções Sanitárias','FFFFFF',0,0),
  (137,1,NULL,6,'Treinamento Físico Militar orientado','FFFFFF',0,0),
  (138,1,NULL,6,'Serviço Médico e Odontológico','FFFFFF',0,0),
  (139,1,NULL,6,'Equipamentos de Proteção','FFFFFF',0,0),
  (140,1,NULL,6,'Palestra sobre Segurança no Serviço','FFFFFF',0,0),
  (141,1,NULL,6,'Atuação do OPAI','FFFFFF',0,0),
  (142,1,NULL,6,'Melhorias voltadas para o bem-estar','FFFFFF',0,0),
  (143,1,NULL,6,'Confecção e atualização dos POP','FFFFFF',0,0),
  (144,1,NULL,6,'Instruções de Quadros ','FFFFFF',0,0),
  (145,1,NULL,6,'Monitoramento de Informações Comparativas','FFFFFF',0,0),
  (146,1,NULL,6,'Implementação de melhorias','FFFFFF',0,0),
  (148,1,NULL,6,'Giro do Ciclo PDCA','FFFFFF',0,0),
  (149,1,NULL,6,'Treinamentos na área de gestão','FFFFFF',0,0),
  (150,1,NULL,6,'Instauração de Inquéritos Administrativos','FFFFFF',0,0),
  (151,1,NULL,6,'Apresentação de sugestões','FFFFFF',0,0),
  (153,1,NULL,6,'Frases motivacionais em locais visíveis','FFFFFF',0,0),
  (154,1,NULL,6,'Orientações verbais do Cmt nas formaturas','FFFFFF',0,0),
  (155,1,NULL,6,'Estímulo à responsabilidade social','FFFFFF',0,0),
  (156,1,NULL,6,'Palestras de conscientização e capacitação','FFFFFF',0,0),
  (157,1,NULL,6,'Pesquisa de satisfação','FFFFFF',0,0),
  (158,1,NULL,6,'Estreitamento das relações com a sociedade','FFFFFF',0,0),
  (159,1,NULL,6,'Comunicação on-line pelo GP WEB','FFFFFF',0,0),
  (160,1,NULL,6,'Ênfase à implantação de melhorias','FFFFFF',0,0),
  (161,1,NULL,6,'Fundamentos do Sistema de Excelência','FFFFFF',0,0),
  (162,1,NULL,6,'Definição de Ações e Gerentes','FFFFFF',0,0),
  (163,1,NULL,6,'Extrato dos principais usuários','FFFFFF',0,0),
  (164,1,NULL,6,'Questionários e Indicadores','FFFFFF',0,0),
  (165,1,NULL,6,'Relatórios do Escalão Superior','FFFFFF',0,0),
  (166,1,NULL,6,'Demandas do Escalão Superior e iniciativa própria','FFFFFF',0,0),
  (167,1,NULL,6,'Três melhorias info comparativas ','FFFFFF',0,0),
  (168,1,NULL,6,'Adequação às metas da Organização','FFFFFF',0,0),
  (169,1,NULL,6,'Implementação de Planos de Ação','FFFFFF',0,0),
  (170,1,NULL,6,'Vistorias e Comissões de Recebimento de Material','FFFFFF',0,0),
  (171,1,NULL,6,'SIMATEX e outros sistemas corporativos','FFFFFF',0,0),
  (172,1,NULL,6,'Boletim de Necessidades','FFFFFF',0,0),
  (173,1,NULL,6,'Ações de suporte social','FFFFFF',0,0);


INSERT INTO pratica_requisito (pratica_id, ano, pratica_oque, pratica_onde, pratica_quando, pratica_como, pratica_porque, pratica_quanto, pratica_quem, pratica_descricao, pratica_controlada, pratica_justificativa_controlada, pratica_proativa, pratica_justificativa_proativa, pratica_abrange_pertinentes, pratica_justificativa_abrangencia, pratica_continuada, pratica_justificativa_continuada, pratica_refinada, pratica_justificativa_refinada, pratica_coerente, pratica_justificativa_coerente, pratica_interrelacionada, pratica_justificativa_interrelacionada, pratica_cooperacao, pratica_justificativa_cooperacao, pratica_cooperacao_partes, pratica_justificativa_cooperacao_partes, pratica_arte, pratica_justificativa_arte, pratica_inovacao, pratica_justificativa_inovacao, pratica_melhoria_aprendizado, pratica_justificativa_melhoria_aprendizado) VALUES
  (1,2015,NULL,NULL,NULL,NULL,NULL,NULL,NULL,'<p style=\"text-align: justify;\">Desde sua cria&ccedil;&atilde;o em 1976, as decis&otilde;es relativas aos principais processos s&atilde;o tomadas pelo Diretor, consoante a Miss&atilde;o e Vis&atilde;o de Futuro, e em conson&acirc;ncia com os Decretos, Portarias, Leis, Normas e Instru&ccedil;&otilde;es em vigor, diretrizes do Escal&atilde;o Superior e baseando-se no assessoramento de todos os componentes da Alta Administra&ccedil;&atilde;o(Estado Maior), que buscam opinar, preferencialmente em suas respectivas &aacute;reas de atua&ccedil;&atilde;o, alicer&ccedil;ados em suas experi&ecirc;ncias profissionais, legisla&ccedil;&atilde;o vigente e com base em dados provenientes de consultas informais realizadas com o p&uacute;blico interno e/ou externo.</p><p style=\"text-align: justify;\">Na Organização as principais decis&otilde;es s&atilde;o tomadas por meio de procedimentos (interligados ou n&atilde;o):<br />&nbsp;&nbsp; 1) decorrente de orienta&ccedil;&otilde;es do Escal&atilde;o Superior e do que prescrevem as Leis e Regulamentos em vigor;<br />&nbsp;&nbsp; 2) por meio da experi&ecirc;ncia pessoal do Cmt da Organização assessorado pelo EM, na busca da melhoria e/ou aperfei&ccedil;oamento de<br />determinada atividade;<br />&nbsp;&nbsp; 3) Os Cmt SU e integrantes do Estado-Maior Geral e Especial, despacham diretamente com o Cmt, diariamente ou sempre que necess&aacute;rio, levando propostas e subs&iacute;dios para que o Cmt tomes as decis&otilde;es relativas aos principais processos da Organização;<br />&nbsp;&nbsp; 4) atrav&eacute;s de reuni&otilde;es do EM (reuni&otilde;es de Comando e Administrativas) em que o assunto &eacute; exposto para todos, a fim de que se troquem informa&ccedil;&otilde;es, e adotando-se uma linha de a&ccedil;&atilde;o;<br />&nbsp;&nbsp; 5) o militar respons&aacute;vel por alguma atividade espec&iacute;fica, que poder&aacute; trazer reflexos para todo a Organização, trata diretamente com o Cmt, exp&otilde;e todas as informa&ccedil;&otilde;es necess&aacute;rias e o Diretor emite sua decis&atilde;o.<br />&nbsp;&nbsp; Diariamente, s&atilde;o realizadas reuni&otilde;es com o Estado-Maior Geral e Especial e com os Comandantes de Subunidades para tratar das atividades do dia; e, semanalmente, realiza-se reuni&otilde;es de Comando para tratar de assuntos atinentes aos principais processos da Organização, e divulga&ccedil;&atilde;o da agenda de atividades.<br />&nbsp;&nbsp; O processo ocorre h&aacute; mais de 10 anos, uma vez que a metodologia &eacute; corporativa.</p>',1,NULL,1,NULL,1,NULL,1,NULL,0,NULL,1,NULL,1,NULL,1,NULL,0,NULL,0,NULL,0,NULL,1,NULL),
  (2,2015,NULL,NULL,NULL,NULL,NULL,NULL,NULL,'<p style=\"text-align: justify;\">As decis&otilde;es relativas ao Plano de Gest&atilde;o s&atilde;o tomadas pelo Cmt assessorado pelo EM e comandantes de companhias desde 2006, com a implanta&ccedil;&atilde;o do PEG na Organização, observando a Miss&atilde;o e a Vis&atilde;o de Futuro, as diretrizes e o Plano de Gest&atilde;o do Escal&atilde;o Superior, bem como as peculiaridades da tropa de Comunica&ccedil;&otilde;es.<br />&nbsp;&nbsp; Desde 2007, &eacute; realizada uma reuni&atilde;o anual envolvendo o Dirertor e EM da Organização, para defini&ccedil;&atilde;o dos Objetivos Estrat&eacute;gicos, Estrat&eacute;gias e Metas e os respectivos respons&aacute;veis (gerentes) para o ano corrente. Ap&oacute;s a defini&ccedil;&atilde;o das estrat&eacute;gias e metas, os gerentes realizam o seu planejamento e confeccionam os planos de a&ccedil;&atilde;o.<br />&nbsp;&nbsp; Todos os dados s&atilde;o compilados pelo Assessor de Gest&atilde;o, que, ap&oacute;s a aprova&ccedil;&atilde;o do Dirertor da Organização, confecciona o Plano de Gest&atilde;o da Organização.</p>',1,NULL,1,NULL,1,NULL,1,NULL,0,NULL,1,NULL,1,NULL,1,NULL,1,NULL,0,NULL,0,NULL,1,NULL),
  (3,2015,NULL,NULL,NULL,NULL,NULL,NULL,NULL,'<p style=\"text-align: justify;\">Desde 1976, as principais decis&otilde;es s&atilde;o tomadas pelo Cmt e seu Estado-Maior, nas reuni&otilde;es di&aacute;rias ou em reuni&otilde;es espec&iacute;ficas, que a partir da&iacute;, s&atilde;o retransmitidas posteriormente aos seus subordinados.</p><p style=\"margin-left: 35.45pt;\">&nbsp;&nbsp;&nbsp;&nbsp;&nbsp;&nbsp;&nbsp;&nbsp;&nbsp;&nbsp;&nbsp;&nbsp;&nbsp;&nbsp;</p>',1,NULL,1,NULL,1,NULL,1,NULL,0,NULL,1,NULL,1,NULL,0,NULL,1,NULL,0,NULL,0,NULL,0,NULL),
  (4,2015,NULL,NULL,NULL,NULL,NULL,NULL,NULL,'<p style=\"text-align: justify;\">Desde 2006, ap&oacute;s a atualiza&ccedil;&atilde;o anual do Plano de Gest&atilde;o, a implementa&ccedil;&atilde;o das decis&otilde;es tomadas ocorre principalmente por meio da execu&ccedil;&atilde;o das ordens emanadas pela Cmt da Organização. O SCmt coordena e fiscaliza a implementa&ccedil;&atilde;o das decis&otilde;es no n&iacute;vel Estado-Maior Geral e Especial, enquanto os Chefes de Se&ccedil;&atilde;o e Comandantes de Subunidades coordenam e fiscalizam a execu&ccedil;&atilde;o das decis&otilde;es nos respectivos n&iacute;veis de atua&ccedil;&atilde;o e dentro de suas esferas de compet&ecirc;ncias.<br />&nbsp;&nbsp; O Gerenciador de Projetos GP WEB &eacute; a ferramenta amplamente utilizada na fase de implementa&ccedil;&atilde;o das decis&otilde;es.<br />&nbsp; A implementa&ccedil;&atilde;o ocorre, tamb&eacute;m, pela adequa&ccedil;&atilde;o e atualiza&ccedil;&atilde;o (melhoria) dos Procedimentos Operacionais Padr&atilde;o-POP, atualiza&ccedil;&atilde;o dos processos e confec&ccedil;&atilde;o de projetos.</p>',1,NULL,1,NULL,1,NULL,1,NULL,0,NULL,1,NULL,1,NULL,1,NULL,1,NULL,0,NULL,0,NULL,0,NULL),
  (6,2015,NULL,NULL,NULL,NULL,NULL,NULL,NULL,'<p style=\"text-align: justify;\">Desde sua cria&ccedil;&atilde;o (1976), todos os resultados organizacionais geram um relat&oacute;rio, que &eacute; enviado ao Escal&atilde;o Superior.<br />&nbsp; Cada se&ccedil;&atilde;o do EM possui um calend&aacute;rio de envio de documentos, atrav&eacute;s dos quais o Escal&atilde;o Superior toma conhecimento dos resultados organizacionais da Organização, como relat&oacute;rio de instru&ccedil;&atilde;o e de disponibilidade de material.<br />&nbsp;&nbsp; A IIQ da Organização, ao seu final, sofre uma inspe&ccedil;&atilde;o de comando, planejada pelo S/3 e realizada pelas SU. O relat&oacute;rio da inspe&ccedil;&atilde;o &eacute; encaminhado ao Escal&atilde;o Superior.<br />&nbsp;&nbsp; A Organização tamb&eacute;m presta contas de seus atos e resultados alcan&ccedil;ados, por interm&eacute;dio de exposi&ccedil;&otilde;es do Cmt, durante as inspe&ccedil;&otilde;es de comando do Comando Militar do Sul.<br />&nbsp;&nbsp; Anualmente ap&oacute;s a analise dos relat&oacute;rios apresentados, o Escal&atilde;o Superior divulga suas diretrizes e orienta&ccedil;&otilde;es, assim s&atilde;o realizadas adequa&ccedil;&otilde;es e melhorias na execu&ccedil;&atilde;o das miss&otilde;es pela Organização.</p>',1,NULL,0,NULL,1,NULL,1,NULL,0,NULL,1,NULL,1,NULL,1,NULL,1,NULL,0,NULL,0,NULL,1,NULL),
  (7,2015,NULL,NULL,NULL,NULL,NULL,NULL,NULL,'<p style=\"text-align: justify;\">Os Princ&iacute;pios, Valores e Cren&ccedil;as (PVC) da Organização s&atilde;o estabelecidos com base nos PVC do Escal&atilde;o Superior e do Ex&eacute;rcito Brasileiro e de acordo com a natureza espec&iacute;fica da tropa de Comunica&ccedil;&otilde;es. Os PVC relacionados a seguir constam do Plano de Gest&atilde;o da Organização .</p><ol><li style=\"text-align:justify;\"><strong>Patriotismo:</strong>amar a P&aacute;tria, a Hist&oacute;ria do Pa&iacute;s, S&iacute;mbolos, Tradi&ccedil;&otilde;es e Na&ccedil;&atilde;o - sublimando a determina&ccedil;&atilde;o de defender seus interesses vitais com o sacrif&iacute;cio da pr&oacute;pria vida.</li><li style=\"text-align:justify;\"><strong>Dever:</strong>cumprir a legisla&ccedil;&atilde;o e a regulamenta&ccedil;&atilde;o a que estiver submetido, com autoridade, determina&ccedil;&atilde;o, dignidade e dedica&ccedil;&atilde;o al&eacute;m do dever, assumindo a responsabilidade pelas decis&otilde;es que tomar.</li><li style=\"text-align:justify;\"><strong>Lealdade:</strong>cultuar a verdade, sinceridade e sadia camaradagem, mantendo-se fiel aos compromissos assumidos.</li><li style=\"text-align:justify;\"><strong>Probidade:</strong>pautar a vida, como soldado e cidad&atilde;o, pela honradez, honestidade e pelo senso de justi&ccedil;a.</li><li style=\"text-align:justify;\"><strong>Coragem</strong>: ter a capacidade de decidir e a iniciativa de implementar a decis&atilde;o, mesmo com o risco de vida ou de interesses pessoais, no intuito de cumprir o dever, assumindo a responsabilidade por sua atitude.</li><li style=\"text-align:justify;\"><strong>Iniciativa:</strong>capacidade para agir, de forma adequada e oportuna, sem depender de ordem ou decis&atilde;o superior.</li><li style=\"text-align:justify;\"><strong>Comprometimento:</strong>com os valores do Estado, da Sociedade e do Ex&eacute;rcito.</li><li style=\"text-align:justify;\"><strong>Lideran&ccedil;a:</strong>capacidade de conduzir seus subordinados pelo exemplo a cumprir miss&otilde;es, em todos os n&iacute;veis de comando e chefia, com efici&ecirc;ncia, motiva&ccedil;&atilde;o e responsabilidade.</li><li style=\"text-align:justify;\"><strong>Objetividade:</strong>ter a capacidade de planejar, coordenar e controlar de maneira clara, objetiva e pr&oacute;-ativa.</li><li style=\"text-align:justify;\"><strong>Legalidade:</strong>obedecer estritamente a lei, pois nenhum resultado poder&aacute; ser considerado bom e nenhuma gest&atilde;o reconhecida como de excel&ecirc;ncia &agrave; revelia da lei</li><li style=\"text-align:justify;\"><strong>Moralidade:</strong>pautar a gest&atilde;o p&uacute;blica por uma conduta moralizada.</li><li style=\"text-align:justify;\"><strong>Efici&ecirc;ncia:</strong>fazer o que precisa ser feito com o m&aacute;ximo de qualidade ao menor custo e tempo poss&iacute;vel.</li><li style=\"text-align:justify;\"><strong>Solidariedade:</strong>rela&ccedil;&atilde;o de responsabilidade entre pessoas unidas por interesses comuns, de maneira que cada elemento do grupo se sinta na obriga&ccedil;&atilde;o moral de apoiar o (s) outro (s).</li><li style=\"text-align:justify;\"><strong>Respeito:</strong>ato ou efeito de respeitar, tratar com defer&ecirc;ncia, considera&ccedil;&atilde;o, apre&ccedil;o e import&acirc;ncia.</li><li style=\"text-align:justify;\"><strong>Confian&ccedil;a:</strong>gozar de bom conceito e cr&eacute;dito, convic&ccedil;&atilde;o do pr&oacute;prio valor e firmeza de &acirc;nimo.</li><li style=\"text-align:justify;\"><strong>Responsabilidade:</strong>cumprir, com corre&ccedil;&atilde;o, ordens, obriga&ccedil;&otilde;es e compromissos, e assumir as conseq&uuml;&ecirc;ncias de seus atos, mesmo que isso lhe cause preju&iacute;zos.</li><li style=\"text-align:justify;\"><strong>Disciplina Consciente:</strong>obriga&ccedil;&atilde;o de fazer ou deixar de fazer alguma coisa, imposta por lei, pela moral, pelos usos e costumes ou pela pr&oacute;pria consci&ecirc;ncia..</li></ol>',1,NULL,1,NULL,1,NULL,1,NULL,0,NULL,1,NULL,0,NULL,1,NULL,1,NULL,0,NULL,0,NULL,0,NULL),
  (8,2015,NULL,NULL,NULL,NULL,NULL,NULL,NULL,'<p style=\"text-align: justify;\">Desde 2006 anualmente, na reuni&atilde;o que trata do Plano de Gest&atilde;o,onde participa o Comandante da Organização, EM e comandantes de Subunidades, s&atilde;o analisados, tamb&eacute;m, os Princ&iacute;pios, Valores e Cren&ccedil;as.<br />&nbsp;&nbsp; Para efeito de retifica&ccedil;&atilde;o/ratifica&ccedil;&atilde;o dos PVC, s&atilde;o levados em considera&ccedil;&atilde;o as Diretrizes do Escal&atilde;o Superior, as Diretrizes do Dirertor da Organização, a atividades espec&iacute;ficas de Comunica&ccedil;&otilde;es e as observa&ccedil;&otilde;es colhidas pelo Dirertor e EM da Organização, relativas aos Pontos Fortes e as Defici&ecirc;ncias da Organização no cumprimento das diversas miss&otilde;es.</p>',1,NULL,1,NULL,1,NULL,1,NULL,0,NULL,1,NULL,1,NULL,1,NULL,1,NULL,0,NULL,0,NULL,0,NULL),
  (9,2015,NULL,NULL,NULL,NULL,NULL,NULL,NULL,'<p style=\"text-align: justify;\">Desde de 2006 os Princ&iacute;pios da Administra&ccedil;&atilde;o P&uacute;blica, entendidos como sendo Legalidade, Moralidade, Impessoalidade, Publicidade e Efici&ecirc;ncia, se confundem com os Valores Militares, Institucionais e Organizacionais, amplamente cultuados pelos integrantes do Ex&eacute;rcito Brasileiro.<br />&nbsp;&nbsp; Na Organização a dissemina&ccedil;&atilde;o dos valores e das diretrizes da Administra&ccedil;&atilde;o P&uacute;blica &eacute; feita por meio de instru&ccedil;&otilde;es tanto para os quadros de carreira como para o efetivo tempor&aacute;rio, reuni&otilde;es, formaturas e documentos nos quais s&atilde;o ressaltados aspectos relativos &agrave; legalidade, impessoalidade, moralidade e publicidade. A efici&ecirc;ncia e efic&aacute;cia s&atilde;o uma busca constante em todas as atividades realizadas pela Organização.<br />&nbsp;&nbsp; Os valores e diretrizes da administra&ccedil;&atilde;o p&uacute;blica s&atilde;o internalizados atrav&eacute;s do cumprimento das diretrizes e observ&acirc;ncia dos valores nas atividades di&aacute;rias, e pela a&ccedil;&atilde;o de comando fiscalizadora do EM sobre os respons&aacute;veis pela execu&ccedil;&atilde;o das tarefas.<br />&nbsp;&nbsp; Anualmente, desde 2007, a Organização realiza o Simp&oacute;sio de Administra&ccedil;&atilde;o para o efetivo profissional, no qual s&atilde;o enfatizados os Princ&iacute;pios da Administra&ccedil;&atilde;o P&uacute;blica. O fiel cumprimento das Leis e Regulamentos exemplifica a utiliza&ccedil;&atilde;o desses princ&iacute;pios no dia-a-dia dos integrantes da Unidade.</p>',1,NULL,1,NULL,1,NULL,1,NULL,0,NULL,1,NULL,1,NULL,0,NULL,0,NULL,0,NULL,0,NULL,0,NULL),
  (10,2015,NULL,NULL,NULL,NULL,NULL,NULL,NULL,'<p style=\"text-align: justify;\">O Comando do Batalh&atilde;o tem sido enf&aacute;tico, nas reuni&otilde;es de Comando do CMS realizadas semanalmente, fazendo gest&otilde;es junto ao Escal&atilde;o Superior e Escal&atilde;o de Apoio na busca de descentraliza&ccedil;&atilde;o / suplementa&ccedil;&atilde;o de Recursos, recompletamento do quadro de pessoal e material.<br />&nbsp;&nbsp; Desde sua cria&ccedil;&atilde;o (1976), na Organização, sempre que existe a oportunidade, o Cmt e/ou EM buscam novas oportunidades, realizando o contato formal, ou n&atilde;o, com militares de outras Organização, com servidores ou &oacute;rg&atilde;os p&uacute;blicos externos ao Ex&eacute;rcito Brasileiro, assim como contatos com &oacute;rg&atilde;os privados, que possam oferecer experi&ecirc;ncias, meios ou recursos que se prestem ao aperfei&ccedil;oamento do pessoal e &agrave; execu&ccedil;&atilde;o das atividades da Organização,&nbsp; sempre visando o melhor cumprimento das miss&otilde;es.<br />&nbsp;&nbsp; Nos &uacute;ltimos dois anos, a Organização apresentou ao Escal&atilde;o Superior projetos para reativa&ccedil;&atilde;o e revitaliza&ccedil;&atilde;o, respectivamente, do Sistema de Comunica&ccedil;&otilde;es por Sat&eacute;lite e do Sistema de Comunica&ccedil;&otilde;es de &Aacute;rea, fundamentais para viabilizar o cumprimento da miss&atilde;o da Organização.</p>',1,NULL,0,NULL,0,NULL,1,NULL,0,NULL,1,NULL,1,NULL,1,NULL,1,NULL,0,NULL,0,NULL,0,NULL),
  (11,2015,NULL,NULL,NULL,NULL,NULL,NULL,NULL,'<p style=\"text-align:justify;\">Desde sua cria&ccedil;&atilde;o, em 1976, a a&ccedil;&atilde;o fiscalizadora &eacute; exercida a partir do Comandante e ocorre em todos os n&iacute;veis de comando.<br />Permite o acompanhamento e verifica&ccedil;&atilde;o da aplica&ccedil;&atilde;o dos valores, pela conduta &eacute;tica apresentada pelos integrantes do Batalh&atilde;o, tanto profissional quanto pessoal, e pela puni&ccedil;&atilde;o nos desvios de conduta, independente de posto ou gradua&ccedil;&atilde;o do militar.<br />A verifica&ccedil;&atilde;o ocorre tamb&eacute;m, diariamente, nas atividades de preparo, emprego e de apoio, buscando desenvolver em cada militar uma conduta moral e eticamente correta e ao comprometimento de cada militar com a sua miss&atilde;o, com o Batalh&atilde;o e com o Ex&eacute;rcito.</p>',1,NULL,1,NULL,1,NULL,1,NULL,0,NULL,1,NULL,1,NULL,1,NULL,0,NULL,0,NULL,0,NULL,0,NULL),
  (12,2015,NULL,NULL,NULL,NULL,NULL,NULL,NULL,'<p style=\"text-align: justify;\">Os principais padr&otilde;es de trabalho, que orientam as atividades internas e externas s&atilde;o estabelecidos pelas diretrizes do Escal&atilde;o Superior e pelas NGA e pela diretriz do Cmt da Organização, fixadas desde a assun&ccedil;&atilde;o do comando; pelos regulamentos e normas militares; pelo plano de gest&atilde;o da Organização e atrav&eacute;s de ordens espec&iacute;ficas, de acordo com a necessidade, que s&atilde;o publicadas em Boletim Interno. As rotinas s&atilde;o consolidadas nos Procedimentos Operacionais Padr&atilde;o (POP). Os padr&otilde;es de trabalho seguem os crit&eacute;rios necess&aacute;rios para se obter a efici&ecirc;ncia e a efic&aacute;cia dos processos e s&atilde;o de responsabilidade do Cmt da Organização e do EM.</p>',1,NULL,1,NULL,1,NULL,1,NULL,0,NULL,1,NULL,1,NULL,1,NULL,0,NULL,0,NULL,0,NULL,0,NULL),
  (13,2015,NULL,NULL,NULL,NULL,NULL,NULL,NULL,'<p style=\"text-align: justify;\">O cumprimento dos padr&otilde;es de trabalho e regras de funcionamento das atividades da Organização &eacute; verificado atrav&eacute;s de inspe&ccedil;&otilde;es programadas e inopinadas, realizadas por todos os comandantes e em todos os n&iacute;veis,&nbsp; e ainda&nbsp; pela rotina di&aacute;ria da caserna,&nbsp; di&aacute;logos e reuni&otilde;es entre os oficiais e pra&ccedil;as da Organização.</p>',1,NULL,1,NULL,1,NULL,0,NULL,0,NULL,1,NULL,1,NULL,0,NULL,0,NULL,0,NULL,0,NULL,0,NULL),
  (14,2015,NULL,NULL,NULL,NULL,NULL,NULL,NULL,'<p style=\"text-align: justify;\">Desde 2006, os principais ID utilizados s&atilde;o:<br />&nbsp;&nbsp; - &Iacute;ndice de sufici&ecirc;ncia no Teste de Aptid&atilde;o F&iacute;sica - TAF, do Efetivo Profisasional<br />&nbsp;&nbsp; - &Iacute;ndice de sufici&ecirc;ncia no Teste de Aptid&atilde;o F&iacute;sica - TAF, do Efetivo Vari&aacute;vel<br />&nbsp;&nbsp; - Pontua&ccedil;&atilde;o obtida no Sistema de Avalia&ccedil;&atilde;o do COTer - SISTAVOP<br />&nbsp;&nbsp; - &Iacute;ndice de satisfa&ccedil;&atilde;o no fornecimento de material<br />&nbsp;&nbsp; - &Iacute;ndice de implementa&ccedil;&atilde;o dos Planos de A&ccedil;&atilde;o do Plano de Gest&atilde;o (desde 2006)<br />&nbsp;&nbsp; - Resultados da Campanha do Agasalho<br />&nbsp;&nbsp; - Resultados da Campanha do Quilo<br />&nbsp;&nbsp; - Consumo mensal de &aacute;gua<br />&nbsp;&nbsp; - Consumo mensal de energia el&eacute;trica<br />&nbsp;&nbsp; - Gasto mensal com conta telef&ocirc;nica<br />&nbsp;&nbsp; - Percentual de processos mapeados<br />&nbsp;&nbsp; - Nr de processos licitat&oacute;rios realizados<br />&nbsp;&nbsp; - Consumo de &oacute;leo diesel em litros<br />&nbsp;&nbsp; - Consumo de Gasolina em litros<br />&nbsp;&nbsp; - Disponibilidade de muni&ccedil;&atilde;o<br />&nbsp;&nbsp; - Disponibilidade de Armamento<br />&nbsp;&nbsp; - Disponibilidade de Viaturas<br />&nbsp;&nbsp; - Percentual de sufici&ecirc;ncia no TAT do EP<br />&nbsp;&nbsp; - &Iacute;ndice de satisfa&ccedil;&atilde;o no atendimento m&eacute;dico<br />&nbsp;&nbsp; - &Iacute;ndice de satisfa&ccedil;&atilde;o no atendimento odontol&oacute;gico<br />&nbsp;&nbsp; - Nr de acidentes em servi&ccedil;o<br />&nbsp;&nbsp; - &Iacute;ndice de satisfa&ccedil;&atilde;o na qualidade das refei&ccedil;&otilde;es<br />&nbsp;&nbsp; - Percentual de militares que recebem o aux&iacute;lio-transporte<br />&nbsp;&nbsp; - Percentual de militares que conclu&iacute;ram o CFC com aproveitamento<br />&nbsp;&nbsp; - Percentual de militares capacitados no CFSD<br />&nbsp;&nbsp; - Nr de militares formados em cursos e est&aacute;gios ministrados pelo Organização<br />&nbsp;&nbsp; - &Iacute;ndice da Certifica&ccedil;&atilde;o Log&iacute;stica</p>',1,NULL,1,NULL,1,NULL,1,NULL,0,NULL,1,NULL,1,NULL,1,NULL,1,NULL,0,NULL,0,NULL,1,NULL),
  (15,2015,NULL,NULL,NULL,NULL,NULL,NULL,NULL,'<p style=\"text-align: justify;\">Desde sua cria&ccedil;&atilde;o (1976), de acordo com as demandas do Batalh&atilde;o, o Comando (Cmt e Estado-Maior), t&ecirc;m buscado novas oportunidades pelo contato formal ou n&atilde;o, com militares de outras Organização, com servidores ou &oacute;rg&atilde;os p&uacute;blicos externos ao Ex&eacute;rcito Brasileiro, nas reuni&otilde;es ou solenidades semanais e mensais.<br />&nbsp;&nbsp; A parceria e forma&ccedil;&atilde;o de for&ccedil;as-tarefas com outros &oacute;rg&atilde;os, devidamente autorizadas e em conson&acirc;ncia com as diretrizes do Escal&atilde;o Superior,&nbsp; tem mostrado uma maior efici&ecirc;ncia e alcance na execu&ccedil;&atilde;o de projetos.<br />&nbsp;&nbsp;</p>',1,NULL,0,NULL,1,NULL,1,NULL,0,NULL,1,NULL,1,NULL,1,NULL,1,NULL,0,NULL,0,NULL,0,NULL),
  (16,2015,NULL,NULL,NULL,NULL,NULL,NULL,NULL,'<p style=\"text-align: justify;\">Desde 2006, a dissemina&ccedil;&atilde;o dos valores ocorre, entre outras maneiras, atrav&eacute;s das instru&ccedil;&otilde;es abaixo:<br />&nbsp;&nbsp; - Tempos de Instru&ccedil;&atilde;o destinados aos Atributos da &Aacute;rea Afetiva (para o Efetivo Vari&aacute;vel);<br />&nbsp;&nbsp; - Instru&ccedil;&otilde;es de Quadros para Oficiais e Sargentos.</p><p style=\"text-align: justify;\">Esses Princ&iacute;pios, Valores e Cren&ccedil;as - PVC do Batalh&atilde;o est&atilde;o descritos no Plano de Gest&atilde;o e est&atilde;o alinhados aos PVC do Escal&atilde;o Superior e do Ex&eacute;rcito Brasileiro.</p>',1,NULL,1,NULL,1,NULL,1,NULL,0,NULL,1,NULL,1,NULL,1,NULL,1,NULL,0,NULL,0,NULL,0,NULL),
  (17,2015,NULL,NULL,NULL,NULL,NULL,NULL,NULL,'<p style=\"text-align: justify;\">Desde sua cria&ccedil;&atilde;o, em 1976, os valores da Organização s&atilde;o utilizados pelos integrantes da Organização em todas as atividades de servi&ccedil;o, pois se confundem com os valores morais e com o perfil do militar.<br />&nbsp;&nbsp; Diariamente, principalmente em atividades coletivas, os valores da Organização s&atilde;o exaltados pelos comandantes nos diversos n&iacute;veis.</p>',1,NULL,0,NULL,1,NULL,1,NULL,0,NULL,1,NULL,1,NULL,1,NULL,1,NULL,0,NULL,0,NULL,0,NULL),
  (18,2015,NULL,NULL,NULL,NULL,NULL,NULL,NULL,'<p style=\"text-align: justify;\">Desde sua cria&ccedil;&atilde;o (1976), o Comando da Organização verifica o conhecimento dos valores pelos integrantes da Organização, diretamente, atrav&eacute;s:<br />&nbsp;&nbsp; - Nos exerc&iacute;cios de campanha, pela observa&ccedil;&atilde;o direta da tropa empenhada.<br />&nbsp;&nbsp; - No trato di&aacute;rio com seus superiores, pela observa&ccedil;&atilde;o direta nas reuni&otilde;es e nos despachos com o comandante da Organização.<br />&nbsp;&nbsp; - Nas avalia&ccedil;&otilde;es semestrais dos ST/Sgt, pelos resultados da &aacute;rea afetiva.<br />&nbsp; - Nas visitas e inspe&ccedil;&otilde;es de comando &agrave;s SU e Se&ccedil;&otilde;es, que s&atilde;o realizadas mensalmente, pelas conversas com os&nbsp; auxiliares (ST/Sgt).<br />&nbsp;&nbsp; - No TFM, formaturas, solenidades e reuni&otilde;es sociais pela observa&ccedil;&atilde;o direta.<br />&nbsp;&nbsp; - Nas instru&ccedil;&otilde;es de Atributos da &Aacute;rea Afetiva na IIB e na CTTEP, verificando o atingimento dos objetivos da instru&ccedil;&atilde;o.<br />&nbsp;&nbsp; Essas a&ccedil;&otilde;es v&ecirc;m sendo executadas h&aacute; mais de tr&ecirc;s anos.</p>',1,NULL,1,NULL,1,NULL,1,NULL,0,NULL,1,NULL,1,NULL,1,NULL,1,NULL,0,NULL,0,NULL,0,NULL),
  (19,2015,NULL,NULL,NULL,NULL,NULL,NULL,NULL,'<p style=\"text-align: justify;\">Desde sua cria&ccedil;&atilde;o (1976), o Dirertor do Batalh&atilde;o analisa diariamente seu desempenho de acordo com o cumprimento dos prazos e rotinas de trabalho, de acordo com as OI e OSv e com as respectivas APA e relat&oacute;rios, quando participa de um exercicio, seja interno ou externo, sendo poss&iacute;vel identificar oportunidades de melhorias e definir medidas corretivas a serem implementadas.<br />&nbsp;&nbsp; Utilizando-se o Gerenciador de Projetos GP WEB, s&atilde;o controlados os Indicadores de Desempenho preconizados pelo Sistema de Excel&ecirc;ncia Gerencial, que servem de par&acirc;metro para an&aacute;lise.<br />&nbsp;&nbsp; O Comando da Organização efetua sistematicamente inspe&ccedil;&otilde;es para verificar o andamento dos processos dos diferentes setores, como inspe&ccedil;&otilde;es na instru&ccedil;&atilde;o, nos acampamentos, em exerc&iacute;cios operacionais, inspe&ccedil;&otilde;es agendadas em todas as classes de material, incluindo a verifica&ccedil;&atilde;o de seus processos.<br />&nbsp;&nbsp; Na sistem&aacute;tica de an&aacute;lise insere-se a verifica&ccedil;&atilde;o, por parte do Cmt, do cumprimento de prazos e a qualidade dos documentos produzidos pelas se&ccedil;&otilde;es do EM Geral e Especial.</p>',1,NULL,1,NULL,1,NULL,1,NULL,0,NULL,1,NULL,1,NULL,1,NULL,0,NULL,0,NULL,0,NULL,1,NULL),
  (20,2015,NULL,NULL,NULL,NULL,NULL,NULL,NULL,'<p style=\"text-align: justify;\">Desde 2006, o Batalh&atilde;o vem introduzindo gradualmente em suas instru&ccedil;&otilde;es e em seus cursos e est&aacute;gios, os conceitos relacionados ao Sistema de Excel&ecirc;ncia do Ex&eacute;rcito Brasileiro, procurando desenvolver no seu p&uacute;blico interno a vis&atilde;o sist&ecirc;mica, a abordagem por processos, a internaliza&ccedil;&atilde;o do conhecimento organizacional, a medi&ccedil;&atilde;o do desempenho organizacional, a sistem&aacute;tica de trabalho e o foco no cliente e nos resultados.</p><p style=\"text-align: justify;\">A CTTEP e o Comando da Organização contemplam os planos relacionados &agrave; cultura da Excel&ecirc;ncia, definidos pelo Sistema de Excel&ecirc;ncia - Ex&eacute;rcito Brasileiro SE-EB, com a realiza&ccedil;&atilde;o de treinamentos anuais de forma presencial ou EAD, por meio de ambiente virtual e distribui&ccedil;&atilde;o de Manuais T&eacute;cnicos, denominados Instru&ccedil;&otilde;es Provis&oacute;rias (IP) e CD ROM auto-execut&aacute;veis, a seus integrantes, abrangendo os temas como: PEO, SMDO, AMP, MEG e PMC.</p><p style=\"text-align: justify;\">Indiretamente, todos os militares s&atilde;o alcan&ccedil;ados, pois os conhecimentos adquiridos pelos militares que realizam os cursos s&atilde;o internalizados e incorporados &agrave;s rotinas de trabalho atrav&eacute;s de instru&ccedil;&otilde;es mensais de dissemina&ccedil;&atilde;o desses conhecimentos adquiridos.</p><p style=\"text-align: justify;\">Nos &uacute;ltimos tr&ecirc;s anos integrantes da Organização s&atilde;o designados para participarem de cursos presenciais em &oacute;rg&atilde;o de Gest&atilde;o Estadual e Federal (PGQP e GESPUBLICA).</p>',1,NULL,1,NULL,1,NULL,0,NULL,0,NULL,1,NULL,1,NULL,1,NULL,0,NULL,0,NULL,0,NULL,1,NULL),
  (21,2015,NULL,NULL,NULL,NULL,NULL,NULL,NULL,'<p style=\"text-align: justify;\">Os comandantes de fra&ccedil;&atilde;o, em todos os n&iacute;veis s&atilde;o orientados a estimular os seus subordinados a buscar o aperfei&ccedil;oamento, seja referente aos cursos e est&aacute;gios no Ex&eacute;rcito ou na busca de oportunidades em outras institui&ccedil;&otilde;es, seja para a conclus&atilde;o dos cursos regulares do ensino fundamental, m&eacute;dio ou superior.</p><p style=\"text-align: justify;\">Os principais m&eacute;todos utilizados para implementar o aprendizado s&atilde;o as instru&ccedil;&otilde;es de quadros, as An&aacute;lises P&oacute;s-A&ccedil;&atilde;o, os cursos e os est&aacute;gios realizados na pr&oacute;pria Organização ou em Unidades militares da Guarni&ccedil;&atilde;o ou, ainda, em institui&ccedil;&otilde;es civis. O militar capacitado nos cursos ou est&aacute;gios atua como um multiplicador do conhecimento dentro da Organização.</p><p style=\"text-align: justify;\">Pode-se citar como melhorias implementadas a reforma da cozinha e no refeit&oacute;rio de cabos e soldados, a reforma da c&acirc;mara fria, a reforma do alojamento e banheiro das companhias,a reforma do Galp&atilde;o Crioulo (ambiente de confraterniza&ccedil;&atilde;o), computadores mais modernos para todas as se&ccedil;&otilde;es, estrutura&ccedil;&atilde;o e cabeamento de toda a rede de internet, melhoria da disponibilidade das Vtr operacionais e administrativas do Batalh&atilde;o (mantendo-se acima dos 80%).</p>',1,NULL,1,NULL,1,NULL,1,NULL,0,NULL,1,NULL,1,NULL,1,NULL,1,NULL,0,NULL,0,NULL,0,NULL),
  (22,2015,NULL,NULL,NULL,NULL,NULL,NULL,NULL,'<p style=\"text-align: justify;\">O Batalh&atilde;o analisa seu desempenho de acordo com o cumprimento dos prazos e rotinas de trabalho, de acordo com as OI e OSv e com as respectivas APA e relat&oacute;rios &eacute; poss&iacute;vel identificar oportunidades de melhorias e definir medidas corretivas a serem implementadas.</p>',1,NULL,1,NULL,1,NULL,0,NULL,0,NULL,1,NULL,1,NULL,1,NULL,1,NULL,0,NULL,0,NULL,1,NULL),
  (23,2015,NULL,NULL,NULL,NULL,NULL,NULL,NULL,'<p style=\"text-align: justify;\">Desde 2006, por meio da auto-avalia&ccedil;&atilde;o e respectiva valida&ccedil;&atilde;o, bem como por meio do acompanhamento dos ID contidos no Plano de Gest&atilde;o.<br />&nbsp;&nbsp; De posse da an&aacute;lise feita utilizando o ciclo PDCA, o comando da Organização disp&otilde;e de dados para verificar o desempenho das Se&ccedil;&otilde;es e Subunidades, para melhor distribuir suas miss&otilde;es e realizar as corre&ccedil;&otilde;es necess&aacute;rias para melhorar o desempenho.<br />&nbsp;&nbsp; Os Indicadores de Desempenho permitem avaliar quantitativa e qualitativamente a operacionalidade da Organização, ajudando na tomada de medidas corretivas para melhorar o desempenho de cada Objetivo.<br />&nbsp;&nbsp; Tamb&eacute;m por observa&ccedil;&otilde;es do escal&atilde;o superior e das autoridades visitantes, por meio das respectivas pesquisas, implementadas no &uacute;ltimo ciclo.<br />&nbsp;&nbsp; A pontua&ccedil;&atilde;o anual obtida pela Organização no SISPEGWEB tamb&eacute;m est&aacute; sendo considerada na an&aacute;lise do desempenho.</p>',1,NULL,1,NULL,1,NULL,1,NULL,0,NULL,1,NULL,1,NULL,1,NULL,0,NULL,0,NULL,0,NULL,0,NULL),
  (24,2015,NULL,NULL,NULL,NULL,NULL,NULL,NULL,'<p style=\"text-align: justify;\">Desde 2006, a necessidade de informa&ccedil;&otilde;es comparativas &eacute; identificada pelo Dirertor e EM da Organização na reuni&atilde;o que trata da defini&ccedil;&atilde;o das estrat&eacute;gias e metas do Plano de Gest&atilde;o e nas atividades di&aacute;rias como par&acirc;metro para defini&ccedil;&atilde;o de metas e medi&ccedil;&atilde;o de desempenho.</p><p style=\"text-align: justify;\">Al&eacute;m disso, as avalia&ccedil;&otilde;es realizadas na Organização (TAF, TAT) durante o ano de instru&ccedil;&atilde;o, s&atilde;o comparadas com as metas do escal&atilde;o superior (Diretriz de Instru&ccedil;&atilde;o do COTER e do Comando Militar do Sul).</p>',1,NULL,0,NULL,0,NULL,1,NULL,0,NULL,1,NULL,1,NULL,1,NULL,0,NULL,0,NULL,0,NULL,0,NULL),
  (25,2015,NULL,NULL,NULL,NULL,NULL,NULL,NULL,'<p style=\"text-align: justify;\">\n&nbsp;&nbsp; Por meio de reuni&otilde;es, o comando e o EM analisa os Objetivos Estrat&eacute;gicos definidos de acordo com a conjuntura atual, buscando atualiz&aacute;-los de acordo com as necessidades. As estrat&eacute;gias s&atilde;o avaliadas de acordo com a sua efici&ecirc;ncia e efic&aacute;cia, utilizando-se indicadores de desempenho qualitativos e quantitativos. Para cada Objetivo Estrat&eacute;gico Organizacional s&atilde;o estabelecidos Fatores Cr&iacute;ticos de Sucesso (FCS). Para cada estrat&eacute;gia s&atilde;o previstas metas de curto, m&eacute;dio e longo prazo. Para cada meta das estrat&eacute;gias s&atilde;o estabelecidos indicadores de desempenho e a elabora&ccedil;&atilde;o dos Planos de A&ccedil;&atilde;o (5W2H) visando alcan&ccedil;ar as metas estabelecidas.</p>\n<p style=\"text-align: justify;\">\n&nbsp;&nbsp; A execu&ccedil;&atilde;o dos Planos de A&ccedil;&atilde;o e seu acompanhamento por interm&eacute;dio de ID, permite a avalia&ccedil;&atilde;o de cada Objetivo Estrat&eacute;gico Organizacional e das estrat&eacute;gias estabelecidas para alcan&ccedil;&aacute;-los.</p>\n',1,NULL,1,NULL,1,NULL,1,NULL,0,NULL,1,NULL,1,NULL,1,NULL,1,NULL,0,NULL,0,NULL,0,NULL),
  (26,2015,NULL,NULL,NULL,NULL,NULL,NULL,NULL,'<p style=\"text-align: justify;\">Na reuni&atilde;o que trata do Plano de Gest&atilde;o, o comando e o EM analisa os Objetivos Organizacionais (OO) definidos de acordo com a conjuntura atual e as necessidades da Organização. O desempenho &eacute; verificado por meio dos Indicadores de Desempenho apresentados e &eacute; feita a an&aacute;lise sobre o alcance de cada OO em rela&ccedil;&atilde;o &agrave; Miss&atilde;o e a Vis&atilde;o de Futuro do Batalh&atilde;o.</p>',1,NULL,1,NULL,1,NULL,1,NULL,0,NULL,1,NULL,1,NULL,1,NULL,1,NULL,0,NULL,0,NULL,1,NULL),
  (27,2015,NULL,NULL,NULL,NULL,NULL,NULL,NULL,'<p style=\"text-align: justify;\">Desde de sua cria&ccedil;&atilde;o em 1976, as principais decis&otilde;es s&atilde;o comunicadas pessoalmente pelo Cmt atrav&eacute;s de reuni&otilde;es semanais com todos os oficiais, em reuni&otilde;es di&aacute;rias com seu EM Geral e Especial e Cmt SU, e aos integrantes da Organização em formaturas realizadas semanalmente, ou atrav&eacute;s de documentos expedidos, da seguinte forma:<br />&nbsp;&nbsp; 1) Comunica&ccedil;&atilde;o eletr&ocirc;nica on-line direta ao interessado, usando o Gerenciador de Mensagens e Projetos GP WEB, adotado desde 2008 como principal ferramenta de gerenciamento.<br />&nbsp;&nbsp; 2) publica&ccedil;&atilde;o em Boletim Interno e Boletim Administrativo da Organização, quando a decis&atilde;o &eacute; um assunto de car&aacute;ter geral para os militares da Organização;<br />&nbsp;&nbsp; 3) Boletim Reservado, para assuntos com classifica&ccedil;&atilde;o reservada ou sigilosa;<br />&nbsp;&nbsp; 4) Ordem de Servi&ccedil;o, quando a decis&atilde;o tomada gera um conjunto de procedimentos e emprego de pessoal e material em<br />miss&otilde;es diversas, que n&atilde;o estejam relacionadas diretamente com a atividade fim;<br />&nbsp;&nbsp; 5) Ordem de Instru&ccedil;&atilde;o, quando a decis&atilde;o tomada gera um conjunto de procedimentos com emprego de tropa em atividades operacionais de preparo e emprego;<br />&nbsp;&nbsp; 6) Diretrizes de Comando;<br />&nbsp;&nbsp; 7) Quadro de Trabalho Semanal - QTS ;<br />&nbsp;&nbsp; 8) partes, memorandos, of&iacute;cios,<br />&nbsp;&nbsp; 9) a utiliza&ccedil;&atilde;o da Intranet tem facilitado a comunica&ccedil;&atilde;o das principais decis&otilde;es, seja atrav&eacute;s de despacho de mensagens ou da aprova&ccedil;&atilde;o de documentos que re&uacute;nem ordens e procedimentos.</p>',1,NULL,1,NULL,1,NULL,1,NULL,0,NULL,1,NULL,1,NULL,1,NULL,1,NULL,0,NULL,0,NULL,0,NULL),
  (28,2015,NULL,NULL,NULL,NULL,NULL,NULL,NULL,'<p>O acompanhamento &eacute; feito atrav&eacute;s dos chefes de se&ccedil;&atilde;o, os quais possuem as seguintes responsabilidades:</p><p>S1 - assuntos relativos aos recursos humanos;</p><p>S2 - assuntos relativos &agrave; intelig&ecirc;ncia e contra-intelig&ecirc;ncia;</p><p>S3 - assuntos referentes ao preparo e ao emprego da tropa;</p><p>S4 - assuntos relativos &agrave; log&iacute;stica.</p><table border=\"0\" cellpadding=\"0\" cellspacing=\"0\"><tbody><tr><td style=\"width: 131px; height: 22px;\"><p style=\"text-align: center;\"><span style=\"font-size: 11px;\"><span style=\"font-family: arial,helvetica,sans-serif;\"><span style=\"line-height: 115%; font-style: normal;\"><span style=\"font-style: normal; font-variant: normal; font-weight: normal; line-height: normal; font-size-adjust: none; font-stretch: normal;\">&nbsp;&nbsp;&nbsp;&nbsp;&nbsp;&nbsp;&nbsp;&nbsp;&nbsp;&nbsp;&nbsp;&nbsp; </span></span><strong>Pr&aacute;ticas de Gest&atilde;o</strong></span></span></p></td><td style=\"width: 99px; height: 22px;\"><p style=\"text-align: center;\"><span style=\"font-size: 11px;\"><span style=\"font-family: arial,helvetica,sans-serif;\"><strong>Dissemina&ccedil;&atilde;o</strong></span></span></p></td><td style=\"width: 95px; height: 22px;\"><p style=\"text-align: center;\"><span style=\"font-size: 11px;\"><span style=\"font-family: arial,helvetica,sans-serif;\"><strong>Continuidade</strong></span></span></p></td><td style=\"width: 327px; height: 22px;\"><p style=\"text-align: center;\"><span style=\"font-size: 11px;\"><span style=\"font-family: arial,helvetica,sans-serif;\"><strong>Melhorias Implementadas</strong></span></span></p></td></tr><tr><td style=\"width: 131px; height: 27px;\"><p><span style=\"font-size: 11px;\"><span style=\"font-family: arial,helvetica,sans-serif;\">Dissemina&ccedil;&atilde;o dos valores e diretrizes da Adm P&uacute;blica</span></span></p></td><td style=\"width: 99px; height: 27px;\"><p><span style=\"font-size: 11px;\"><span style=\"font-family: arial,helvetica,sans-serif;\"><span style=\"line-height: 115%; font-weight: normal; font-style: normal;\"><span style=\"font-style: normal; font-variant: normal; font-weight: normal; line-height: normal; font-size-adjust: none; font-stretch: normal;\">&nbsp;</span></span>Toda a Organização</span></span></p></td><td style=\"width: 95px; height: 27px;\"><p><span style=\"font-size: 11px;\"><span style=\"font-family: arial,helvetica,sans-serif;\">Desde 1995</span></span></p></td><td style=\"width: 327px; height: 27px;\"><p><span style=\"font-size: 11px;\"><span style=\"font-family: arial,helvetica,sans-serif;\">Amplia&ccedil;&atilde;o dos meios de divulga&ccedil;&atilde;o</span></span></p></td></tr><tr><td style=\"width: 131px; height: 27px;\"><p><span style=\"font-size: 11px;\"><span style=\"font-family: arial,helvetica,sans-serif;\">Coer&ecirc;ncia do Projeto Institucional</span></span></p></td><td style=\"width: 99px; height: 27px;\"><p><span style=\"font-size: 11px;\"><span style=\"font-family: arial,helvetica,sans-serif;\">Toda a Organização</span></span></p></td><td style=\"width: 95px; height: 27px;\"><p><span style=\"font-size: 11px;\"><span style=\"font-family: arial,helvetica,sans-serif;\">Desde 1995</span></span></p></td><td style=\"width: 327px; height: 27px;\"><p><span style=\"font-size: 11px;\"><span style=\"font-family: arial,helvetica,sans-serif;\">Amplia&ccedil;&atilde;o dos documentos de comunica&ccedil;&atilde;o</span></span></p></td></tr><tr><td style=\"width: 131px; height: 27px;\"><p><span style=\"font-size: 11px;\"><span style=\"font-family: arial,helvetica,sans-serif;\">Valores e Diretrizes Organizacionais</span></span></p></td><td style=\"width: 99px; height:27px;\"><p><span style=\"font-size: 11px;\"><span style=\"font-family: arial,helvetica,sans-serif;\">Toda a Organização</span></span></p></td><td style=\"width: 95px; height: 27px;\"><p><span style=\"font-size: 11px;\"><span style=\"font-family: arial,helvetica,sans-serif;\">Desde 1995</span></span></p></td><td style=\"width: 327px; height: 27px;\"><p><span style=\"font-size: 11px;\"><span style=\"font-family: arial,helvetica,sans-serif;\"><span style=\"line-height: 115%; font-weight: normal; font-style: normal;\"><span style=\"font-style: normal; font-variant: normal; font-weight: normal; line-height: normal; font-size-adjust: none; font-stretch: normal;\">&nbsp;&nbsp;&nbsp;&nbsp;&nbsp;&nbsp;&nbsp;&nbsp;&nbsp;&nbsp;&nbsp;&nbsp; </span></span>Diretriz 2005</span></span></p></td></tr><tr><td style=\"width: 131px; height: 27px;\"><p><span style=\"font-size: 11px;\"><span style=\"font-family: arial,helvetica,sans-serif;\">Comprometimento com a Excel&ecirc;ncia</span></span></p></td><td style=\"width: 99px; height: 27px;\"><p><span style=\"font-size: 11px;\"><span style=\"font-family: arial,helvetica,sans-serif;\">Toda a Organização</span></span></p></td><td style=\"width: 95px; height: 27px;\"><p><span style=\"font-size: 11px;\"><span style=\"font-family: arial,helvetica,sans-serif;\">Desde 2003</span></span></p></td><td style=\"width: 327px; height: 27px;\"><p><span style=\"font-size: 11px;\"><span style=\"font-family: arial,helvetica,sans-serif;\">Ades&atilde;o ao PEG-EB</span></span></p><p><span style=\"font-size: 11px;\"><span style=\"font-family: arial,helvetica,sans-serif;\">Ades&atilde;o ao GESP&Uacute;BLICA</span></span></p></td></tr><tr><td style=\"width: 131px; height: 27px;\"><p><span style=\"font-size: 11px;\"><span style=\"font-family: arial,helvetica,sans-serif;\">Estabelecimento de Padr&otilde;es de Trabalho</span></span></p></td><td style=\"width: 99px; height: 27px;\"><p><span style=\"font-size: 11px;\"><span style=\"font-family: arial,helvetica,sans-serif;\">Toda a Organização</span></span></p></td><td style=\"width: 95px; height: 27px;\"><p><span style=\"font-size: 11px;\"><span style=\"font-family: arial,helvetica,sans-serif;\">Desde 1995</span></span></p></td><td style=\"width: 327px; height: 27px;\"><p><span style=\"font-size: 11px;\"><span style=\"font-family: arial,helvetica,sans-serif;\">Atualiza&ccedil;&atilde;o de procedimentos com base nas li&ccedil;&otilde;es apreendidas</span></span></p></td></tr><tr><td style=\"width: 131px; height: 31px;\"><p><span style=\"font-size: 11px;\"><span style=\"font-family: arial,helvetica,sans-serif;\">Avalia&ccedil;&atilde;o de Pr&aacute;ticas de Gest&atilde;o</span></span></p></td><td style=\"width: 99px; height: 31px;\"><p><span style=\"font-size: 11px;\"><span style=\"font-family: arial,helvetica,sans-serif;\">Toda a Organização</span></span></p></td><td style=\"width: 95px; height: 31px;\"><p><span style=\"font-size: 11px;\"><span style=\"font-family: arial,helvetica,sans-serif;\">Desde 2003</span></span></p></td><td style=\"width: 327px; height: 31px;\"><p><span style=\"font-size: 11px;\"><span style=\"font-family: arial,helvetica,sans-serif;\">Implementa&ccedil;&atilde;o dos ciclos de Autoavalia&ccedil;&atilde;o</span></span></p></td></tr></tbody></table><p>&nbsp;</p>',1,NULL,1,NULL,1,NULL,0,NULL,0,NULL,1,NULL,1,NULL,1,NULL,1,NULL,0,NULL,0,NULL,1,NULL),
  (29,2015,NULL,NULL,NULL,NULL,NULL,NULL,NULL,'<p style=\"text-align: justify;\">Desde que o SE-EB foi implantado, na defini&ccedil;&atilde;o da miss&atilde;o do Batalh&atilde;o, foram observadas as miss&otilde;es impostas desde sua cria&ccedil;&atilde;o e as Diretrizes do Escal&atilde;o Superior e do Ex&eacute;rcito, al&eacute;m do que prescrevem os regulamentos e normas do Ex&eacute;rcito Brasileiro, norteados tamb&eacute;m pelas peculiaridades das Comunica&ccedil;&otilde;es.</p>',1,NULL,0,NULL,1,NULL,1,NULL,0,NULL,1,NULL,1,NULL,0,NULL,0,NULL,0,NULL,0,NULL,0,NULL),
  (30,2015,NULL,NULL,NULL,NULL,NULL,NULL,NULL,'<p style=\"text-align:justify;\">&nbsp;&nbsp;&nbsp; A Organização garante o entendimento de sua miss&atilde;o por todos pela constante cobran&ccedil;a da leitura das NGA e do Plano de Gest&atilde;o, instru&ccedil;&otilde;es de quadros, nas palestras para o p&uacute;blico interno, no site da Organização. Al&eacute;m disso, cada Cmt de fra&ccedil;&atilde;o tem a atribui&ccedil;&atilde;o de comentar sobre a miss&atilde;o da Organização nas formaturas internas e opera&ccedil;&otilde;es realizadas. No Quadro de avisos das Companhias existem um painel com a miss&atilde;o e a vis&atilde;o de futuro e os objetivos organizacionais, justamente para ajudar na fixa&ccedil;&atilde;o desse conceito.</p>',1,NULL,1,NULL,1,NULL,1,NULL,0,NULL,1,NULL,1,NULL,0,NULL,1,NULL,0,NULL,0,NULL,1,NULL),
  (32,2015,NULL,NULL,NULL,NULL,NULL,NULL,NULL,'<p style=\"text-align: justify;\">Desde 2006, na formula&ccedil;&atilde;o do Diagn&oacute;stico Estrat&eacute;gico, o Batalh&atilde;o identifica os seus principais pontos fortes (PF) e seus pontos fracos ou oportunidades de inova&ccedil;&atilde;o e melhoria (OIM) com o objetivo de nortear o processo de planejamento estrat&eacute;gico organizacional. De posse dessas informa&ccedil;&otilde;es, o comando da Organização estabelece suas estrat&eacute;gias, procurando potencializar seus pontos fortes e a superar ou minimizar os seus pontos fracos.</p><p style=\"text-align: justify;\">A Organização tamb&eacute;m realiza a sua Auto-Avalia&ccedil;&atilde;o de acordo com os 08 crit&eacute;rios estabelecidos no Modelo de Excel&ecirc;ncia na Gest&atilde;o P&uacute;blica para a Organização (MEGP-EB): Lideran&ccedil;a, Plano de Gest&atilde;o, Escal&atilde;o Superior e Usu&aacute;rios, Sociedade e Meio Ambiente, Informa&ccedil;&otilde;es e Conhecimento, Militares e Civis, Processos e Resultados. Por meio de estudos realizados em reuni&otilde;es com o Comando e o Estado-Maior da Organização, s&atilde;o identificadas todas as pr&aacute;ticas de gest&atilde;o pertinentes aos questionamentos das al&iacute;neas do MEGP-EB.</p><p style=\"text-align: justify;\">A classifica&ccedil;&atilde;o das pr&aacute;ticas de gest&atilde;o em Pontos Fortes (PF) ou em Oportunidades de Inova&ccedil;&atilde;o e Melhoria (OIM) ocorre pela an&aacute;lise de cada pr&aacute;tica em rela&ccedil;&atilde;o aos seguintes requisitos: enfoque/adequa&ccedil;&atilde;o, aplica&ccedil;&atilde;o/dissemina&ccedil;&atilde;o, aprendizado e integra&ccedil;&atilde;o. De posse do resultado da Auto-Avalia&ccedil;&atilde;o, a Organização tem uma vis&atilde;o detalhada do seu ambiente interno.</p>',1,NULL,1,NULL,1,NULL,1,NULL,0,NULL,1,NULL,1,NULL,0,NULL,1,NULL,0,NULL,0,NULL,0,NULL),
  (33,2015,NULL,NULL,NULL,NULL,NULL,NULL,NULL,'<p style=\"text-align: justify;\">Desde 2006, com a implanta&ccedil;&atilde;o do SE-EB, o comando da Organização analisa constantemente o ambiente externo, identificando as<br />oportunidades e as amea&ccedil;as desse ambiente, procurando, em suas estrat&eacute;gias, potencializar as oportunidades e neutralizar ou minimizar as amea&ccedil;as, municiando-se de informa&ccedil;&otilde;es sobre essas vari&aacute;veis e antecipando-se ou preparando-se para poss&iacute;veis mudan&ccedil;as identificadas.<br />&nbsp;&nbsp; Na identifica&ccedil;&atilde;o das oportunidades e das amea&ccedil;as, a Organização prioriza aquela que a Organização ter&aacute; mais chances de aproveitar e&nbsp; aquelas que o afetar&atilde;o mais diretamente.</p><p>&nbsp;</p>',1,NULL,1,NULL,1,NULL,1,NULL,0,NULL,1,NULL,1,NULL,1,NULL,1,NULL,0,NULL,0,NULL,0,NULL),
  (34,2015,NULL,NULL,NULL,NULL,NULL,NULL,NULL,'<p style=\"text-align: justify;\">Desde 2006, de acordo com a miss&atilde;o e a vis&atilde;o de futuro, a conjuntura atual e o diagn&oacute;stico estrat&eacute;gico, a Organização analisou, em reuni&atilde;o do Dirertor,&nbsp; necessidades para se atingir a vis&atilde;o de futuro estabelecida. Estas necessidades foram agrupadas por similaridade (operacional, administrativa, or&ccedil;ament&aacute;ria e financeira, recursos humanos, etc) e, para cada grupo, foi definido ao menos um Objetivo Organizacional que sintetizasse todas as necessidades identificadas.</p>',1,NULL,1,NULL,1,NULL,1,NULL,0,NULL,1,NULL,1,NULL,1,NULL,1,NULL,0,NULL,0,NULL,1,NULL),
  (35,2015,NULL,NULL,NULL,NULL,NULL,NULL,NULL,'<p style=\"text-align: justify;\">Desde 2006, ap&oacute;s o processo de defini&ccedil;&atilde;o dos Objetivos Organizacionais (OO) , e a verifica&ccedil;&atilde;o de recursos dispon&iacute;veis e os que estariam dispon&iacute;veis a curto prazo, al&eacute;m da perspectiva de receber recurso a m&eacute;dio e a longo prazo, foram identificados os fatores cr&iacute;ticos para se atingir cada OO. Para se vencer cada fator cr&iacute;tico, foi estabelecida uma estrat&eacute;gia. As estrat&eacute;gias s&atilde;o definidas em reuni&otilde;es de comando e os planos de a&ccedil;&atilde;o elaborados s&atilde;o decorrentes das estrat&eacute;gias tra&ccedil;adas, o que reflete em seu alinhamento com as mesmas. O gerente de cada plano de a&ccedil;&atilde;o lista suas atividades para a implementa&ccedil;&atilde;o/execu&ccedil;&atilde;o de cada plano, a s pessoas envolvidas no processo, os prazos e os custos, de acordo com a ferramenta 5W2H.</p>',1,NULL,1,NULL,1,NULL,1,NULL,0,NULL,1,NULL,1,NULL,0,NULL,0,NULL,0,NULL,0,NULL,0,NULL),
  (38,2015,NULL,NULL,NULL,NULL,NULL,NULL,NULL,'<p style=\"text-align: justify;\">Ap&oacute;s a defini&ccedil;&atilde;o no Plano de Gest&atilde;o dos Objetivos Organizacionais, dos Fatores Cr&iacute;ticos de Sucesso e das Estrat&eacute;gias, s&atilde;o elaborados os Planos de A&ccedil;&atilde;o (5W2H) correspondentes por cada gerente indicado. As estrat&eacute;gias s&atilde;o definidas em reuni&otilde;es do comando da Organização e os planos de a&ccedil;&atilde;o elaborados s&atilde;o decorrentes das estrat&eacute;gias tra&ccedil;adas, o que reflete em seu alinhamento com as mesmas. O indicador de cada Plano de A&ccedil;&atilde;o &eacute; definido de maneira a expressar, numericamente, a efici&ecirc;ncia e/ou efic&aacute;cia do referido plano.</p>',1,NULL,0,NULL,1,NULL,0,NULL,0,NULL,1,NULL,1,NULL,1,NULL,1,NULL,0,NULL,0,NULL,1,NULL),
  (40,2015,NULL,NULL,NULL,NULL,NULL,NULL,NULL,'<p style=\"text-align: justify;\">Desde 2006, o Plano de Gest&atilde;o, quando aprovado pelo comandante e seu EM, &eacute; remetido para o Escal&atilde;o Superior, inserido no SISPEGWEB e divulgado atrav&eacute;s da rede interna para o p&uacute;blico interno para conhecimento das a&ccedil;&otilde;es que estar&atilde;o sendo desenvolvidas e provid&ecirc;ncias cab&iacute;veis.<br />&nbsp;&nbsp; Na formatura semanal para o Cmt, este faz men&ccedil;&atilde;o da aprova&ccedil;&atilde;o do Plano de Gest&atilde;o para toda a Organização.<br />&nbsp;&nbsp; A partir deste ciclo, uma c&oacute;pia do Plano de Gest&atilde;o &eacute; passada, em papel, para cada SU e Ch Sec.<br />&nbsp;&nbsp; O Gerenciador de Mensagens e Projetos GP WEB, adotado desde 2008, tamb&eacute;m permite a divulga&ccedil;&atilde;o eletr&ocirc;nica on-line e direta &agrave;s partes interessadas.<br />&nbsp;&nbsp; Nos despachos, nas visitas e nas inspe&ccedil;&otilde;es de comando, o Cmt e o SCmt poder&atilde;o inspecionar a ci&ecirc;ncia do Plano de Gest&atilde;o por qualquer integrante da Organização.</p>',1,NULL,1,NULL,1,NULL,1,NULL,0,NULL,1,NULL,1,NULL,1,NULL,1,NULL,0,NULL,0,NULL,0,NULL),
  (41,2015,NULL,NULL,NULL,NULL,NULL,NULL,NULL,'<p style=\"text-align: justify;\">Desde 2006, o Dirertor estabelece a prioridade para a execu&ccedil;&atilde;o dos planos de a&ccedil;&atilde;o no que se refere &agrave; aloca&ccedil;&atilde;o de recursos. Em se tratando de recursos or&ccedil;ament&aacute;rios e financeiros, s&atilde;o observados ainda, a finalidade, a natureza e o plano interno para sua aplica&ccedil;&atilde;o.</p><p style=\"text-align: justify;\">A aloca&ccedil;&atilde;o dos diversos tipos de recursos segue, em princ&iacute;pio, a seguinte prioridade:</p><p style=\"text-align: justify;\">Financeiros: melhoria das instala&ccedil;&otilde;es e das condi&ccedil;&otilde;es de trabalho do p&uacute;blico interno, vida vegetativa da Organização;</p><p style=\"text-align: justify;\">Humanos: Capacita&ccedil;&atilde;o e especializa&ccedil;&atilde;o nas atividades de Comunica&ccedil;&otilde;es e ligadas &agrave; &aacute;rea Administrativa da Organização;</p><p style=\"text-align: justify;\">Tecnol&oacute;gicos: melhoria dos sistemas de Comando e Controle e relacionados &agrave; tecnologia da informa&ccedil;&atilde;o e seguran&ccedil;a da Organização;</p><p style=\"text-align: justify;\">Materiais: melhoria e moderniza&ccedil;&atilde;o dos meios empregados nas atividades de Comunica&ccedil;&otilde;es, transporte e para melhorar as condi&ccedil;&otilde;es de trabalho do p&uacute;blico interno.</p>',1,NULL,1,NULL,1,NULL,1,NULL,0,NULL,1,NULL,1,NULL,1,NULL,1,NULL,0,NULL,0,NULL,0,NULL),
  (42,2015,NULL,NULL,NULL,NULL,NULL,NULL,NULL,'<p style=\"text-align: justify;\">O acompanhamento &eacute; feito pelo comando da Organização no cumprimento das metas e prazos estabelecidos em cada plano e atrav&eacute;s das a&ccedil;&otilde;es inseridas diretamente pelo respons&aacute;vel e acompanhadas diretamente pelo SCmt e pelo Cmt por um programa (Gerenciador de Projetos), novidade inserida este ano.</p><p style=\"text-align: justify;\">A apresenta&ccedil;&atilde;o dos Indicadores de Desempenho em rela&ccedil;&atilde;o &agrave;s metas estabelecidas em cada plano tamb&eacute;m auxiliam no acompanhamento da implementa&ccedil;&atilde;o dos planos de a&ccedil;&atilde;o.</p>',1,NULL,1,NULL,1,NULL,0,NULL,0,NULL,1,NULL,1,NULL,1,NULL,1,NULL,0,NULL,0,NULL,1,NULL),
  (43,2015,NULL,NULL,NULL,NULL,NULL,NULL,NULL,'<p>&nbsp; Desde 2006 e dentro das possibilidades ou da flexibilidade das Normas, Regulamentos e das Diretrizes do Escal&atilde;o Superior, o Batalh&atilde;o identifica as necessidade e expectativas por meio da intera&ccedil;&atilde;o com os usu&aacute;rios, seja formal ou informal; pela constante avalia&ccedil;&atilde;o dos resultados obtidos e por pesquisas de satisfa&ccedil;&atilde;o/opini&atilde;o realizadas com os usu&aacute;rios internos e externos.</p><p>Uma vez identificadas, as necessidades ou expectativas dos usu&aacute;rios s&atilde;o analisadas pelo Comando quanto &agrave; sua coer&ecirc;ncia, benef&iacute;cio, exeq&uuml;ibilidade, investimentos requeridos e abrang&ecirc;ncia, para posterior adequa&ccedil;&atilde;o ou implementa&ccedil;&atilde;o de procedimentos, quando necess&aacute;rio.</p><p>Quando &eacute; identificada uma necessidade ou expectativa que foge &agrave; autonomia do batalh&atilde;o, o Comando da Organização solicita autoriza&ccedil;&atilde;o ao Escal&atilde;o Superior para poder adequar os seus procedimento (quando cab&iacute;vel).</p>',1,NULL,1,NULL,1,NULL,1,NULL,0,NULL,1,NULL,1,NULL,1,NULL,1,NULL,0,NULL,0,NULL,1,NULL),
  (44,2015,NULL,NULL,NULL,NULL,NULL,NULL,NULL,'<p style=\"text-align:justify;\">- Seguran&ccedil;a: Estado do indiv&iacute;duo ou coletividade de bem-estar e satisfa&ccedil;&atilde;o em rela&ccedil;&atilde;o &agrave;s expectativas, desejos e necessidades relacionadas &agrave;s miss&otilde;es constitucionais do Batalh&atilde;o. USU&Aacute;RIOS: SOCIEDADE</p><p style=\"text-align:justify;\">- Defesa da P&aacute;tria: garantir a soberania do estado democr&aacute;tico de direito e dos poderes constitucionais. USU&Aacute;RIOS: SOCIEDADE</p><p style=\"text-align:justify;\">- Desenvolvimento Nacional: Atua&ccedil;&atilde;o em prol da comunidade por meio de esfor&ccedil;os de desenvolvimento social. USU&Aacute;RIOS: SOCIEDADE</p><p style=\"text-align:justify;\">-Garantia da Lei e da Ordem: a&ccedil;&otilde;es de car&aacute;ter preventivo e repressivo necess&aacute;rias para assegurar o resultado das opera&ccedil;&otilde;es na garantia da lei e da ordem. USU&Aacute;RIOS: SOCIEDADE</p><p style=\"text-align:justify;\">-ACISOS: Ex&eacute;rcito solid&aacute;rio e integrado &agrave;s causas nacionais, prestando apoio comunit&aacute;rio &agrave;s popula&ccedil;&otilde;es e cooperando com outras institui&ccedil;&otilde;es na promo&ccedil;&atilde;o da cidadania. USU&Aacute;RIOS: SOCIEDADE</p><p style=\"text-align:justify;\">&nbsp;-Apoio de Comunica&ccedil;&otilde;es: Instalar, explorar e manter a estrutura de comunica&ccedil;&otilde;es que d&ecirc; suporte &agrave;s necessidades dos sistemas operacionais do escal&atilde;o superior. USU&Aacute;RIOS: COMANDO MILITAR DO SUL</p><p style=\"text-align:justify;\">-Forma&ccedil;&atilde;o reservista de 1&ordf; categoria. USU&Aacute;RIOS: SOCIEDADE</p>',1,NULL,1,NULL,1,NULL,0,NULL,0,NULL,1,NULL,1,NULL,1,NULL,1,NULL,0,NULL,0,NULL,1,NULL),
  (45,2015,NULL,NULL,NULL,NULL,NULL,NULL,NULL,'<p style=\"text-align: justify;\">Desde sua cria&ccedil;&atilde;o (1976), a defini&ccedil;&atilde;o dos clientes alvos do Batalh&atilde;o &eacute; realizada por meio de sua destina&ccedil;&atilde;o constitucional, constante no Artigo 142/CF 88, que estabelece que as For&ccedil;as Armadas, constitu&iacute;das pela Marinha, pelo Ex&eacute;rcito e pela Aeron&aacute;utica, s&atilde;o institui&ccedil;&otilde;es nacionais permanentes e regulares, organizadas com base na hierarquia e na disciplina, sob a autoridade suprema do Presidente da Rep&uacute;blica, e destinam-se &agrave; defesa da P&aacute;tria, &agrave; garantia dos poderes constitucionais e, por iniciativa de qualquer destes, da lei e da ordem e de diretrizes do escal&atilde;o superior.&nbsp;</p><p style=\"text-align: justify;\">Esses documentos estabelecem a miss&atilde;o s&iacute;ntese de defender a P&aacute;tria, garantir os poderes constitucionais e por iniciativa de qualquer destes, da lei e da ordem, al&eacute;m da miss&atilde;o de instalar, explorar e manter a estrutura de comunica&ccedil;&otilde;es que d&ecirc; suporte &agrave;s necessidades dos sistemas operacionais do Comando Militar do Sul, realizando a integra&ccedil;&atilde;o dos meios e processos necess&aacute;rios ao pleno funcionamento do sistema de comando e controle, formando e adestrando o pessoal militar como tropa de comunica&ccedil;&otilde;es em miss&otilde;es de defesa externa territorial. Com base nessa miss&atilde;o s&atilde;o identificados os segmentos de clientes conforme o que se segue: o Comando Militar do Sul e as Organização da guarni&ccedil;&atilde;o de Porto Alegre, a comunidade, a sociedade em geral, os dependentes dos militares da ativa, os militares da reserva e seus dependentes, que se valem diretamente dos servi&ccedil;os prestados.</p>',1,NULL,0,NULL,0,NULL,1,NULL,0,NULL,1,NULL,1,NULL,0,NULL,1,NULL,0,NULL,0,NULL,0,NULL),
  (49,2015,NULL,NULL,NULL,NULL,NULL,NULL,NULL,'<p>Com o Usu&aacute;rio SOCIEDADE, os canais de acesso s&atilde;o:<br />- Site da Organização;<br />- Se&ccedil;&atilde;o de Rela&ccedil;&otilde;es P&uacute;blicas;<br />- Central Telef&ocirc;nica;<br />- m&iacute;dias diversas da Organização (TV, R&aacute;dio)<br />- informativos e folders;<br />- palestras em Escolas;<br />- contatos diretos do Comando da Organização com entidades representativas da sociedade.<br />Com o Usu&aacute;rio ESCAL&Atilde;O SUPERIOR, os canais de acesso s&atilde;o:<br />- of&iacute;cios, mapas, relat&oacute;rios, sindic&acirc;ncias e IPM;<br />- e-mail funcional;<br />- telefone;<br />- al&eacute;m do sistema de protocolo, por meio da classifica&ccedil;&atilde;o dos documentos recebidos dos clientes.</p><p>Pr&aacute;ticas exercidas e continuadas desde 2006.</p>',1,NULL,1,NULL,1,NULL,0,NULL,0,NULL,1,NULL,1,NULL,1,NULL,1,NULL,0,NULL,0,NULL,1,NULL),
  (51,2015,NULL,NULL,NULL,NULL,NULL,NULL,NULL,'<p>&nbsp;&nbsp;&nbsp;&nbsp; As solicita&ccedil;&otilde;es do escal&atilde;o superior s&atilde;o avaliadas e escalonadas em n&iacute;veis de prioridade, determinada pelo pr&oacute;prio escal&atilde;o superior ou pelo Cmt da Organização, as dos usu&aacute;rios s&atilde;o analisadas (sugest&otilde;es ou reclama&ccedil;&otilde;es) pelo comando que transmite ao EM suas diretrizes para que as medidas corretivas sejam tomadas ou as sugest&otilde;es sejam implementadas (se julgadas pertinentes).</p>',1,NULL,0,NULL,0,NULL,1,NULL,0,NULL,1,NULL,1,NULL,1,NULL,1,NULL,0,NULL,0,NULL,0,NULL),
  (56,2015,NULL,NULL,NULL,NULL,NULL,NULL,NULL,'<p style=\"text-align:justify;\">&nbsp;&nbsp;&nbsp; Desde 2006, com a implanta&ccedil;&atilde;o do SE-EB,&nbsp; para minimizar quaisquer&nbsp; impactos ambientais&nbsp; decorrentes dos processos, servi&ccedil;os e instala&ccedil;&otilde;es, o Batalh&atilde;o possui um planejamento espec&iacute;fico para criar e desenvolver em seu p&uacute;blico interno e externo a mentalidade de preserva&ccedil;&atilde;o ambiental e do desenvolvimento sustent&aacute;vel. Dentre os aspectos inclu&iacute;dos no Programa de Controle do Impacto Ambiental do BPEB est&atilde;o a indica&ccedil;&atilde;o pormenorizada de cada atividade desenvolvida. Dentre elas est&atilde;o: A educa&ccedil;&atilde;o ambiental, a&ccedil;&otilde;es de reflorestamento, controle de efluentes, a&ccedil;&otilde;es durante os acampamentos e acantonamentos, separa&ccedil;&atilde;o do lixo (geral e hospitalar), coleta seletiva.&nbsp;</p><p style=\"text-align:justify;\">&nbsp;&nbsp;&nbsp; Nas Ordens de Servi&ccedil;o e de Instru&ccedil;&atilde;o emitidas pela 3&ordf; Se&ccedil;&atilde;o, relativas &agrave;s atividades de campanha constam prescri&ccedil;&otilde;es relativas &agrave; preserva&ccedil;&atilde;o ambiental nas &aacute;reas utilizadas.</p>',1,NULL,1,NULL,1,NULL,1,NULL,0,NULL,1,NULL,1,NULL,1,NULL,1,NULL,0,NULL,0,NULL,0,NULL),
  (59,2015,NULL,NULL,NULL,NULL,NULL,NULL,NULL,'<p style=\"margin-left: 49.65pt;\">&nbsp;</p><table border=\"0\" cellpadding=\"0\" cellspacing=\"0\"><tbody><tr><td style=\"width: 179px; height: 23px;\"><p align=\"center\"><strong>CLASSIFICA&Ccedil;&Atilde;O</strong></p></td><td style=\"width: 231px; height: 23px;\"><p align=\"center\"><strong>IMPACTO</strong></p></td><td style=\"width: 237px; height: 23px;\"><p align=\"center\"><strong>TRATAMENTO</strong></p></td></tr><tr><td rowspan=\"2\" style=\"width: 179px; height: 15px;\"><p align=\"center\">Sa&uacute;de Humana</p></td><td style=\"width: 231px; height: 15px;\"><p>Negativos:</p><p>- Amea&ccedil;a a integridade f&iacute;sica da popula&ccedil;&atilde;o pela realiza&ccedil;&atilde;o de exerc&iacute;cio com emprego de material militar;</p><p>-Interfer&ecirc;ncia no tr&acirc;nsito durante a realiza&ccedil;&atilde;o de exerc&iacute;cio de marcha</p></td><td style=\"width: 237px; height: 15px;\"><p>-Cada exerc&iacute;cio que ofere&ccedil;a risco a popula&ccedil;&atilde;o &eacute; acompanhado de um PLANO DE PREVEN&Ccedil;&Atilde;O DE ACIDENTES, contando com um Oficial de Seguran&ccedil;a designado em Boletim Interno, assim como uma equipe e a&ccedil;&otilde;es a serem adotadas em caso de acidente.</p><p>-Equipe de combate a inc&ecirc;ndio (Oficial e Turmas de combate a inc&ecirc;ndio- TCI) para debelar sinistros em &aacute;reas do aquartelamento e outras na qual se desenvolvam atividades militares.</p><p>-Planos de Manuten&ccedil;&atilde;o Preventiva de &ldquo;todo&rdquo; material de emprego militar visando a redu&ccedil;&atilde;o de poluentes e ru&iacute;dos.</p><p>-Escala&ccedil;&atilde;o de Balizadores de transito por ocasi&atilde;o dos deslocamentos em vias p&uacute;blicas de grandes efetivos.</p></td></tr><tr><td style=\"width: 231px; height: 72px;\"><p>Positivos:</p><p>Desenvolvimento da sa&uacute;de da popula&ccedil;&atilde;o</p></td><td style=\"width: 237px; height: 72px;\"><p>A&ccedil;&otilde;es C&iacute;vico-Sociais (ACISOS) promovidas pelo Batalh&atilde;o impactam positivamente sobre a sa&uacute;de da popula&ccedil;&atilde;o</p></td></tr><tr><td style=\"width: 179px; height: 156px;\"><p align=\"center\">Econ&ocirc;micos</p></td><td style=\"width: 231px; height: 156px;\"><p>Positivos:</p><p>Diminui&ccedil;&atilde;o do desemprego entre os jovens</p></td><td style=\"width: 237px; height: 156px;\"><p style=\"text-align: justify;\">A incorpora&ccedil;&atilde;o anual aos quadros do Batalh&atilde;o &eacute; de aproximadamente 250 jovens da sociedade, para o servi&ccedil;o militar, al&eacute;m de contribuir para o aumento da empregabilidade ao retornarem a sociedade levam cursos profissionalizantes que auxiliam na coloca&ccedil;&atilde;o nos diversos campos de trabalho.</p></td></tr><tr><td style=\"width: 179px; height: 15px;\"><p align=\"center\">Qualidade de vida</p></td><td style=\"width: 231px; height: 15px;\"><p>Positivos:</p><p>Melhoria nas condi&ccedil;&otilde;es de vida da popula&ccedil;&atilde;o</p></td><td style=\"width: 237px; height: 15px;\"><p style=\"text-align: justify;\">O Batalh&atilde;o desenvolve diversas a&ccedil;&otilde;es de cidadania que impactam positivamente na qualidade de vida da popula&ccedil;&atilde;o</p></td></tr><tr><td style=\"width: 179px; height: 15px;\"><p align=\"center\">Metas</p></td><td colspan=\"2\" style=\"width: 467px; height: 15px;\"><p>Percentual de acidentes fora da organiza&ccedil;&atilde;o- M&aacute;ximo 0% ao m&ecirc;s</p></td></tr></tbody></table><p style=\"margin-left: 35.45pt;\">&nbsp;</p><p>&nbsp;</p><p>&nbsp;</p><table border=\"0\" cellpadding=\"0\" cellspacing=\"0\"><tbody><tr><td style=\"width: 179px; height: 23px;\"><p align=\"center\"><strong>CLASSIFICA&Ccedil;&Atilde;O</strong></p></td><td style=\"width: 230px; height: 23px;\"><p align=\"center\"><strong>IMPACTO</strong></p></td><td style=\"width: 237px; height: 23px;\"><p align=\"center\"><strong>TRATAMENTO</strong></p></td></tr><tr><td style=\"width: 179px; height: 15px;\"><p align=\"center\">&nbsp;</p><p align=\"center\">Recursos Naturais</p><p align=\"center\">&nbsp;</p></td><td style=\"width: 230px; height: 15px;\"><p>&nbsp;</p><p>&nbsp;</p><p>&nbsp;</p><p>&nbsp;</p><p>&nbsp;</p><p>&nbsp;</p><p>&nbsp;</p><p>NEGATIVOS: Uso de recursos naturais n&atilde;o renov&aacute;veis</p></td><td style=\"width: 237px; height: 15px;\"><p>As atividades do batalh&atilde;o impactam negativamente, nos recursos N&Atilde;O RENOV&Aacute;VEIS como &aacute;gua e petr&oacute;leo, devido ao consumo de combust&iacute;vel pelas viaturas e, tamb&eacute;m, porque as instala&ccedil;&otilde;es possuem um consumo consider&aacute;vel de &aacute;gua e energia el&eacute;trica.</p><p>O tratamento desses impactos ocorre atrav&eacute;s do controle di&aacute;rio pelo Fiscal Administrativo do consumo de &aacute;gua ( e utiliza&ccedil;&atilde;o dos recursos naturais para lavagem de viaturas), energia, combust&iacute;vel e manuten&ccedil;&atilde;o de viaturas, assim como palestras de conscientiza&ccedil;&atilde;o para a manuten&ccedil;&atilde;o dos n&iacute;veis m&iacute;nimos de consumo.</p></td></tr><tr><td style=\"width: 179px; height: 72px;\"><p align=\"center\">Meio Ambiente</p></td><td style=\"width: 230px; height: 72px;\"><p>&nbsp;</p><p>NEGATIVOS: Agress&atilde;o ao meio ambiente pelos exerc&iacute;cios militares</p></td><td style=\"width: 237px; height: 72px;\"><p>Assim como nos impactos ambientais, cada exerc&iacute;cio militar que ofere&ccedil;a risco ao meio ambiente (agress&atilde;o/degrada&ccedil;&atilde;o) &eacute; acompanhado de um plano de preven&ccedil;&atilde;o contra acidentes e&nbsp; das turmas de combate a inc&ecirc;ndio(TCI)</p><p>Os Planos de Manuten&ccedil;&atilde;o Preventiva de &ldquo;todo&rdquo; o material de emprego militar, colaboram para a redu&ccedil;&atilde;o de poluentes e ru&iacute;dos.</p><p>&Eacute; proibido o descarte do lixo utilizando as fossas de detritos Deve-se recolher todo o lixo dos acampamentos e remet&ecirc;-los a rede de coleta de lixo.</p></td></tr><tr><td rowspan=\"2\" style=\"width: 179px; height: 59px;\"><p align=\"center\">&nbsp;</p></td><td style=\"width: 230px; height: 59px;\"><p>&nbsp;</p><p>POSITIVOS: Dep&oacute;sitos de combust&iacute;veis</p></td><td style=\"width: 237px; height: 59px;\"><p>O posto de combust&iacute;vel do batalh&atilde;o, visando a elimina&ccedil;&atilde;o no risco de contamina&ccedil;&atilde;o do solo em caso de vazamento esta tendo seus tanques subterr&acirc;neos alterados para a&eacute;reos&nbsp;&nbsp;</p></td></tr><tr><td style=\"width: 230px; height: 104px;\"><p>&nbsp;</p><p>POSITIVOS: Arboriza&ccedil;&atilde;o da &aacute;rea do Batalh&atilde;o</p></td><td style=\"width: 237px; height: 104px;\"><p>A manuten&ccedil;&atilde;o da vegeta&ccedil;&atilde;o nativa e o plantio de novas &aacute;rvores na &aacute;rea do batalh&atilde;o, refletem positivamente na vida do publico interno e externo.</p><p>H&aacute; o plantio constante de mudas que al&eacute;m da manuten&ccedil;&atilde;o do meio ambiente, compensa a emiss&atilde;o de poluentes no ar pelas viaturas e ve&iacute;culos automotores dos integrantes da Organização.</p></td></tr><tr><tdrowspan=\"3\" style=\"width: 179px; height: 29px;\"><p align=\"center\">Metas</p></td><td colspan=\"2\" style=\"width: 467px; height: 29px;\"><p>&nbsp;</p><p>Consumo de Energia El&eacute;trica Mensal:</p></td></tr><tr><td colspan=\"2\" style=\"width: 467px; height: 27px;\"><p>Consumo de Combust&iacute;vel Administrativo: M&aacute;ximo 1000 litros gasolina e 3000 litros de &Oacute;leo Diesel</p></td></tr><tr><td colspan=\"2\" style=\"width: 467px; height: 27px;\"><p>Numero de a&ccedil;&otilde;es e atividades desenvolvidas para educa&ccedil;&atilde;o ambiental: M&iacute;nimo 06( seis) a&ccedil;&otilde;es no ano</p></td></tr></tbody></table><p>&nbsp;</p>',1,NULL,1,NULL,1,NULL,1,NULL,0,NULL,1,NULL,1,NULL,1,NULL,1,NULL,0,NULL,0,NULL,0,NULL),
  (60,2015,NULL,NULL,NULL,NULL,NULL,NULL,NULL,'<p style=\"text-align: justify;\">O Batalh&atilde;o trata os impactos sociais decorrentes de suas atividades por meio das seguintes pr&aacute;ticas de gest&atilde;o:&nbsp;</p><p style=\"text-align: justify;\">- Cada exerc&iacute;cio que ofere&ccedil;a risco a popula&ccedil;&atilde;o &eacute; acompanhado de um plano de PREVEN&Ccedil;&Atilde;O contra acidentes, contando com um Oficial de Seguran&ccedil;a designado oficialmente em Boletim Interno assim como uma equipe e a&ccedil;&otilde;es a serem adotadas em caso de acidente.</p><p style=\"text-align: justify;\">- Equipe de combate a inc&ecirc;ndio (oficial e turmas de combate &agrave; inc&ecirc;ndio - TCI) para debelar sinistros em &aacute;reas do aquartelamento e outras na qual se desenvolvam atividades militares Planos de Manuten&ccedil;&atilde;o Preventiva de &ldquo;todo&rdquo; o material de emprego militar, visando a redu&ccedil;&atilde;o de poluentes e ru&iacute;dos.</p><p style=\"text-align: justify;\">- A realiza&ccedil;&atilde;o de A&ccedil;&otilde;es C&iacute;vico-Sociais (ACISO) promovidas pelo Batalh&atilde;o, impactam positivamente a sa&uacute;de da popula&ccedil;&atilde;o.&nbsp;</p><p style=\"text-align: justify;\">- A incorpora&ccedil;&atilde;o anual aos quadros do Batalh&atilde;o de aproximadamente 250 jovens da sociedade, para o servi&ccedil;o militar, reflete um aumento da empregabilidade e, por conseguinte, um aumento da circula&ccedil;&atilde;o de valores no com&eacute;rcio local, j&aacute; aquecido pelos valores aplicados pelo efetivo total da Organização de aproximadamente 500 militares com suas transa&ccedil;&otilde;es comerciais particulares, assim como, as transa&ccedil;&otilde;es comerciais do Batalh&atilde;o com o objetivo de adquirir insumos para o funcionamento das atividades organizacionais.</p><p style=\"text-align: justify;\">- Controle di&aacute;rio pelo Fiscal Administrativo do consumo de &aacute;gua, energia e combust&iacute;vel, assim como palestras de conscientiza&ccedil;&atilde;o para manuten&ccedil;&atilde;o de n&iacute;veis m&iacute;nimos de consumo.</p><p style=\"text-align: justify;\">- Executando a recupera&ccedil;&atilde;o do meio ambiente, nas &aacute;reas que porventura venham a ser degradadas pelas atividades e empreendimentos realizados.</p>',1,NULL,1,NULL,1,NULL,0,NULL,0,NULL,1,NULL,1,NULL,1,NULL,1,NULL,0,NULL,0,NULL,1,NULL),
  (65,2015,NULL,NULL,NULL,NULL,NULL,NULL,NULL,'<p>A conscientiza&ccedil;&atilde;o dos integrantes da Organização se faz por interm&eacute;dio da Diretriz do Cmt da Organização, das Diretrizes de Instru&ccedil;&atilde;o, dos Programa de Instru&ccedil;&atilde;o Militar (PIM), da Capacita&ccedil;&atilde;o T&eacute;cnica e T&aacute;tica do Ensino Profissional, al&eacute;m de trabalhar a consci&ecirc;ncia do p&uacute;blico interno para participar das v&aacute;rias campanhas nas formaturas internas ou reuni&otilde;es sociais.</p>',1,NULL,1,NULL,1,NULL,0,NULL,0,NULL,1,NULL,1,NULL,1,NULL,1,NULL,0,NULL,0,NULL,1,NULL),
  (67,2015,NULL,NULL,NULL,NULL,NULL,NULL,NULL,'<p style=\"text-align: justify;\">O principal canal de comunica&ccedil;&atilde;o para receber eventuais den&uacute;ncias da viola&ccedil;&atilde;o da &eacute;tica &eacute; atrav&eacute;s das Rela&ccedil;&otilde;es P&uacute;blicas da Organização, que &eacute; chefiado por um oficial de Comunica&ccedil;&atilde;o Social.</p><p style=\"text-align: justify;\">Al&eacute;m disso, dentro dos pelot&otilde;es existe um forte clima de comprometimento e o canal de comunica&ccedil;&atilde;o &eacute; aberto entre os superiores e subordinados.</p>',1,NULL,0,NULL,1,NULL,1,NULL,0,NULL,1,NULL,1,NULL,1,NULL,1,NULL,0,NULL,0,NULL,0,NULL),
  (69,2015,NULL,NULL,NULL,NULL,NULL,NULL,NULL,'<p style=\"text-align: justify;\">Desde 2006, as a&ccedil;&otilde;es de pol&iacute;ticas p&uacute;blicas a cargo do Batalh&atilde;o s&atilde;o gerenciadas anualmente com base no ciclo PDCA.<br />&nbsp;&nbsp; O Planejamento &eacute; descentralizado, ficando a cargo de um dos integrantes do Estado-Maior da Organização, que ap&oacute;s sua conclus&atilde;o apresenta em Reuni&atilde;o de Comando para aprecia&ccedil;&atilde;o.<br />&nbsp;&nbsp; Depois de aprovado o planejamento do projeto, a execu&ccedil;&atilde;o &eacute; controlada mensalmente pelo Sub Comandante do Batalh&atilde;o e as eventuais a&ccedil;&otilde;es corretivas s&atilde;o despachadas por este com o Comandante da Organização.<br />&nbsp;&nbsp; Como exemplos; o S3 planeja a Forma&ccedil;&atilde;o da Reserva Mobiliz&aacute;vel, e o S4 gerencia as Campanhas de Vacina&ccedil;&atilde;o e Combate &agrave; Dengue.</p>',1,NULL,1,NULL,1,NULL,1,NULL,0,NULL,1,NULL,1,NULL,1,NULL,1,NULL,0,NULL,0,NULL,1,NULL),
  (70,2015,NULL,NULL,NULL,NULL,NULL,NULL,NULL,'<p style=\"text-align: justify;\">A satisfa&ccedil;&atilde;o do escal&atilde;o superior nas a&ccedil;&otilde;es de execu&ccedil;&atilde;o das pol&iacute;ticas p&uacute;blicas a cargo do Batalh&atilde;o &eacute; avaliada por interm&eacute;dio das Visitas e Inspe&ccedil;&otilde;es do Escal&atilde;o Superior e por meio das Reuni&otilde;es de Comando, previstas em PGI, com o objetivo de aferir os n&iacute;veis de desempenho operacional e administrativo da Organização e orientar as a&ccedil;&otilde;es corretivas necess&aacute;rias.</p><p style=\"text-align: justify;\">Alguns dos indicadores de desempenho utilizados s&atilde;o: &iacute;ndice de disponibilidade das viaturas; &iacute;ndice de satisfa&ccedil;&atilde;o do cliente interno por meio de question&aacute;rios confeccionados pelo Cmt da Organização; &iacute;ndice de recursos gastos com &aacute;gua, luz, telefone e suprimento Cl I; &iacute;ndice do n&iacute;vel de adestramento, mensurado pelo SISTAVOP, &iacute;ndice de consumo de combust&iacute;vel e muni&ccedil;&atilde;o; &iacute;ndice do estado de higidez e potencial de combate da tropa, mensurado pelo TAF (teste de aptid&atilde;o f&iacute;sica) e pelo TAT (teste de aptid&atilde;o para o tiro).</p>',1,NULL,1,NULL,1,NULL,0,NULL,0,NULL,1,NULL,1,NULL,1,NULL,1,NULL,0,NULL,0,NULL,0,NULL),
  (71,2015,NULL,NULL,NULL,NULL,NULL,NULL,NULL,'<p style=\"text-align: justify;\">Desde 2006, o Comando da Organização executa pesquisas sob a coordena&ccedil;&atilde;o da Se&ccedil;&atilde;o de Rela&ccedil;&otilde;es P&uacute;blicas, que permite &agrave; comunidade externar suas necessidades, expectativas e grau de satisfa&ccedil;&atilde;o com o Batalh&atilde;o, em rela&ccedil;&atilde;o &agrave;s Pol&iacute;ticas P&uacute;blicas, entre elas:<br />&nbsp;&nbsp; - Pesquisa satisfa&ccedil;&atilde;o PROFESP;<br />&nbsp;&nbsp; - Pesquisa satisfa&ccedil;&atilde;o SD CIDAD&Atilde;O;<br />&nbsp;&nbsp; - Reuni&atilde;o e contatos informais com Diretores de Escolas apoiadas;<br />&nbsp;&nbsp; - Reuni&atilde;o com familiares dos Recrutas (na Formatura de Incorpora&ccedil;&atilde;o, na Entrega da Boina e no Anivers&aacute;rio da Organização);<br />&nbsp;&nbsp; - Pesquisa satisfa&ccedil;&atilde;o RP.<br />&nbsp;&nbsp; Os principais ID utilizados s&atilde;o:<br />&nbsp;&nbsp; - &Iacute;ndice de satisfa&ccedil;&atilde;o no PROFESP (% com men&ccedil;&atilde;o MB e E)<br />&nbsp;&nbsp; - &Iacute;ndice de satisfa&ccedil;&atilde;o no SD CIDAD&Atilde;O (% com men&ccedil;&atilde;o MB e E)<br />&nbsp;&nbsp; - &Iacute;ndice de satisfa&ccedil;&atilde;o dos dependentes no Atendimento Odontol&oacute;gico.</p>',1,NULL,1,NULL,1,NULL,1,NULL,0,NULL,1,NULL,1,NULL,1,NULL,1,NULL,0,NULL,0,NULL,1,NULL),
  (72,2015,NULL,NULL,NULL,NULL,NULL,NULL,NULL,'<p style=\"text-align: justify;\">A identifica&ccedil;&atilde;o das necessidades de informa&ccedil;&otilde;es &eacute; realizada por todos os militares executantes dos processos de apoio ou final&iacute;sticos e levadas ao conhecimento dos seus chefes imediatos que, por sua vez, encaminham essas necessidades ao comando da Organização ou, quando for o caso, tomam as provid&ecirc;ncias necess&aacute;rias. As necessidades de informa&ccedil;&otilde;es podem estar ligadas ao funcionamento ou estrutura da Organização, &agrave; conhecimentos e habilidades espec&iacute;ficas, &agrave; solicita&ccedil;&otilde;es do Escal&atilde;o Superior ou &agrave; a&ccedil;&atilde;o de comando do comando da Unidade. As informa&ccedil;&otilde;es que afetam ou alimentam a execu&ccedil;&atilde;o dos processos da Organização tamb&eacute;m chegam pela cadeia de comando ou de qualquer cidad&atilde;o-usu&aacute;rio dos produtos e servi&ccedil;os do Batalh&atilde;o, por meio de sugest&otilde;es ou cr&iacute;ticas.</p><p style=\"text-align: justify;\">As informa&ccedil;&otilde;es que alimentam diariamente as a&ccedil;&otilde;es do Batalh&atilde;o s&atilde;o coletadas pelo pr&oacute;prio militar que identificou a necessidade, seu chefe imediato ou pelo comando na execu&ccedil;&atilde;o de suas tarefas di&aacute;rias.</p><p style=\"text-align: justify;\">Todos os documentos externos d&atilde;o entrada por meio de um protocolo geral, seja ele comum ou eletr&ocirc;nico e s&atilde;o analisados e despachados pelo Subcomandante aos respectivos interessados. Os assuntos pertinentes s&atilde;o levados ao conhecimento do comando e EM da Unidade. A documenta&ccedil;&atilde;o interna d&aacute; entrada no protocolo interno (1&ordf; Se&ccedil;&atilde;o-Secretaria) quando pertinente, ou &eacute; endere&ccedil;ada diretamente &agrave; se&ccedil;&atilde;o ou ao militar interessado, para as provid&ecirc;ncias cab&iacute;veis. A guarda destas informa&ccedil;&atilde;o ocorre principalmente pelo arquivamento em meio digital ou comum (papel), publica&ccedil;&atilde;o em boletim interno quando gera um conjunto de a&ccedil;&otilde;es que envolvem todo o batalh&atilde;o ou de documenta&ccedil;&atilde;o espec&iacute;fica.</p><p style=\"text-align: justify;\">As informa&ccedil;&otilde;es que v&atilde;o apoiar ou influenciar na tomada de decis&otilde;es a n&iacute;vel estrat&eacute;gico s&atilde;o levadas para conhecimento e an&aacute;lise do comando do Batalh&atilde;o.</p>',1,NULL,1,NULL,1,NULL,1,NULL,0,NULL,1,NULL,1,NULL,1,NULL,1,NULL,0,NULL,0,NULL,0,NULL),
  (73,2015,NULL,NULL,NULL,NULL,NULL,NULL,NULL,'<p style=\"text-align: justify;\">Desde 2006, a identifica&ccedil;&atilde;o das necessidades de informa&ccedil;&otilde;es atinentes &agrave; execu&ccedil;&atilde;o das estrat&eacute;gias e planos &eacute; realizada pelo gerente de cada estrat&eacute;gia e por todos os militares envolvidos na execu&ccedil;&atilde;o dos planos de a&ccedil;&atilde;o.<br />&nbsp;&nbsp; O gerente, por sua vez, encaminha essas necessidades &agrave; Alta Administra&ccedil;&atilde;o ou, quando for o caso, toma as provid&ecirc;ncias necess&aacute;rias.<br />&nbsp;&nbsp; As principais informa&ccedil;&otilde;es utilizadas pela Organiza&ccedil;&atilde;o s&atilde;o:<br />&nbsp;&nbsp; - Informa&ccedil;&otilde;es de Pessoal: relativas aos Recursos Humanos da Organiza&ccedil;&atilde;o.<br />&nbsp;&nbsp; - Informa&ccedil;&otilde;es Operacionais: relativas ao processo produtivo da Organiza&ccedil;&atilde;o.<br />&nbsp;&nbsp; - Informa&ccedil;&otilde;es Sigilosas: direcionadas ao conhecimento espec&iacute;fico do Comando do Batalh&atilde;o.<br />&nbsp;&nbsp; - Informa&ccedil;&otilde;es Log&iacute;sticas: relativas &agrave;s &aacute;reas de suprimento e manuten&ccedil;&atilde;o dos insumos necess&aacute;rios ao funcionamento da<br />Organiza&ccedil;&atilde;o.<br />&nbsp;&nbsp; - Informa&ccedil;&otilde;es Administrativas: relacionadas &agrave; vida vegetativa da Organiza&ccedil;&atilde;o.</p>',1,NULL,1,NULL,1,NULL,1,NULL,0,NULL,1,NULL,1,NULL,1,NULL,1,NULL,0,NULL,0,NULL,1,NULL),
  (74,2015,NULL,NULL,NULL,NULL,NULL,NULL,NULL,'<p style=\"text-align: justify;\">Desde 2006, a atualiza&ccedil;&atilde;o das informa&ccedil;&otilde;es &eacute; regida pelo Calend&aacute;rio de Obriga&ccedil;&otilde;es das Se&ccedil;&otilde;es e demais diretrizes do Cmt da Organização e do escal&atilde;o superior, os quais estabelecem a periodicidade com que as informa&ccedil;&otilde;es devem ser atualizadas e a forma com que essas informa&ccedil;&otilde;es ser&atilde;o disponibilizadas aos usu&aacute;rios.<br />&nbsp;&nbsp; O Calend&aacute;rio de Obriga&ccedil;&otilde;es &eacute; atualizado anualmente, seja por determina&ccedil;&atilde;o do Escal&atilde;o Superior ou por necessidades<br />identificadas internamente nas atividades das se&ccedil;&otilde;es.<br />&nbsp;&nbsp; As se&ccedil;&otilde;es do Batalh&atilde;o est&atilde;o subdivididas em carteiras, de modo a descentralizar as responsabilidades. Cada carteira possui um POP, impresso ou em arquivo eletr&ocirc;nico, que serve como roteiro para o titular, o que permite a n&atilde;o interrup&ccedil;&atilde;o da atualiza&ccedil;&atilde;o das informa&ccedil;&otilde;es quando um militar substituto assume a fun&ccedil;&atilde;o.</p>',1,NULL,1,NULL,1,NULL,1,NULL,0,NULL,1,NULL,1,NULL,1,NULL,1,NULL,0,NULL,0,NULL,0,NULL),
  (75,2015,NULL,NULL,NULL,NULL,NULL,NULL,NULL,'<p style=\"text-align: justify;\">Desde sua cria&ccedil;&atilde;o em 1976, os principais sistemas de informa&ccedil;&atilde;o utilizados pela Organização s&atilde;o os definidos e disponibilizados pela estrutura do Ex&eacute;rcito e do Governo Federal, n&atilde;o cabendo &agrave; Organização o seu desenvolvimento.<br />&nbsp;&nbsp; Eventualmente, o Batalh&atilde;o poder&aacute; utilizar sistemas dispon&iacute;veis no mercado para aplica&ccedil;&otilde;es espec&iacute;ficas.<br />&nbsp;&nbsp; A implanta&ccedil;&atilde;o dos sistemas ocorre de maneira gradativa, constando de capacita&ccedil;&atilde;o dos usu&aacute;rios, seja por cursos e treinamentos presenciais ou ensino &agrave; dist&acirc;ncia, ou por documenta&ccedil;&atilde;o informativa recebida, da difus&atilde;o da sistem&aacute;tica e do conhecimento e aplica&ccedil;&atilde;o efetiva do sistema.<br />&nbsp;&nbsp; A atualiza&ccedil;&atilde;o dos mesmos ocorre de acordo com a disponibiliza&ccedil;&atilde;o das atualiza&ccedil;&otilde;es dos mantenedores dos sistemas.<br />&nbsp;&nbsp; Atrav&eacute;s da Se&ccedil;&atilde;o de Inform&aacute;tica, s&atilde;o priorizados as configura&ccedil;&otilde;es de rede e transmiss&atilde;o de dados para os sistemas de informa&ccedil;&atilde;o operados. Os auxiliares da se&ccedil;&atilde;o de inform&aacute;tica mant&eacute;m contato direto com os &oacute;rg&atilde;os de orienta&ccedil;&atilde;o t&eacute;cnica (CTA, SERPRO, por exemplo), de modo a estarem atualizados e em condi&ccedil;&otilde;es de proporcionar todo o suporte para opera&ccedil;&atilde;o dos SI.</p>',1,NULL,1,NULL,1,NULL,1,NULL,0,NULL,1,NULL,1,NULL,1,NULL,1,NULL,0,NULL,0,NULL,1,NULL),
  (76,2015,NULL,NULL,NULL,NULL,NULL,NULL,NULL,'<p style=\"text-align: justify;\">Desde de sua cria&ccedil;&atilde;o em 1976, a mem&oacute;ria administrativa do Batalh&atilde;o &eacute; estabelecida de acordo com normas e diretrizes do Escal&atilde;o Superior e s&atilde;o mantidas atrav&eacute;s do registro em documenta&ccedil;&atilde;o espec&iacute;fica e arquivamento di&aacute;rio de todos os atos e fatos ligados &agrave; execu&ccedil;&atilde;o dos processos de apoio ou final&iacute;sticos (Conformidade de Registros de Gest&atilde;o).</p><p style=\"text-align: justify;\">O Batalh&atilde;o realiza tamb&eacute;m o registro das atividades realizadas no Hist&oacute;rico do Batalh&atilde;o.</p><p style=\"text-align: justify;\">Para as informa&ccedil;&otilde;es que circulam em meio digital, as Se&ccedil;&otilde;es fazem c&oacute;pias de seguran&ccedil;a dos seus documentos diariamente.</p><p style=\"text-align: justify;\">No ano de 2008, foi implantado o sistema GP WEB de gerenciamento de mensagens e projetos. O hist&oacute;rico de mensagens no GP Web permite o arquivo do que o militar considera como mais importante. Na opera&ccedil;&atilde;o do sistema, o acesso e senhas est&atilde;o determinadas de acordo com a fun&ccedil;&atilde;o, o que possibilita a continuidade de acesso ao hist&oacute;rico da se&ccedil;&atilde;o por qualquer militar que venha a assumir a mesma.</p><p>O tempo de arquivamento dos documentos &eacute; fixado pela IG 11-03 (Instru&ccedil;&otilde;es Gerais para Avalia&ccedil;&atilde;o da Documenta&ccedil;&atilde;o do Ex&eacute;rcito), na qual &eacute; previsto o tratamento a ser dado para cada documento e a tabela de temporariedade e destrui&ccedil;&atilde;o dos documentos para as Organiza&ccedil;&otilde;es Militares do Ex&eacute;rcito.<br />&nbsp;</p>',1,NULL,0,NULL,1,NULL,1,NULL,0,NULL,0,NULL,0,NULL,1,NULL,1,NULL,0,NULL,0,NULL,0,NULL),
  (77,2015,NULL,NULL,NULL,NULL,NULL,NULL,NULL,'<p style=\"text-align: justify;\">Desde 2006, a Organização dissemina as informa&ccedil;&otilde;es usando uma Rede Interna&nbsp; composta de mais de 100 micros -computadores disponibilizando informa&ccedil;&otilde;es sobre qualquer setor, na p&aacute;gina interna da Organização. A mesma recebe as vers&otilde;es finais dos diversos documentos produzidos pelas Se&ccedil;&otilde;es da Organização. Tamb&eacute;m h&aacute; uma p&aacute;gina para consulta perla internet, com informa&ccedil;&otilde;es para o p&uacute;blico externo.</p>',1,NULL,0,NULL,1,NULL,1,NULL,0,NULL,1,NULL,1,NULL,1,NULL,1,NULL,0,NULL,0,NULL,0,NULL),
  (78,2015,NULL,NULL,NULL,NULL,NULL,NULL,NULL,'<p style=\"text-align: justify;\">Desde 2006, a Seguran&ccedil;a das informa&ccedil;&otilde;es, bem como a sua integridade e disponibilidade s&atilde;o gerenciadas pela&nbsp; Se&ccedil;&atilde;o de Inform&aacute;tica. Esta Se&ccedil;&atilde;o utiliza pr&aacute;ticas de gest&atilde;o como a de realizar backup semanalmente, ficando uma c&oacute;pia na Se&ccedil;&atilde;o de origem e outra c&oacute;pia na Se&ccedil;&atilde;o de Intelig&ecirc;ncia, com a finalidade de evitar sinistros e garantir assim a seguran&ccedil;a das informa&ccedil;&otilde;es. S&atilde;o utilizados ainda, servidores, estabilizadores, &ldquo;no-breaks&rdquo;, sistema antiv&iacute;rus, acesso via senhas funcionais com rastreabilidade, dentre outras ferramentas de seguran&ccedil;a.</p><p style=\"text-align: justify;\">A confidencialidade das informa&ccedil;&otilde;es &eacute; garantida pela 2&ordf; Se&ccedil;&atilde;o, com a observ&acirc;ncia das normas prescritas no Decreto n&deg; 79.099 que estabelece o Regulamento para Salvaguarda de Assuntos Sigilosos (RSAS), de 06 de janeiro de 1977.&nbsp; Os dados ou informa&ccedil;&otilde;es que necessitam ter sua confidencialidade garantida s&atilde;o classificados em ultra-secretos, secretos, confidenciais e reservados, em raz&atilde;o do seu teor ou dos seus elementos intr&iacute;nsecos, com medidas espec&iacute;ficas para sua prote&ccedil;&atilde;o.</p><p>Al&eacute;m disso, a secretaria da Organização arquiva em meio f&iacute;sico todos os documentos relevantes por um per&iacute;odo de cinco anos. Nesse contexto, os documentos da gest&atilde;o de pessoal, patrim&ocirc;nio e financeiro s&atilde;o arquivados por 5 anos no arquivo do Conformador de Registro de Gest&atilde;o.</p>',1,NULL,1,NULL,1,NULL,1,NULL,0,NULL,1,NULL,1,NULL,1,NULL,1,NULL,0,NULL,0,NULL,0,NULL),
  (79,2015,NULL,NULL,NULL,NULL,NULL,NULL,NULL,'<p style=\"text-align: justify;\">A Seguran&ccedil;a das informa&ccedil;&otilde;es, bem como a sua integridade e disponibilidade, s&atilde;o gerenciadas pela Se&ccedil;&atilde;o de Inform&aacute;tica, desde 2006.<br />&nbsp;&nbsp; Com a finalidade de evitar sinistros e garantir a seguran&ccedil;a das informa&ccedil;&otilde;es, utiliza pr&aacute;ticas de gest&atilde;o como:<br />&nbsp;&nbsp; - realiza&ccedil;&atilde;o de back-up semanais;<br />&nbsp;&nbsp; - utiliza&ccedil;&atilde;o de servidores, estabilizadores e no-breaks;<br />&nbsp;&nbsp; - sistema antiv&iacute;rus;<br />&nbsp;&nbsp; - acesso via senhas funcionais com rastreabilidade;<br />&nbsp;&nbsp; - rede de dados com proxy com autentica&ccedil;&atilde;o de usu&aacute;rios e controle de acessos, listas de sites bloqueados, controle de portas;<br />&nbsp;&nbsp; - esta&ccedil;&otilde;es de trabalho utilizam senhas de usu&aacute;rios e senhas de prote&ccedil;&atilde;o de tela.</p>',1,NULL,1,NULL,1,NULL,0,NULL,0,NULL,1,NULL,1,NULL,1,NULL,1,NULL,0,NULL,0,NULL,1,NULL),
  (80,2015,NULL,NULL,NULL,NULL,NULL,NULL,NULL,'<p style=\"text-align: justify;\">A identifica&ccedil;&atilde;o de referenciais comparativos ocorre pela similaridade na miss&atilde;o: outras unidades de Comunica&ccedil;&otilde;es do Ex&eacute;rcito; tamb&eacute;m identifica referenciais comparativos em rela&ccedil;&atilde;o aos processos espec&iacute;ficos realizados por outras organiza&ccedil;&otilde;es que possuem atividades e efetivos semelhantes aos do Batalh&atilde;o.</p>',1,NULL,1,NULL,1,NULL,1,NULL,0,NULL,1,NULL,1,NULL,1,NULL,1,NULL,0,NULL,0,NULL,1,NULL),
  (81,2015,NULL,NULL,NULL,NULL,NULL,NULL,NULL,'<p style=\"text-align: justify;\">A Organização &eacute; considerada como um referencial comparativo, seguindo os crit&eacute;rios:</p><p style=\"text-align: justify;\">- Organiza&ccedil;&otilde;es Militares com a mesma Estrutura Organizacional, porte e com os melhores resultados do Ex&eacute;rcito nos processos de preparo e emprego.</p><p style=\"text-align: justify;\">- Organiza&ccedil;&otilde;es Militares com o mesmo porte com efetivo aproximado de 500 militares, com os melhores resultados do Ex&eacute;rcito nos processos em processos de apoio similares.</p><p>- Organiza&ccedil;&otilde;es militares e civis consideradas referenciais de excel&ecirc;ncia.</p>',1,NULL,1,NULL,1,NULL,0,NULL,0,NULL,1,NULL,1,NULL,1,NULL,0,NULL,0,NULL,0,NULL,0,NULL),
  (82,2015,NULL,NULL,NULL,NULL,NULL,NULL,NULL,'<p style=\"text-align: justify;\">As fontes para obten&ccedil;&atilde;o das informa&ccedil;&otilde;es comparativas s&atilde;o:</p><p style=\"text-align: justify;\">Pesquisa na internet e rede interna - rede mundial e rede interna do Ex&eacute;rcito Brasileiro.</p><p style=\"text-align:justify;\">&nbsp; Sistema de Correspond&ecirc;ncia do Ex&eacute;rcito - Solicita&ccedil;&atilde;o formal de a outras Organiza&ccedil;&otilde;es Militares de refer&ecirc;ncia de informa&ccedil;&otilde;es comparativas.</p><p style=\"text-align: justify;\">Relat&oacute;rios de Gest&atilde;o - Consulta a relat&oacute;rio de gest&atilde;o de organiza&ccedil;&otilde;es premiadas.</p><p style=\"text-align: justify;\">SISPEG - Sistema de informa&ccedil;&otilde;es Gerenciais do PEG-EB que permite a troca de banco de dados com referenciais.</p><p style=\"text-align: justify;\">Monitoramento - Internet, Revistas, jornais, televis&atilde;o, peri&oacute;dicos, informativos, Notici&aacute;rio do Ex&eacute;rcito, Revista Verde Oliva (Ex&eacute;rcito).</p>',1,NULL,0,NULL,1,NULL,0,NULL,0,NULL,1,NULL,1,NULL,0,NULL,0,NULL,0,NULL,0,NULL,0,NULL),
  (83,2015,NULL,NULL,NULL,NULL,NULL,NULL,NULL,'<p style=\"text-align: justify;\">As decis&otilde;es relativas ao Plano de Gest&atilde;o s&atilde;o tomadas pelo Cmt assessorado pelo EM e comandantes de companhias desde 2006, com a implanta&ccedil;&atilde;o do PEG na Organização, observando a Miss&atilde;o e a Vis&atilde;o de Futuro, as diretrizes e o Plano de Gest&atilde;o do Escal&atilde;o Superior, bem como as peculiaridades da tropa de Comunica&ccedil;&otilde;es.</p><p style=\"text-align: justify;\">Desde 2007, &eacute; realizada uma reuni&atilde;o anual envolvendo o Dirertor e EM da Organização, para defini&ccedil;&atilde;o dos Objetivos Estrat&eacute;gicos, Estrat&eacute;gias e Metas e os respectivos respons&aacute;veis (gerentes) para o ano corrente. Ap&oacute;s a defini&ccedil;&atilde;o das estrat&eacute;gias e metas, os gerentes realizam o seu planejamento e confeccionam os planos de a&ccedil;&atilde;o.</p><p style=\"text-align: justify;\">Todos os dados s&atilde;o compilados pelo Assessor de Gest&atilde;o, que, ap&oacute;s a aprova&ccedil;&atilde;o do Dirertor da Organização, confecciona o Plano de Gest&atilde;o da Organização.</p><p style=\"text-align: justify;\">A atualiza&ccedil;&atilde;o das informa&ccedil;&otilde;es comparativas &eacute; observada durante a formula&ccedil;&atilde;o do Plano de Gest&atilde;o e ocorre no contato formal e informal com outras organiza&ccedil;&otilde;es militares, tomadas como refer&ecirc;ncia. Nas Reuni&otilde;es de Oficiais com o Cmt da Organização tamb&eacute;m s&atilde;o trazidos na pauta alguns exemplos positivos.</p>',1,NULL,1,NULL,1,NULL,1,NULL,0,NULL,1,NULL,0,NULL,1,NULL,1,NULL,0,NULL,0,NULL,1,NULL),
  (84,2015,NULL,NULL,NULL,NULL,NULL,NULL,NULL,'<p style=\"text-align: justify;\">Desde 2006, na medida em que o PEO do Batalh&atilde;o vai sendo executado ao longo do ciclo anual, o Comandante analisa criticamente as informa&ccedil;&otilde;es obtidas e que s&atilde;o utilizadas para estabelecer metas, modificar processos falhos e garantir a melhoria no desempenho da Organiza&ccedil;&atilde;o Militar.<br />&nbsp;&nbsp; S&atilde;o analisadas as informa&ccedil;&otilde;es e adaptadas &agrave;s necessidades do quartel e repassadas para todos os militares em reuni&otilde;es, formaturas e instru&ccedil;&otilde;es de Quadros.<br />&nbsp;&nbsp; Existe grande aten&ccedil;&atilde;o para n&atilde;o copiar id&eacute;ias prontas, sendo feito um estudo sobre o que realmente interessa e pode ser aplicado aa Organização, levando em conta suas peculiaridades.<br />&nbsp;&nbsp; H&aacute; uma &ecirc;nfase voltada para estudar se a informa&ccedil;&atilde;o comparativa est&aacute; de fato relacionada com a miss&atilde;o da Organização, ou seja, se vai incrementar o C2 no &acirc;mbito do CMS.<br />&nbsp;&nbsp; Ap&oacute;s visitas e eventos, s&atilde;o promovidas reuni&otilde;es entre os respons&aacute;veis pelos processos organizacionais para debater e disseminar as propostas mais relevantes.<br />&nbsp;&nbsp; As melhorias de maior grau de complexidade ou que requeiram maiores recursos financeiros ou humanos, s&atilde;o levadas &agrave; aprecia&ccedil;&atilde;o e discuss&atilde;o do Comandante e inclu&iacute;das nos projetos do Plano de Gest&atilde;o do pr&oacute;ximo ciclo.&nbsp;&nbsp;&nbsp;&nbsp;</p>',1,NULL,1,NULL,0,NULL,1,NULL,1,NULL,1,NULL,0,NULL,1,NULL,0,NULL,0,NULL,0,NULL,1,NULL),
  (88,2015,NULL,NULL,NULL,NULL,NULL,NULL,NULL,'<p style=\"text-align:justify;\">&nbsp;&nbsp;&nbsp; A organiza&ccedil;&atilde;o do trabalho e a estrutura de cargos s&atilde;o baseadas na Hierarquia, um dos pilares do Ex&eacute;rcito Brasileiro e fundamentada nos documentos denominados Quadro de Organiza&ccedil;&atilde;o (QO) documento que descreve a estrutura das Organização em pessoal e material para atender miss&otilde;es operacionais. O Quadro de Cargos Previstos (QCP), cont&eacute;m a estrutura&ccedil;&atilde;o de cargos e fun&ccedil;&otilde;es considerando detalhadamente as peculiaridades de cada Organização, os processos que desenvolve e sua miss&atilde;o, estabelecendo um padr&atilde;o de necessidades de efetivos por posto e gradua&ccedil;&atilde;o al&eacute;m de qualifica&ccedil;&otilde;es pessoais para ocupar cargos ou desempenhar fun&ccedil;&otilde;es.</p><p style=\"text-align: justify;\">O QCP pode ser atualizado anualmente, sem acr&eacute;scimo de pessoal, mediante proposta de altera&ccedil;&atilde;o encaminhada ao Estado-Maior do Ex&eacute;rcito (EME), &Oacute;rg&atilde;o de Dire&ccedil;&atilde;o Geral do Ex&eacute;rcito, permitindo desta forma adequa&ccedil;&atilde;o &agrave;s novas necessidades da organiza&ccedil;&atilde;o. As responsabilidades referentes aos cargos constantes no Quadro de Cargos Previstos encontram-se publicadas na Portaria Ministerial Nr 300 de 24 de abril de 1984, denominada Regulamento Interno e dos Servi&ccedil;os Gerais (RISG), publica&ccedil;&atilde;o que cont&eacute;m todos os cargos existentes no Ex&eacute;rcito Brasileiro com suas respectivas atribui&ccedil;&otilde;es, sendo que desta forma o Batalh&atilde;o identifica qual conhecimento militar deve estar associado a cada cargo.</p>',1,NULL,0,NULL,1,NULL,1,NULL,0,NULL,1,NULL,1,NULL,1,NULL,1,NULL,0,NULL,0,NULL,0,NULL),
  (90,2015,NULL,NULL,NULL,NULL,NULL,NULL,NULL,'<p style=\"text-align: justify;\">Desde 2006, o capital intelectual da Organização &eacute; utilizado no aperfei&ccedil;oamento de suas rotinas, com vistas a atingir a efici&ecirc;ncia, efic&aacute;cia e efetividade nas &aacute;reas operacionais e administrativas, necess&aacute;rias ao cumprimento da miss&atilde;o do Batalh&atilde;o.</p><p style=\"text-align: justify;\">Os militares capacitados, na execu&ccedil;&atilde;o de suas atividades, tem a oportunidade de sugerir atualiza&ccedil;&otilde;es nos procedimentos, de acordo com a sua especialidade. A difus&atilde;o do conhecimento, por meio das instru&ccedil;&otilde;es de quadros, tamb&eacute;m promove a melhoria no planejamento, execu&ccedil;&atilde;o e acompanhamento das atividades operacionais e administrativas. O conhecimento organizacional &eacute; utilizado para atualizar Cursos e Est&aacute;gios realizados pela Organização.</p><p style=\"text-align: justify;\">O Batalh&atilde;o identifica as oportunidades por meio da atualiza&ccedil;&atilde;o dos conhecimentos doutrin&aacute;rios, do incentivo ao auto-aperfei&ccedil;oamento e pelo interc&acirc;mbio com outras Unidades do Ex&eacute;rcito e Organiza&ccedil;&otilde;es Civis. A busca constante pelo aperfei&ccedil;oamento de suas atividades, aliada &agrave; proatividade dos comandantes em todos os n&iacute;veis, garante a identifica&ccedil;&atilde;o e incorpora&ccedil;&atilde;o de novas tecnologias que facilitem o cumprimento da miss&atilde;o.</p>',1,NULL,1,NULL,1,NULL,1,NULL,0,NULL,1,NULL,1,NULL,1,NULL,1,NULL,0,NULL,0,NULL,1,NULL),
  (91,2015,NULL,NULL,NULL,NULL,NULL,NULL,NULL,'<p>- Melhorias na alimenta&ccedil;&atilde;o</p><p>- Otimiza&ccedil;&atilde;o das rotinas de trabalho</p><p>- Implanta&ccedil;&atilde;o do Programa Gerenciador de Projetos</p><p>- Mapeamento dos Processos internos</p><p>- Implementa&ccedil;&atilde;o de servi&ccedil;os ligados &agrave; Tecnologia da Informa&ccedil;&atilde;o</p><p>- Site da Organização</p>',1,NULL,1,NULL,1,NULL,0,NULL,0,NULL,1,NULL,1,NULL,1,NULL,1,NULL,0,NULL,0,NULL,0,NULL),
  (92,2015,NULL,NULL,NULL,NULL,NULL,NULL,NULL,'<p style=\"text-align: justify;\">Desde 2006, o conhecimento &eacute; mantido na Unidade por meio de sua difus&atilde;o entre o p&uacute;blico interno. O conhecimento &eacute; incorporado &agrave;s rotinas/processos realizados e documentado nas Normas Gerais de A&ccedil;&atilde;o - NGA ou nos POP.</p>',1,NULL,1,NULL,1,NULL,1,NULL,0,NULL,1,NULL,1,NULL,1,NULL,1,NULL,0,NULL,0,NULL,1,NULL),
  (93,2015,NULL,NULL,NULL,NULL,NULL,NULL,NULL,'<p style=\"text-align: justify;\">Os militares tempor&aacute;rios s&atilde;o formados e convocados para o preenchimento de cargos nos postos de Oficiais Subalternos (1&ordm; e 2&ordm; Tenentes) e na gradua&ccedil;&atilde;o de 3&ordm; Sargentos, n&atilde;o preenchidos por militares de carreira, mediante forma&ccedil;&atilde;o em cursos conduzidos por Organização do Comando Militar do Sul, conforme se segue:</p><p style=\"text-align: justify;\">- oficiais tempor&aacute;rios combatentes - formados nos CPOR/NPOR; - oficiais tempor&aacute;rios de sa&uacute;de - com curso superior nas especialidades de medicina, odontologia, veterin&aacute;ria e farmacologia, convocados ap&oacute;s est&aacute;gio de adapta&ccedil;&atilde;o ao servi&ccedil;o militar; - sargentos tempor&aacute;rios combatentes - formados em cursos na Organização; - sargentos tempor&aacute;rios t&eacute;cnicos possuidores de curso n&iacute;vel t&eacute;cnico - convocados ap&oacute;s est&aacute;gio de adapta&ccedil;&atilde;o ao servi&ccedil;o militar; - cabos e soldados convocados anualmente - s&atilde;o qualificados nos primeiros meses de instru&ccedil;&atilde;o militar. Mediante sele&ccedil;&atilde;o interna, uma parcela realiza o Curso de Forma&ccedil;&atilde;o de Cabo nas Organização.</p>',1,NULL,1,NULL,1,NULL,0,NULL,0,NULL,1,NULL,1,NULL,1,NULL,1,NULL,0,NULL,0,NULL,1,NULL),
  (94,2015,NULL,NULL,NULL,NULL,NULL,NULL,NULL,'<p style=\"text-align: justify;\">Desde 1976, a avalia&ccedil;&atilde;o dos cabos e soldados &eacute; realizada pelos Cmt Cia e Ch Se&ccedil;, quando da necessidade de promo&ccedil;&atilde;o &agrave;s gradua&ccedil;&otilde;es de Cabo e 3&ordm; Sargento, sob a coordena&ccedil;&atilde;o do Chefe da 3&ordf; Se&ccedil;&atilde;o.<br />&nbsp;&nbsp; Tem como requisitos a aptid&atilde;o f&iacute;sica, conceito da chefia, classifica&ccedil;&atilde;o intelectual em curso, entre outros.<br />&nbsp;&nbsp; A avalia&ccedil;&atilde;o dos Quadros de Oficiais e Sargentos Tempor&aacute;rios &eacute; feita anualmente por interm&eacute;rdio da Ficha de Avalia&ccedil;&atilde;o, avaliando quesitos pr&eacute;-definidos em legisla&ccedil;&atilde;o espec&iacute;fica.<br />&nbsp;&nbsp; Os militares tempor&aacute;rios ainda s&atilde;o avaliados atrav&eacute;s da observa&ccedil;&atilde;o di&aacute;ria de seu desempenho funcional e disciplinar, onde cada fato observado em rela&ccedil;&atilde;o ao militar, tanto positivo, quanto negativo, &eacute; registrado em Fichas Individuais de Avalia&ccedil;&atilde;o para subsidiar avalia&ccedil;&otilde;es sobre promo&ccedil;&otilde;es, reconhecimento, perman&ecirc;ncia no Servi&ccedil;o ativo, movimenta&ccedil;&otilde;es, entre outras.</p>',1,NULL,0,NULL,1,NULL,1,NULL,0,NULL,0,NULL,1,NULL,0,NULL,1,NULL,0,NULL,0,NULL,0,NULL),
  (95,2015,NULL,NULL,NULL,NULL,NULL,NULL,NULL,'<p style=\"text-align: justify;\">Desde de sua cria&ccedil;&atilde;o (1976), seguindo a Cadeia de Comando e observadas as prescri&ccedil;&otilde;es regulamentares, &eacute; disponibilizado para todos os integrantes da Organização a possibilidade de interagir com os integrantes do Estado-Maior e Comando do Batalh&atilde;o.<br />&nbsp;&nbsp; O Comando disponibiliza canais de interlocu&ccedil;&atilde;o com os integrantes da Organização, nas reuni&otilde;es di&aacute;rias do Diretor com os Oficias, em reuni&atilde;o semanal com Oficiais, Subtenentes e Sargentos e no contato informal realizado com os militares.<br />&nbsp;&nbsp; Quanto aos Cabos e Soldados, os Cmt SU fazem a intermedia&ccedil;&atilde;o dos problemas que surgem, ficando o contato com o Dirertor da Organização e a tropa efetivado por ocasi&atilde;o das formaturas gerais realizadas semanalmente..</p>',1,NULL,0,NULL,1,NULL,1,NULL,0,NULL,1,NULL,1,NULL,1,NULL,1,NULL,1,NULL,0,NULL,0,NULL),
  (96,2015,NULL,NULL,NULL,NULL,NULL,NULL,NULL,'<p style=\"text-align: justify;\">Desde sua cria&ccedil;&atilde;o em 1976, a integra&ccedil;&atilde;o e a coopera&ccedil;&atilde;o entre os militares de todas as &aacute;reas &eacute; estimulada pelo esp&iacute;rito de corpo e s&atilde; camaradagem, e por meio das pr&oacute;prias atividades militares (formaturas e TFM), bem como, atrav&eacute;s das atividades sociais realizadas mensalmente (almo&ccedil;os com os aniversariantes, pr&aacute;ticas desportivas, reuni&otilde;es sociais).</p>',1,NULL,1,NULL,1,NULL,1,NULL,0,NULL,1,NULL,1,NULL,1,NULL,1,NULL,0,NULL,0,NULL,0,NULL),
  (97,2015,NULL,NULL,NULL,NULL,NULL,NULL,NULL,'<p style=\"text-align: justify;\">Desde sua cria&ccedil;&atilde;o, em 1976, as pessoas rec&eacute;m chegadas s&atilde;o integradas ao ambiente da Unidade de acordo com seu universo profissional, abaixo descritos:<br />&nbsp;&nbsp; - Soldados rec&eacute;m incorporados (RECRUTAS): Imediatamente, come&ccedil;am a receber capacita&ccedil;&atilde;o, treinamento e desenvolvimento pessoal, para facilitar sua adapta&ccedil;&atilde;o ao meio militar, por meio de palestras previstas na FIIB - Fase de&nbsp; Instru&ccedil;&atilde;o Individual B&aacute;sica, regulada no PP-Programa Padr&atilde;o, sob a coordena&ccedil;&atilde;o do Chefe da 3&ordf; Se&ccedil;&atilde;o.<br />&nbsp;&nbsp; - Militares de Carreira (com mais de um ano sv): &eacute; escalado um padrinho de mesma gradua&ccedil;&atilde;o ou posto e sua integra&ccedil;&atilde;o &eacute; bastante simples, pois sua forma&ccedil;&atilde;o nos Estabelecimentos de Ensino permite desempenhar fun&ccedil;&otilde;es em qualquer Organização. Isso &eacute; facilitado em virtude das variadas fun&ccedil;&otilde;es estarem estabelecidas no Regulamento Interno e dos Servi&ccedil;os Gerais (RISG) e independerem da estrutura organizacional. Mesmo assim, recebem um per&iacute;odo de adapta&ccedil;&atilde;o junto &agrave; Cia ou Se&ccedil;&atilde;o &agrave; qual foi designado.<br />&nbsp;&nbsp; - Militares de Carreira rec&eacute;m-formados: s&atilde;o previstos Est&aacute;gios de Orienta&ccedil;&atilde;o destinados aos Aspirantes-a-Oficial, Tenentes rec&eacute;m-formados e 3&ordm; Sargentos egressos das Escolas de Forma&ccedil;&atilde;o. Nos est&aacute;gios prevalecem as aten&ccedil;&otilde;es com o desenvolvimento e acompanhamento dos militares, cujos conhecimentos muitas vezes limitam-se aos auferidos nos cursos de forma&ccedil;&atilde;o.<br />&nbsp;&nbsp; Aos soldados rec&eacute;m-incorporados, &eacute; dada uma aten&ccedil;&atilde;o especial que tem inicio um ano antes, durante o processo de sele&ccedil;&atilde;o, quando s&atilde;o avaliadas suas condi&ccedil;&otilde;es f&iacute;sicas e sanit&aacute;rias. De acordo com a sua avalia&ccedil;&atilde;o, ocorre o seu ingresso no Batalh&atilde;o e na Solenidade de Entrega da Boina, com a presen&ccedil;a de seus familiares, &eacute; representada a integra&ccedil;&atilde;o dos novos soldados e caracterizada a inclus&atilde;o destes no seio da organiza&ccedil;&atilde;o.</p>',1,NULL,1,NULL,1,NULL,1,NULL,0,NULL,1,NULL,1,NULL,1,NULL,1,NULL,0,NULL,0,NULL,0,NULL),
  (98,2015,NULL,NULL,NULL,NULL,NULL,NULL,NULL,'<p style=\"text-align: justify;\">Desde 1976, o desempenho dos integrantes da Organização &eacute; gerenciado, buscando aliar a capacita&ccedil;&atilde;o para o desempenho de suas fun&ccedil;&otilde;es, a atribui&ccedil;&atilde;o de responsabilidades de acordo com o posto ou gradua&ccedil;&atilde;o, o reconhecimento pelo desempenho apresentado, a fiscaliza&ccedil;&atilde;o e acompanhamento das atividades pelos seus chefes imediatos, a busca da satisfa&ccedil;&atilde;o e o atendimento aos anseios e expectativas do p&uacute;blico interno, com o estabelecimento de metas de trabalho e de desempenho.<br />&nbsp;&nbsp; As principais formas de reconhecimento utilizadas s&atilde;o:<br />&nbsp;&nbsp; - elogios<br />&nbsp;&nbsp; - refer&ecirc;ncias elogiosas<br />&nbsp;&nbsp; - dispensas como recompensas<br />&nbsp;&nbsp; - destaques em formaturas<br />&nbsp;&nbsp; - designa&ccedil;&atilde;o para capacita&ccedil;&otilde;es, cursos e est&aacute;gios.</p>',1,NULL,1,NULL,1,NULL,1,NULL,0,NULL,1,NULL,1,NULL,1,NULL,1,NULL,0,NULL,0,NULL,0,NULL),
  (99,2015,NULL,NULL,NULL,NULL,NULL,NULL,NULL,'<p style=\"text-align: justify;\">H&aacute; mais de dez anos, o sistema de Instru&ccedil;&atilde;o Militar do Ex&eacute;rcito Brasileiro (SIMEB), gerenciado pelo Comando de Opera&ccedil;&otilde;es Terrestres (COTER) organiza o ano de instru&ccedil;&atilde;o (capacita&ccedil;&atilde;o) em dois per&iacute;odos distintos: o de Instru&ccedil;&atilde;o Individual e o de Adestramento. Cada um desses per&iacute;odos tem seus objetivos espec&iacute;ficos claramente definidos no Programa de Instru&ccedil;&atilde;o Militar (PIM), nos Programas-Padr&atilde;o (PP) e nas Diretrizes de Instru&ccedil;&atilde;o (Dtz Instr) emanadas dos escal&otilde;es superiores.</p><p style=\"text-align: justify;\">A capacita&ccedil;&atilde;o de toda a for&ccedil;a de trabalho do Batalh&atilde;o &eacute; realizada anualmente pelo Programa de Instru&ccedil;&atilde;o Militar (PIM), sob a coordena&ccedil;&atilde;o do Chefe da 3&ordf; Se&ccedil;&atilde;o, que habilita o militar ao cumprimento das atividades inerentes a seus cargos.</p><p style=\"text-align: justify;\">A identifica&ccedil;&atilde;o das necessidades de treinamento &eacute; realizada pelos Chefes da 3&ordf; Se&ccedil;&atilde;o e de Unidades Gerenciais B&aacute;sicas, com base nos Quadros de Cargos Previstos (QCP), onde s&atilde;o estabelecidas por meio de codifica&ccedil;&otilde;es as necessidades individuais de treinamento para toda a for&ccedil;a de trabalho, ou seja, cada militar da unidade possui um plano de treinamento adequado ao desempenho de sua fun&ccedil;&atilde;o.</p><p style=\"text-align: justify;\">Os Programas Padr&atilde;o de Instru&ccedil;&atilde;o (PP) estabelecem individualmente todas as atividades de capacita&ccedil;&atilde;o necess&aacute;rias para que o militar adquira as habilita&ccedil;&otilde;es do Quadro de Cargos Previstos referente a seu cargo.</p>',1,NULL,1,NULL,1,NULL,1,NULL,0,NULL,1,NULL,1,NULL,1,NULL,1,NULL,0,NULL,0,NULL,1,NULL),
  (100,2015,NULL,NULL,NULL,NULL,NULL,NULL,NULL,'<p style=\"text-align: justify;\">O Batalh&atilde;o vem introduzindo gradualmente em suas instru&ccedil;&otilde;es e em seus cursos e est&aacute;gios os conceitos relacionados ao Sistema de Excel&ecirc;ncia do Ex&eacute;rcito Brasileiro, procurando desenvolver no seu p&uacute;blico interno a vis&atilde;o sist&ecirc;mica, a abordagem por processos, a internaliza&ccedil;&atilde;o do conhecimento organizacional, a medi&ccedil;&atilde;o do desempenho organizacional, a sistem&aacute;tica de trabalho e o foco no cliente e nos resultados.</p><table border=\"0\" cellpadding=\"0\" cellspacing=\"0\"><tbody><tr><td colspan=\"3\" style=\"width: 614px; height: 15px;\"><h1 align=\"center\"><span arial=\"\" sans-serif=\"\" style=\"font-size: 10pt;\"><span><span new=\"\" roman=\"\" style=\"\" times=\"\">&nbsp;&nbsp;&nbsp;&nbsp;&nbsp;&nbsp;&nbsp;&nbsp;&nbsp; </span></span></span><span style=\"font-size: 14px;\">CULTURA DE EXCEL&Ecirc;NCIA</span></h1></td></tr><tr><td style=\"width: 161px; height: 15px;\"><p align=\"center\"><span style=\"font-size: 12px;\"><strong>TEMA</strong></span></p></td><td style=\"width: 153px; height: 15px;\"><p align=\"center\"><span style=\"font-size: 12px;\"><strong>CIRCULOS</strong></span></p></td><td style=\"width: 300px; height: 15px;\"><p align=\"center\"><span style=\"font-size: 12px;\"><strong>M&Eacute;TODO</strong></span></p></td></tr><tr><td style=\"width: 161px; height: 15px;\"><p>Planejamento Estrat&eacute;gico Organizacional (PEO)</p></td><td style=\"width: 153px; height: 15px;\"><p>&nbsp;</p><p align=\"center\">Oficiais</p></td><td style=\"width: 300px; height: 15px;\"><p>Cursos Presenciais, Ensino &agrave; Dist&acirc;ncia, distribui&ccedil;&atilde;o de Manuais T&eacute;cnicos</p><p>e CD-ROM</p></td></tr><tr><td style=\"width: 161px; height: 15px;\"><p>An&aacute;lise e Melhoria de Processos (AMP)</p></td><td rowspan=\"4\" style=\"width: 153px; height: 15px;\"><p align=\"center\">&nbsp;</p><p align=\"center\">&nbsp;</p><p align=\"center\">&nbsp;</p><p align=\"center\">&nbsp;</p><p align=\"center\">Oficiais e Sargentos</p></td><td style=\"width: 300px; height: 15px;\"><p>Cursos Presenciais, Ensino &agrave; Dist&acirc;ncia, distribui&ccedil;&atilde;o de Manuais T&eacute;cnicos</p><p>e CD-ROM</p></td></tr><tr><td style=\"width: 161px; height: 15px;\"><p>Modelo de Excel&ecirc;ncia de Gest&atilde;o (MEG)</p></td><td style=\"width: 300px; height: 15px;\"><p>Cursos Presenciais, Ensino &agrave; Dist&acirc;ncia, distribui&ccedil;&atilde;o de Manuais T&eacute;cnicos</p></td></tr><tr><td style=\"width: 161px; height: 15px;\"><p>Sistema de Medi&ccedil;&atilde;o do Desempenho Organizacional (SMDO)</p></td><td style=\"width: 300px; height: 15px;\"><p>Distribui&ccedil;&atilde;o de Manuais T&eacute;cnicos</p></td></tr><tr><td style=\"width: 161px; height: 15px;\"><p>Melhoria Cont&iacute;nua (MC)</p></td><td style=\"width: 300px; height: 15px;\"><p>Cursos Presenciais, Ensino &agrave; Dist&acirc;ncia, distribui&ccedil;&atilde;o de Manuais T&eacute;cnicos</p><p>e CD-ROM</p></td></tr><tr><td colspan=\"3\" style=\"width: 614px; height: 15px;\"><ul><li>CULTURA DE EXCEL&Ecirc;NCIA</li></ul></td></tr></tbody></table><p>&nbsp;</p>',1,NULL,0,NULL,1,NULL,1,NULL,0,NULL,1,NULL,1,NULL,1,NULL,1,NULL,0,NULL,0,NULL,1,NULL),
  (103,2015,NULL,NULL,NULL,NULL,NULL,NULL,NULL,'<p style=\"text-align: justify;\">Desde 1976, os treinamentos do Batalh&atilde;o s&atilde;o gerenciados com base nas seguintes pr&aacute;ticas:<br />&nbsp;&nbsp; - Ficha de Avalia&ccedil;&atilde;o de Instru&ccedil;&atilde;o: Documento de confec&ccedil;&atilde;o semanal destinado a registrar os &iacute;ndices de desempenho alcan&ccedil;ado por cada militar. Atrav&eacute;s da verifica&ccedil;&atilde;o do atingimento do padr&atilde;o m&iacute;nimo do Objetivo Individual de Instru&ccedil;&atilde;o (OII).<br />&nbsp;&nbsp; - Plano de Sess&atilde;o: Documento elaborado pelo Instrutor, baseado no Quadro de Trabalho Semanal, analisado pelo Comandante de Subunidade, que cont&eacute;m as atividades que ser&atilde;o desenvolvidas na sess&atilde;o de instru&ccedil;&atilde;o para atingir o Objetivo Individual de Instru&ccedil;&atilde;o. S&atilde;o controlados no Plano de Sess&atilde;o as faltas e observa&ccedil;&otilde;es referentes aos militares com maiores dificuldades.<br />&nbsp;&nbsp; FASES DE TREINAMENTO:<br />&nbsp;&nbsp; - A FASE DE INSTRU&Ccedil;&Atilde;O INDIVIDUAL B&Aacute;SICA - FIIB tem como objetivos espec&iacute;ficos preparar o combatente b&aacute;sico, isto &eacute;, o soldado ambientado e habilitado para iniciar a instru&ccedil;&atilde;o de qualifica&ccedil;&atilde;o; preparar o reservista de 2&ordf; Categoria; capacitar o soldado a ser empregado em determinadas Opera&ccedil;&otilde;es de Garantia da Lei e da Ordem (GLO); desenvolver e consolidar o valor moral da tropa; e iniciar o estabelecimento de v&iacute;nculos de lideran&ccedil;a entre comandantes (de todos os n&iacute;veis) e comandados.<br />&nbsp;&nbsp; - A FASE DE INSTRU&Ccedil;&Atilde;O INDIVIDUAL DE QUALIFICA&Ccedil;&Atilde;O - FIIQ tem por finalidade qualificar o combatente, isto &eacute;, o cabo e o soldado aptos a ocuparem cargos espec&iacute;ficos na Organização; formar o reservista de 1&ordf; Categoria (Combatente Mobiliz&aacute;vel) e, de igual maneira &agrave; fase anterior, desenvolver e consolidar o valor moral da tropa. Nesse per&iacute;odo s&atilde;o conduzidos os Cursos de Forma&ccedil;&atilde;o de Cabos (CFC) e o de Soldado (CFSd), tendo como universo de instruendos os conscritos apresentados na Organização para o Servi&ccedil;o Militar Inicial. A finalidade dos cursos &eacute; formar os cabos e soldados para preenchimento das vagas existentes nas Organização, sendo sua execu&ccedil;&atilde;o regulada pelo Comando de Opera&ccedil;&otilde;es Terrestres (COTER) em documentos pr&oacute;prios. O princ&iacute;pio metodol&oacute;gico orientador da fase &eacute; a instru&ccedil;&atilde;o voltada para o desempenho. As sess&otilde;es de instru&ccedil;&atilde;o t&ecirc;m car&aacute;ter eminentemente pr&aacute;tico, de forma a preparar o soldado para o desempenho de tarefas individuais e coletivas. Para tanto, os objetivos propostos para as sess&otilde;es de instru&ccedil;&atilde;o devem priorizar o desenvolvimento de destrezas e habilidades dos instruendos para a execu&ccedil;&atilde;o de tarefas que correspondam &agrave;s fun&ccedil;&otilde;es do cargo que ocupar&atilde;o na Organiza&ccedil;&atilde;o Militar.<br />&nbsp;&nbsp; - A FASE DE ADESTRAMENTO B&Aacute;SICO visa a capacitar fra&ccedil;&otilde;es(pequenas equipes), subunidades (grandes equipes) e o Batalh&atilde;o, como um todo, ao emprego em opera&ccedil;&otilde;es de combate.<br />&nbsp;&nbsp; - A FASE DE ADESTRAMENTO AVAN&Ccedil;ADO visa a capacitar os Grandes Comandos (Conjunto de Unidades (Batalh&atilde;o), como um todo, ao emprego em opera&ccedil;&otilde;es de combate. O desempenho coletivo desejado &eacute; obtido por meio de exerc&iacute;cio de combina&ccedil;&otilde;es de diversos tipos e portes de Organiza&ccedil;&otilde;es Militares (Cavalaria, Artilharia, Intend&ecirc;ncia, Material B&eacute;lico, entre outras) e de atividades de Comando e dos Estados-Maiores. A Fase de Adestramento Avan&ccedil;ado encerra o ano de instru&ccedil;&atilde;o.<br />&nbsp;&nbsp; - Por fim, a CTTEP: CAPACITA&Ccedil;&Atilde;O T&Eacute;CNICA E T&Aacute;TICA DO EFETIVO PROFISSIONAL, programa destinado &agrave; manuten&ccedil;&atilde;o dos padr&otilde;es j&aacute; alcan&ccedil;ados pelos efetivos profissionais, formados pelos quadros (oficiais e graduados) e pelo N&uacute;cleo-Base (cabos e soldados antigos), a fim de preservar o estado de prontid&atilde;o constante que se espera do Batalh&atilde;o e atendimento de necessidades especiais de treinamentos. A CTTEP &eacute; encargo da Organização e desenvolve-se sob a dire&ccedil;&atilde;o de seu Comandante, fato que permite atender qualquer peculiaridade relativa a capacita&ccedil;&atilde;o, com a inclus&atilde;o de instru&ccedil;&otilde;es n&atilde;o previstas nas Fases anteriores, sobre os assuntos mais variados.</p>',1,NULL,1,NULL,1,NULL,1,NULL,0,NULL,1,NULL,1,NULL,1,NULL,1,NULL,0,NULL,0,NULL,0,NULL),
  (104,2015,NULL,NULL,NULL,NULL,NULL,NULL,NULL,'<p style=\"text-align: justify;\">Desde sua cria&ccedil;&atilde;o em 1976, o Batalh&atilde;o avalia os resultados de seus treinamentos pelas seguintes pr&aacute;ticas:<br />&nbsp;&nbsp; - Inspe&ccedil;&otilde;es de Instru&ccedil;&atilde;o: Com o objetivo de avaliar os n&iacute;veis de operacionalidade e o cumprimento das atividades previstas no Programa de Instru&ccedil;&atilde;o Militar e o registro dessas atividades nos documentos correspondentes o Chefe da 3&ordf; Se&ccedil;&atilde;o do Batalh&atilde;o realiza uma inspe&ccedil;&atilde;o de instru&ccedil;&atilde;o por fase (B&aacute;sica, Qualifica&ccedil;&atilde;o e Adestramento) em cada Subunidade.<br />&nbsp;&nbsp; - Relat&oacute;rios de Instru&ccedil;&atilde;o: Ao final de cada per&iacute;odo de Instru&ccedil;&atilde;o, a 3&ordf; Se&ccedil;&atilde;o expede um relat&oacute;rio com todos os fatos observados, os militares aptos e inaptos na fase considerada, as n&atilde;o Conformidades verificadas e as provid&ecirc;ncias as serem adotadas, os resultados s&atilde;o disponibilizados em murais de gest&atilde;o a vista para todos os militares.<br />&nbsp;&nbsp; - Avalia&ccedil;&atilde;o de Instru&ccedil;&atilde;o: Ao t&eacute;rmino de cada sess&atilde;o de instru&ccedil;&atilde;o, o instrutor por meio de verifica&ccedil;&atilde;o verbal, escrita ou pr&aacute;tica, avalia o n&iacute;vel de aprendizado referente ao assunto ministrado. Verificando se o instruendo atingiu o PADR&Atilde;O estabelecido no Programa Padr&atilde;o, para a execu&ccedil;&atilde;o da tarefa proposta. Como forma de avaliar a sess&atilde;o de Instru&ccedil;&atilde;o na &oacute;tica do instruendo, eventualmente, s&atilde;o distribu&iacute;das pesquisas de opini&atilde;o. Encerra-se ent&atilde;o a fase de avalia&ccedil;&atilde;o.</p>',1,NULL,1,NULL,1,NULL,1,NULL,0,NULL,1,NULL,1,NULL,1,NULL,1,NULL,0,NULL,0,NULL,0,NULL),
  (107,2015,NULL,NULL,NULL,NULL,NULL,NULL,NULL,'<p style=\"text-align: justify;\">Desde 2006, a gest&atilde;o de riscos na Organização obedece ao Programa de Instru&ccedil;&atilde;o Militar, com alguns pressupostos b&aacute;sicos como:<br />&nbsp;&nbsp; - Toda atividade militar envolve riscos, todos os acidentes podem e devem ser evitados e a preven&ccedil;&atilde;o de acidentes de instru&ccedil;&atilde;o faz parte das fun&ccedil;&otilde;es e responsabilidades dos comandantes, em todos os n&iacute;veis.<br />&nbsp;&nbsp; - O Batalh&atilde;o possui designado em Boletim Interno um Oficial de Preven&ccedil;&atilde;o de Acidentes da Unidade. Conforme previsto no Artigo 74 do Regulamento Interno e dos Servi&ccedil;os Gerais, esse Oficial &eacute; o assessor do Comandante nessa mat&eacute;ria e confecciona anualmente um Programa de Preven&ccedil;&atilde;o de Acidentes de Instru&ccedil;&atilde;o, com o objetivo de implementar a&ccedil;&otilde;es e procedimentos de preven&ccedil;&atilde;o de acidentes e riscos. Nesse programa, &eacute; dada especial aten&ccedil;&atilde;o as &aacute;reas da motiva&ccedil;&atilde;o, educa&ccedil;&atilde;o e supervis&atilde;o, que possam reduzir a probabilidade da ocorr&ecirc;ncia de acidentes.<br />&nbsp;&nbsp; - Os perigos relacionados &agrave; sa&uacute;de ocupacional, seguran&ccedil;a e ergonomia s&atilde;o estabelecidos no Caderno de Instru&ccedil;&atilde;o 32-2<br />Gerenciamento de Risco aplicado &agrave;s atividades militares e no Caderno de Instru&ccedil;&atilde;o 32/1 Preven&ccedil;&atilde;o de Acidentes de Instru&ccedil;&atilde;o, e podem ser AMBIENTAIS presentes no local de trabalho, OCUPACIONAIS relativos &agrave; fun&ccedil;&atilde;o e GERAIS relacionados &agrave; forma como &eacute; desenvolvida a atividade. Esses perigos s&atilde;o identificados quando da elabora&ccedil;&atilde;o anual do Programa de Preven&ccedil;&atilde;o de Acidentes na Instru&ccedil;&atilde;o.<br />&nbsp;&nbsp; - Em cada atividade militar que envolva riscos, o referido oficial elabora uma Ordem de Instru&ccedil;&atilde;o com todas as medidas<br />preventivas a serem adotadas, para minimizar a possibilidade da ocorr&ecirc;ncia de acidentes decorrentes dos perigos identificados. Da mesma forma, estabelece as medidas de tratamento de tais perigos e determina ao encarregado da atividade de instru&ccedil;&atilde;o ou do emprego da tropa, levantamento dos fatores de risco para a elabora&ccedil;&atilde;o do Formul&aacute;rio de Risco.</p>',1,NULL,1,NULL,1,NULL,1,NULL,0,NULL,1,NULL,1,NULL,1,NULL,1,NULL,0,NULL,0,NULL,0,NULL),
  (109,2015,NULL,NULL,NULL,NULL,NULL,NULL,NULL,'<p style=\"text-align: justify;\">Por meio da apresenta&ccedil;&atilde;o de sugest&otilde;es ou reclama&ccedil;&otilde;es por parte dos integrantes da Organização (n&atilde;o padronizado) e em reuni&otilde;es dentro de cada c&iacute;rculo hier&aacute;rquico, e que s&atilde;o levadas as sugest&otilde;es/reclama&ccedil;&otilde;es arav&eacute;s do canal de comando ao Comando da Organização.</p><p style=\"text-align: justify;\">Desde de sua cria&ccedil;&atilde;o (1976), seguindo a Cadeia de Comando e observadas as prescri&ccedil;&otilde;es regulamentares, &eacute; disponibilizado para todos os integrantes da Organização a possibilidade de interagir com os integrantes do Estado-Maior e Comando do Batalh&atilde;o.</p><p style=\"text-align: justify;\">O Comando disponibiliza canais de interlocu&ccedil;&atilde;o com os integrantes da Organização, nas reuni&otilde;es di&aacute;rias do Diretor com os Oficias, em reuni&atilde;o semanal com Oficiais, Subtenentes e Sargentos e no contato informal realizado com os militares.</p><p style=\"text-align: justify;\">Quanto aos Cabos e Soldados, os Cmt SU fazem a intermedia&ccedil;&atilde;o dos problemas que surgem, ficando o contato com o Dirertor da Organização e a tropa efetivado por ocasi&atilde;o das formaturas gerais realizadas semanalmente.</p><p style=\"text-align: justify;\">Desde 2006, foi estabelecido pelo Comando da Organização que o principal canal de comunica&ccedil;&atilde;o para receber eventuais den&uacute;ncias da viola&ccedil;&atilde;o da &eacute;tica &eacute; atrav&eacute;s das Rela&ccedil;&otilde;es P&uacute;blicas da Organização, que &eacute; chefiado por um Oficial de Comunica&ccedil;&atilde;o Social.</p>',1,NULL,1,NULL,1,NULL,1,NULL,0,NULL,1,NULL,1,NULL,1,NULL,1,NULL,0,NULL,0,NULL,0,NULL),
  (111,2015,NULL,NULL,NULL,NULL,NULL,NULL,NULL,'<p style=\"text-align: justify;\">S&atilde;o identificados de acordo com a miss&atilde;o da Organização e compat&iacute;veis com os sistemas de 1&ordf; ordem da Organização, no que for aplic&aacute;vel &agrave; Organização.</p><p style=\"text-align: justify;\">Os principais processos final&iacute;sticos s&atilde;o: preparo, opera&ccedil;&otilde;es ACISO, log&iacute;stica, comando e controle. O Dirertor e EM da Organização, auxiliado pelos Cmt SU, definem e nomeiam os processos final&iacute;sticos em reuni&otilde;es de debates e brainstorming, seguindo o preconizado pelo SE-EB no tocante aos processos.</p><p style=\"text-align:justify;\">&nbsp;&nbsp;&nbsp; Os processos final&iacute;sticos est&atilde;o diretamente relacionados &agrave; miss&atilde;o do Batalh&atilde;o e seus produtos e servi&ccedil;os e est&atilde;o descritos no Plano de Gest&atilde;o e processos de apoio s&atilde;o os que d&atilde;o suporte aos final&iacute;sticos. Os processos final&iacute;sticos s&atilde;o os seguintes:Preparo e Emprego</p>',1,NULL,1,NULL,1,NULL,1,NULL,0,NULL,1,NULL,1,NULL,0,NULL,1,NULL,0,NULL,0,NULL,0,NULL),
  (112,2015,NULL,NULL,NULL,NULL,NULL,NULL,NULL,'<p style=\"text-align: justify;\">Desde 2006, os processos de apoio foram definidos a partir das atividades essenciais para a gest&atilde;o efetiva da organiza&ccedil;&atilde;o. Viabilizam o funcionamento dos v&aacute;rios subsistemas da organiza&ccedil;&atilde;o e garantem o suporte adequado aos processos final&iacute;sticos.<br />&nbsp;&nbsp; Os processos de apoio s&atilde;o os seguintes:<br />&nbsp;&nbsp; - Gest&atilde;o de Pessoal<br />&nbsp;&nbsp; - Gest&atilde;o Patrimonial<br />&nbsp;&nbsp; - Gest&atilde;o de Suprimento<br />&nbsp;&nbsp; - Seguran&ccedil;a Org&acirc;nica<br />&nbsp;&nbsp; - Gest&atilde;o Or&ccedil;ament&aacute;ria e Financeira<br />&nbsp;&nbsp; - Sistema de Excel&ecirc;ncia</p>',1,NULL,1,NULL,1,NULL,1,NULL,0,NULL,1,NULL,1,NULL,1,NULL,1,NULL,0,NULL,0,NULL,1,NULL),
  (114,2015,NULL,NULL,NULL,NULL,NULL,NULL,NULL,'<p style=\"text-align: justify;\">Desde 2006, cada processo possui um gerente e um respons&aacute;vel, que executam o controle e implementam as melhorias. Esses agentes controlam tamb&eacute;m o sistema de desempenho do processo, que avalia semestralmente o processo para fazer rodar o ciclo PDCA da melhoria cont&iacute;nua.<br />&nbsp;&nbsp; Para a execu&ccedil;&atilde;o dos processos final&iacute;sticos, a Organização segue as normas, regras e orienta&ccedil;&otilde;es contidas nos manuais, regulamentos e diretrizes do escal&atilde;o superior, assim como os sistemas informatizados, disponibilizados pelo Ex&eacute;rcito.</p>',1,NULL,1,NULL,0,NULL,1,NULL,1,NULL,1,NULL,1,NULL,1,NULL,0,NULL,0,NULL,0,NULL,1,NULL),
  (115,2015,NULL,NULL,NULL,NULL,NULL,NULL,NULL,'<p style=\"text-align: justify;\">Os processos de apoio s&atilde;o gerenciados por oficiais e/ou sargentos de todos os setores. Para a execu&ccedil;&atilde;o dos processos de apoio, a Organização segue as normas, regras e orienta&ccedil;&otilde;es contidas nos manuais, regulamentos e diretrizes do escal&atilde;o superior, assim como os sistemas informatizados, disponibilizados pelo Ex&eacute;rcito. Os processo tamb&eacute;m s&atilde;o controlados pelos resultados apresentados na sua execu&ccedil;&atilde;o.</p>',1,NULL,0,NULL,0,NULL,1,NULL,0,NULL,1,NULL,1,NULL,1,NULL,1,NULL,0,NULL,0,NULL,0,NULL),
  (116,2015,NULL,NULL,NULL,NULL,NULL,NULL,NULL,'<p style=\"text-align: justify;\">Os problemas que impactam diretamente nos processos final&iacute;sticos t&ecirc;m prioridade para solu&ccedil;&atilde;o em rela&ccedil;&atilde;o a outros problemas, excetuando-se as necessidades priorit&aacute;rias definidas pelo escal&atilde;o superior.</p><p style=\"text-align: justify;\">Toda atividade que se refere diretamente a um processo final&iacute;stico &eacute; controlada durante sua execu&ccedil;&atilde;o e precisa atingir um padr&atilde;o previamente estipulado e previsto no documento de planejamento da atividade. Esse padr&atilde;o deve ser do conhecimento de todos os envolvidos na atividade, que &eacute; analisada logo ap&oacute;s sua execu&ccedil;&atilde;o.&nbsp; Com isso, &eacute; verificado se o padr&atilde;o foi atingido ou ficou aqu&eacute;m. Ficando aqu&eacute;m, ser&aacute; verificado na APA e constar&aacute; dos respectivos relat&oacute;rios. Todo o problema ser&aacute; analisado logo ap&oacute;s ser identificado e a&ccedil;&otilde;es corretivas ser&atilde;o sugeridas para serem estudadas por quem detectou o problema e por aqueles que executaram a atividade. Ser&atilde;o utilizadas ferramentas espec&iacute;ficas (diagrama de Ishikawa, matriz GUT, matriz BASICO) para que a&ccedil;&otilde;es corretivas sejam implementadas.</p>',1,NULL,1,NULL,1,NULL,0,NULL,0,NULL,1,NULL,1,NULL,0,NULL,1,NULL,1,NULL,0,NULL,0,NULL),
  (117,2015,NULL,NULL,NULL,NULL,NULL,NULL,NULL,'<p style=\"text-align: justify;\">De maneira semelhante aos identificados nos processos final&iacute;sticos, por&eacute;m se um problema advindo de um processo de apoio n&atilde;o impactar diretamente na miss&atilde;o da Organização, sua resolu&ccedil;&atilde;o ter&aacute; uma prioridade mais baixa do que aquele que impacta.</p>',1,NULL,0,NULL,1,NULL,1,NULL,0,NULL,1,NULL,1,NULL,1,NULL,1,NULL,0,NULL,0,NULL,0,NULL),
  (118,2015,NULL,NULL,NULL,NULL,NULL,NULL,NULL,'<p style=\"text-align: justify;\">Cada processo final&iacute;stico possui etapas que s&atilde;o planejadas, executadas, fiscalizadas e melhoradas, utilizando-se dos princ&iacute;pios da melhoria cont&iacute;nua e da aplica&ccedil;&atilde;o do PDCA. Destaca-se, ainda, o trabalho pr&oacute;-ativo dos gerentes dos processos final&iacute;sticos e de suas equipes, procurando sempre prever e atender todas as situa&ccedil;&otilde;es poss&iacute;veis e evitar ao m&aacute;ximo a ocorr&ecirc;ncia de problemas.</p>',1,NULL,1,NULL,1,NULL,0,NULL,1,NULL,1,NULL,1,NULL,1,NULL,1,NULL,0,NULL,0,NULL,1,NULL),
  (119,2015,NULL,NULL,NULL,NULL,NULL,NULL,NULL,'<p style=\"text-align: justify;\">Segue abaixo, um extrato das principais melhorias implementadas a partir de 2006,&nbsp; com base na an&aacute;lise estrat&eacute;gica de informa&ccedil;&otilde;es e uso de ferramentas de gest&atilde;o:</p><p style=\"text-align: justify;\">- LOG&Iacute;STICA: t&eacute;rmino de lan&ccedil;amento de todos os itens do Batalh&atilde;o no SIMATEX; aumento da disponibilidade de viaturas; aumento do QR mediante solicita&ccedil;&atilde;o fundamentada ao escal&atilde;o de apoio.</p><p style=\"text-align: justify;\">- PREPARO: QTS do acampamento da IIB definido um m&ecirc;s antes de o acampamento acontecer; realiza&ccedil;&atilde;o do adestramento avan&ccedil;ado com a efetiva realiza&ccedil;&atilde;o de todas as marchas e acampamentos previstos&nbsp;</p><p style=\"text-align: justify;\">- PESSOAL: sele&ccedil;&atilde;o complementar com teste f&iacute;sico controlado; implementa&ccedil;&atilde;o de pr&eacute;vias do TAF; proposta de mudan&ccedil;a do QCP do Batalh&atilde;o encaminhada ao escal&atilde;o superior depois de ouvir todos os Cmt SU e o EM da Organização e baseado nas principais defici&ecirc;ncias da Organização em pessoal.</p><p style=\"text-align: justify;\">- OPERA&Ccedil;&Otilde;ES ACISO: defini&ccedil;&atilde;o das opera&ccedil;&otilde;es a realizar anualmente; definir uma SU para cada miss&atilde;o; implementa&ccedil;&atilde;o do modelo de relat&oacute;rio de realiza&ccedil;&atilde;o da Opera&ccedil;&atilde;o.</p><p style=\"text-align: justify;\">- COMANDO E CONTROLE: implementa&ccedil;&atilde;o da utiliza&ccedil;&atilde;o do Programa Gerenciador de Projetos, que possibilitam ao Comandante acompanhar os projetos a cargo doa diversos gerentes; implementa&ccedil;&atilde;o da melhoria do subprocesso do Adt Adm BI, que agilizou os subprocessos da Adm.</p>',1,NULL,1,NULL,1,NULL,0,NULL,0,NULL,1,NULL,1,NULL,1,NULL,1,NULL,0,NULL,0,NULL,1,NULL),
  (120,2015,NULL,NULL,NULL,NULL,NULL,NULL,NULL,'<p style=\"text-align: justify;\">Cada processo de apoio possui etapas que s&atilde;o planejadas, executadas, fiscalizadas e melhoradas, utilizando-se dos princ&iacute;pios da melhoria cont&iacute;nua e da aplica&ccedil;&atilde;o do PDCA. Destaca-se, ainda, o trabalho pr&oacute;-ativo dos gerentes dos processos final&iacute;sticos e de suas equipes, procurando sempre prever e atender todas as situa&ccedil;&otilde;es poss&iacute;veis e evitar ao m&aacute;ximo a ocorr&ecirc;ncia de problemas.</p>',1,NULL,1,NULL,1,NULL,0,NULL,1,NULL,1,NULL,1,NULL,1,NULL,1,NULL,0,NULL,0,NULL,0,NULL),
  (122,2015,NULL,NULL,NULL,NULL,NULL,NULL,NULL,'<p style=\"text-align: justify;\">Utiliza&ccedil;&atilde;o dos sistemas corporativos da Organização, diminuindo os gastos com material de expediente, entre eles:</p><p style=\"text-align: justify;\">- controle de material (SIMATEX)</p><p style=\"text-align: justify;\">- Correio eletr&ocirc;nico (EXPRESSO)</p><p style=\"text-align: justify;\">- Controle de Pessoal (M&Oacute;DULO E1)</p><p style=\"text-align: justify;\">- Pagamento de Pessoal (SPP/CPEX)</p><p style=\"text-align: justify;\">- otimiza&ccedil;&atilde;o do sistema de protocolo interno e fluxo da documenta&ccedil;&atilde;o, com o Gerenciador de Projetos (GP WEB).</p><p style=\"text-align: justify;\">- entre outros.</p>',1,NULL,1,NULL,1,NULL,1,NULL,0,NULL,1,NULL,1,NULL,1,NULL,1,NULL,0,NULL,0,NULL,0,NULL),
  (123,2015,NULL,NULL,NULL,NULL,NULL,NULL,NULL,'<p style=\"text-align: justify;\">Desde 2006, foi implementado o procedimento de, em todos os processos licitat&oacute;rios, disseminar para os fornecedores as orienta&ccedil;&otilde;es com rela&ccedil;&atilde;o aos materiais ou servi&ccedil;os a serem fornecidos. Nesta fase s&atilde;o esclarecidas quaisquer d&uacute;vidas que porventura ocorrerem. Ap&oacute;s a licita&ccedil;&atilde;o, todas as altera&ccedil;&otilde;es ocorridas com rela&ccedil;&atilde;o ao fornecimento de materiais ou quanto &agrave; presta&ccedil;&atilde;o de servi&ccedil;os s&atilde;o informadas ao fornecedor, inicialmente atrav&eacute;s de contato informal e, persistindo a altera&ccedil;&atilde;o, mediante documento formal.Se as altera&ccedil;&otilde;es n&atilde;o forem solucionadas, s&atilde;o lan&ccedil;adas no SIASG e no SIAFI as devidas san&ccedil;&otilde;es administrativas. Os principais instrumentos de medi&ccedil;&atilde;o do desempenho dos fornecedores s&atilde;o: o crit&eacute;rio de cumprimento de prazo e atendimento &agrave;s especifica&ccedil;&otilde;es constantes do Edital, visando a atender os requisitos da Organização. Quando h&aacute; descumprimento nos prazos, o fornecedor &eacute; informado, inicialmente, por telefone e, posteriormente, por meio de Of&iacute;cio para tomar as devidas provid&ecirc;ncias com rela&ccedil;&atilde;o a entrega do material ou &agrave; execu&ccedil;&atilde;o do servi&ccedil;o. Quando o material &eacute; recebido com alguma especifica&ccedil;&atilde;o divergente da constante do Edital, &eacute; acionada a Comiss&atilde;o de Recebimento e Exame de Material (CREM) relativa a classe do material recebido, para lavrar um Termo de Recebimento e Exame de Material (TREM) no qual constar&atilde;o as altera&ccedil;&otilde;es verificadas e a decis&atilde;o da Comiss&atilde;o quanto a viabilidade de efetivar o recebimento do material e, dessa forma, dar ou n&atilde;o seq&uuml;&ecirc;ncia no processo de aquisi&ccedil;&atilde;o com a liquida&ccedil;&atilde;o e o pagamento. Em caso de inviabilidade de aprovar o recebimento do material, o fornecedor &eacute; informado mediante of&iacute;cio e solicitado a recolher e trocar o material por outro que atenda &agrave;s especifica&ccedil;&otilde;es constantes do Edital. Com rela&ccedil;&atilde;o &agrave; presta&ccedil;&atilde;o de servi&ccedil;os, o fiscal de contrato &eacute; o respons&aacute;vel por fazer a media&ccedil;&atilde;o entre a Organização e o fornecedor, orientando e cobrando a correta execu&ccedil;&atilde;o do que foi contratado dentro dos prazos preestabelecidos. Estas pr&aacute;ticas s&atilde;o realizadas h&aacute; mais de 5 anos e valem para todos os processos de aquisi&ccedil;&atilde;o de material e de contrata&ccedil;&atilde;o de servi&ccedil;os.</p>',1,NULL,1,NULL,1,NULL,1,NULL,0,NULL,1,NULL,1,NULL,1,NULL,1,NULL,0,NULL,0,NULL,0,NULL),
  (124,2014,'Fiscalização dos contratos vigentes.','Nas dependência da nossa organização','Mensalmente nos contratos de longa duração e sempre que houver um serviço de execução imediata.','O Fiscal munido de um iPad irá marcar o checklist sobre a conformidade ou não das ações estabelecidas.','Requisito legal para administração pública','Sem custo, exceto a mão de obra','Equipe do setor de patrimônio','<p style=\"text-align:justify;\">Desde 2006, o Fiscal de Contratos gerencia os contratos vigentes dentro da Organiza&ccedil;&atilde;o, particularmente, a entrada de produtos e os servi&ccedil;os em execu&ccedil;&atilde;o, e as receitas geradas pelos permission&aacute;rios.</p><p style=\"text-align:justify;\">A Unidade fortalece o relacionamento com os fornecedores atrav&eacute;s do estrito cumprimento das prescri&ccedil;&otilde;es da Lei 8.666/93, com o pagamento em dia das obriga&ccedil;&otilde;es assumidas, o que gera a confiabilidade m&uacute;tua necess&aacute;ria &agrave; forma&ccedil;&atilde;o e manuten&ccedil;&atilde;o de um relacionamento duradouro.</p><p style=\"text-align:justify;\">Os fornecedores s&atilde;o notificados por telefone quando h&aacute; insatisfa&ccedil;&atilde;o da Organização ou n&atilde;o atendimento nas cl&aacute;usulas contratuais. O papel do fiscal de contratos &eacute; fundamental para esse procedimento.</p>',1,NULL,1,NULL,0,'Falta uma maior integração com o setor financeiro, quando dos pagamentos.',1,NULL,0,'Não houve nenhum refinamento implantado npos últimos 2 ciclos.',1,NULL,1,NULL,0,'Falta o almoxarife e tesoureiro realizarem uma maior troca de informações com o fiscal de contrato',1,NULL,0,NULL,0,NULL,1,NULL),
  (125,2015,NULL,NULL,NULL,NULL,NULL,NULL,NULL,'<p style=\"text-align: justify;\">A minimiza&ccedil;&atilde;o dos custos ocorre por meio do uso racionalizado dos meios. Por meio de licita&ccedil;&atilde;o, escolhe-se a empresa que oferecer o menor pre&ccedil;o e tenha capacidade prevista de cumprir com suas obriga&ccedil;&otilde;es</p>',1,NULL,1,NULL,1,NULL,0,NULL,0,NULL,1,NULL,1,NULL,1,NULL,1,NULL,0,NULL,0,NULL,1,NULL),
  (126,2015,NULL,NULL,NULL,NULL,NULL,NULL,NULL,'<p style=\"text-align: justify;\">O processo de compras &eacute; regulamentado pela lei 8666/93 a qual define as regras do processo licitat&oacute;rio. Seguindo o que prescreve a Lei, na prepara&ccedil;&atilde;o do Edital de Convoca&ccedil;&atilde;o, a Organização estabelece todas as regras de licita&ccedil;&atilde;o definindo os pre&ccedil;os de refer&ecirc;ncia, os prazos de entrega e as especifica&ccedil;&otilde;es t&eacute;cnicas do produto/servi&ccedil;o a serem fornecidos. Os pre&ccedil;os de refer&ecirc;ncia s&atilde;o definidos atrav&eacute;s de pesquisa de mercado utilizando-se o Sistema de Registro de Pre&ccedil;os (SIREP), cat&aacute;logos de fabricantes ou representantes, consulta ao com&eacute;rcio varejista / atacadista e at&eacute; mesmo a Internet. Os prazos de entrega s&atilde;o definidos de acordo com a complexidade dos produtos/servi&ccedil;os a serem fornecidos, de acordo com as experi&ecirc;ncias anteriores de compra de produtos/servi&ccedil;os similares e de acordo com as prioridades da Organização.</p><p style=\"text-align: justify;\">Conforme descrito anteriormente, a Organização adota, preferencialmente, a modalidade preg&atilde;o sendo a que mais estimula a concorr&ecirc;ncia entre os fornecedores, gerando, dessa forma, pre&ccedil;os mais competitivos para a aquisi&ccedil;&atilde;o dos bens.</p>',1,NULL,1,NULL,1,NULL,1,NULL,0,NULL,1,NULL,1,NULL,1,NULL,1,NULL,0,NULL,0,NULL,0,NULL),
  (127,2015,NULL,NULL,NULL,NULL,NULL,NULL,NULL,'<p style=\"text-align: justify;\">O processo or&ccedil;ament&aacute;rio da organiza&ccedil;&atilde;o inicia-se quando o Congresso Nacional aprova o Or&ccedil;amento da Uni&atilde;o, que gera o Or&ccedil;amento do Minist&eacute;rio da Defesa e conseq&uuml;entemente o Or&ccedil;amento do Ex&eacute;rcito. S&oacute; ent&atilde;o o Or&ccedil;amento da organiza&ccedil;&atilde;o &eacute; definido. Essa dota&ccedil;&atilde;o or&ccedil;ament&aacute;ria &eacute; traduzida em um or&ccedil;amento mensal e/ou trimestral que permite ao Comandante provisionar recursos financeiros ao PEO para suportar as estrat&eacute;gias, os planos e possibilitar o planejamento das rotinas, de acordo com a verba dispon&iacute;vel, e sem a possibilidade de gastos extras.</p><p style=\"text-align: justify;\">Em caso de contingenciamento de recursos por parte do Ex&eacute;rcito, o Comandante da Organização aciona um Plano de Melhoria e um Plano de Economia visando &agrave; redu&ccedil;&atilde;o de gastos nessas contas, buscando superar assim a falta de recursos. A proposta or&ccedil;ament&aacute;ria destinada para a vida vegetativa da organiza&ccedil;&atilde;o &eacute; elaborada pelo Comandante e chefes de Se&ccedil;&atilde;o envolvidas, atrav&eacute;s do Programa de Apoio Administrativo, visando compatibilizar as verbas com as necessidades levantadas pelos v&aacute;rios setores e tudo em conson&acirc;ncia com as metas estabelecidas e planos de a&ccedil;&atilde;o com recursos, obedecendo a crit&eacute;rios bem definidos: reposi&ccedil;&atilde;o dos boxes no Almoxarifado (material de higiene e de expediente), pagamento das concession&aacute;rias de servi&ccedil;o p&uacute;blico (luz e telefone), suprimento motomecanizado, aquisi&ccedil;&atilde;o de hardwares e conserva&ccedil;&atilde;o do aquartelamento, dentre outras.</p><p style=\"text-align: justify;\">Em rela&ccedil;&atilde;o aos processos principais do neg&oacute;cio, preparo e emprego, os recursos financeiros, s&atilde;o recursos previamente definidos pelo COTER, cujos valores s&atilde;o baseados no cadastro das Organiza&ccedil;&otilde;es Militares Operacionais e em s&eacute;ries hist&oacute;ricas de necessidades e de distribui&ccedil;&atilde;o. Nos casos de necessidade de economia, o Almoxarifado assume a gest&atilde;o dos planos de economia, obtendo resultados que permitem &agrave; organiza&ccedil;&atilde;o dar continuidade &agrave;s rotinas sem nenhum preju&iacute;zo no seu andamento.</p>',1,NULL,1,NULL,1,NULL,1,NULL,0,NULL,1,NULL,1,NULL,1,NULL,1,NULL,0,NULL,0,NULL,0,NULL),
  (128,2015,NULL,NULL,NULL,NULL,NULL,NULL,NULL,'<p style=\"text-align: justify;\">&Eacute; feito um levantamento das necessidades de todos os setores, com base nas suas demandas e estrat&eacute;gias, com 2 anos de anteced&ecirc;ncia do recebimento dos recursos, o que d&aacute; origem ao Programa Interno de Trabalho (PIT) e ao Programa de Apoio Administrativo (PAA). Estes documentos s&atilde;o enviados ao escal&atilde;o superior e, ap&oacute;s aprovado o or&ccedil;amento, s&atilde;o adaptados conforme as prioridades estabelecidas pelo comando da Organização.</p><p style=\"text-align: justify;\">A proposta financeira /or&ccedil;ament&aacute;ria &eacute; utilizada para dar suporte &agrave;s estrat&eacute;gias da Organização para atender a tr&ecirc;s &aacute;reas distintas, quais sejam:</p><p style=\"text-align: justify;\">- Gest&atilde;o Administrativa ( levantamento das necessidades b&aacute;sicas anuais de Manuten&ccedil;&atilde;o de organiza&ccedil;&atilde;o (PAA/PIT);</p><p style=\"text-align: justify;\">- Gest&atilde;o de contratos (levantamento de estimativa de celebra&ccedil;&atilde;o de novos contratos pelo c&ocirc;mputo dos contratos vigentes no ano A, que tenham vig&ecirc;ncia estendida aos anos subseq&uuml;entes); e</p><p style=\"text-align: justify;\">- Gest&atilde;o do Fundo do Ex&eacute;rcito ( levantamento das estimativas de receitas de arrecada&ccedil;&atilde;o pr&oacute;pria , tais como, cess&otilde;es de uso, entre outros).</p>',1,NULL,1,NULL,1,NULL,1,NULL,0,NULL,1,NULL,1,NULL,0,NULL,1,NULL,0,NULL,0,NULL,0,NULL),
  (130,2015,NULL,NULL,NULL,NULL,NULL,NULL,NULL,'<p style=\"text-align: justify;\">H&aacute; mais de cinco anos, a gest&atilde;o do or&ccedil;amento &eacute; realizada pelo Ordenador de Despesas, com base no acompanhamento di&aacute;rio, via Sistema Integrado de Administra&ccedil;&atilde;o Financeira (SIAFI) da situa&ccedil;&atilde;o dos recursos, em rela&ccedil;&atilde;o ao previsto e executado.</p>',1,NULL,1,NULL,1,NULL,1,NULL,0,NULL,1,NULL,1,NULL,1,NULL,1,NULL,0,NULL,0,NULL,0,NULL),
  (131,2015,NULL,NULL,NULL,NULL,NULL,NULL,NULL,'<p style=\"text-align: justify;\">Desde 2006, as restri&ccedil;&otilde;es or&ccedil;ament&aacute;rias s&atilde;o assimiladas por meio de adequa&ccedil;&otilde;es nos projetos e nas aquisi&ccedil;&otilde;es de bens e servi&ccedil;os, priorizando as atividades final&iacute;sticas da Organização. Na rotina di&aacute;ria, o Ordenador de Despesa (OD), por meio do Setor Financeiro (Set Fin) e da Se&ccedil;&atilde;o de Aquisi&ccedil;&otilde;es (Sec Aquis), controla a rela&ccedil;&atilde;o entre necessidade (pedidos de material e servi&ccedil;os) dos setores da Organização e os recursos disponibilizados. No intuito de estabelecer as prioridades de aplica&ccedil;&atilde;o dos recursos conforme os objetivos da Organização e como aperfei&ccedil;oamento da pr&aacute;tica, mensalmente, o OD re&uacute;ne seu EM para aloca&ccedil;&atilde;o dos recursos dispon&iacute;veis, em face das restri&ccedil;&otilde;es or&ccedil;ament&aacute;rias, prevenindo, assim, situa&ccedil;&otilde;es indesej&aacute;veis.</p>',1,NULL,1,NULL,1,NULL,1,NULL,0,NULL,1,NULL,1,NULL,1,NULL,1,NULL,0,NULL,0,NULL,0,NULL),
  (132,2015,NULL,NULL,NULL,NULL,NULL,NULL,NULL,'<p style=\"text-align: justify;\">Desde 2006, a Organização procura divulgar as suas atividades e servi&ccedil;os atrav&eacute;s da intera&ccedil;&atilde;o com os diversos segmentos do p&uacute;blico em geral, por meio de demonstra&ccedil;&otilde;es realizadas nas formaturas e dias comemorativos (Dia do Ex&eacute;rcito, Dia das Comunica&ccedil;&otilde;es, Dia do Soldado, Dia da Bandeira), participa&ccedil;&atilde;o em exposi&ccedil;&otilde;es de material, nas miss&otilde;es e servi&ccedil;os que s&atilde;o cumpridas, diariamente, pelos integrantes da Organização e pela divulga&ccedil;&atilde;o em m&iacute;dia civil e militar (Revista Verde Oliva, NE, R&aacute;dio Verde Oliva, Informativos em geral e o Site da Organização).<br />&nbsp;&nbsp; A Organização aproveita oportunidades, como visitas &agrave; Unidade e o per&iacute;odo de sele&ccedil;&atilde;o dos recrutas para realizar a divulga&ccedil;&atilde;o institucional e apresentar os seus produtos e servi&ccedil;os. Todo tipo de divulga&ccedil;&atilde;o prima por explorar os pontos fortes e as possibilidades do Batalh&atilde;o.</p>',1,NULL,0,NULL,1,NULL,1,NULL,0,NULL,1,NULL,1,NULL,1,NULL,1,NULL,0,NULL,0,NULL,0,NULL),
  (133,2015,NULL,NULL,NULL,NULL,NULL,NULL,NULL,'<p style=\"text-align: justify;\">Desde 1976, s&atilde;o pr&aacute;ticas de dissemina&ccedil;&atilde;o das informa&ccedil;&otilde;es:<br />&nbsp;&nbsp; - Boletim Interno: Como principal forma de disponibilizar as informa&ccedil;&otilde;es a toda a for&ccedil;a de trabalho, &eacute; o documento onde o Comandante publica todas as suas ordens, ordens das autoridades superiores, e informa&ccedil;&otilde;es que devam ser de conhecimento de toda a Unidade.<br />&nbsp;&nbsp; - Ordens de Servi&ccedil;o e Ordens de Instru&ccedil;&atilde;o.</p>',1,NULL,1,NULL,1,NULL,1,NULL,0,NULL,1,NULL,1,NULL,1,NULL,1,NULL,0,NULL,0,NULL,0,NULL),
  (134,2015,NULL,NULL,NULL,NULL,NULL,NULL,NULL,'<p style=\"text-align: justify;\">Dentro da Organiza&ccedil;&atilde;o, as informa&ccedil;&otilde;es s&atilde;o sudivididas por setores.<br />&nbsp;&nbsp; Esses setores s&atilde;o denominados Se&ccedil;&otilde;es, os quais realizam a capta&ccedil;&atilde;o, organiza&ccedil;&atilde;o e disponibilizam as informa&ccedil;&otilde;es tanto para o Batalh&atilde;o, quanto para o Escal&atilde;o Superior, de acordo com os sistemas j&aacute; apresentados:<br />&nbsp;&nbsp; - 1&ordf; Se&ccedil;&atilde;o: Respons&aacute;vel pelo gerenciamento de informa&ccedil;&otilde;es referentes a pessoal, tais como: Pessoal existente, Faltas e Excessos no Quadro de Pessoal, Dispensas, Acidentes, Transfer&ecirc;ncias, Incorpora&ccedil;&atilde;o de jovens para presta&ccedil;&atilde;o do Servi&ccedil;o Militar Inicial, Servi&ccedil;o de Escala entre outros.<br />&nbsp;&nbsp; - 2&ordf; Se&ccedil;&atilde;o: Respons&aacute;vel pelo Gerenciamento de Informa&ccedil;&otilde;es de car&aacute;ter sigiloso em todas as &aacute;reas de atua&ccedil;&atilde;o da Unidade.<br />&nbsp;&nbsp; - 3&ordf; Se&ccedil;&atilde;o: Respons&aacute;vel pelo Gerenciamento de Informa&ccedil;&otilde;es referentes ao processo produtivo (Instru&ccedil;&atilde;o) e Opera&ccedil;&otilde;es de Combate.<br />&nbsp;&nbsp; - 4&ordf; Se&ccedil;&atilde;o: Respons&aacute;vel pelo Gerenciamento de Informa&ccedil;&otilde;es referentes ao suprimento e manuten&ccedil;&atilde;o das viaturas, armamento, material de campo (Intend&ecirc;ncia), comunica&ccedil;&otilde;es, engenharia e eletr&ocirc;nica.<br />&nbsp;&nbsp; - Tesouraria: respons&aacute;vel pelo gerenciamento das informa&ccedil;&otilde;es cont&aacute;beis junto ao Sistema de Administra&ccedil;&atilde;o do Governo Federal (SIAFI).<br />&nbsp;&nbsp; - Base Administrativa: Respons&aacute;vel pelo Gerenciamento das Informa&ccedil;&otilde;es relativas a vida vegetativa da Organiza&ccedil;&atilde;o,<br />combust&iacute;vel, pagamento de pessoal, recebimento e remessa de correspond&ecirc;ncia, alimenta&ccedil;&atilde;o de pessoal, controle de material.<br />&nbsp;&nbsp; - Sargentea&ccedil;&atilde;o: Se&ccedil;&atilde;o respons&aacute;vel pelo gerenciamento de todas as informa&ccedil;&otilde;es da Subunidade.<br />&nbsp;&nbsp; - Secretaria: Se&ccedil;&atilde;o respons&aacute;vel pelo arquivamento de todas as informa&ccedil;&otilde;es da Organiza&ccedil;&atilde;o. Ap&oacute;s o t&eacute;rmino do ano todos os documentos e informa&ccedil;&otilde;es geradas na Organiza&ccedil;&atilde;o s&atilde;o remetidas &agrave; secretaria, que realiza seu arquivo e mant&eacute;m esses documentos por, no m&iacute;nimo, cinco anos.</p>',1,NULL,1,NULL,1,NULL,1,NULL,0,NULL,1,NULL,1,NULL,1,NULL,1,NULL,0,NULL,0,NULL,0,NULL),
  (135,2015,NULL,NULL,NULL,NULL,NULL,NULL,NULL,'<p style=\"text-align: justify;\">Desde 2006, a Organização vem desenvolvendo anualmente os seguintes projetos:<br />&nbsp;&nbsp; - Palestras nas escolas para orienta&ccedil;&atilde;o dos estudantes nos temas relativos a ingresso no Ex&eacute;rcito, coleta de lixo, meio ambiente, DST, preven&ccedil;&atilde;o contra drogas e alcoolismo.<br />&nbsp;&nbsp; - Atividades s&oacute;cio-culturais mensais (confraterniza&ccedil;&atilde;o de aniversariantes, ch&aacute; de confraterniza&ccedil;&atilde;o das esposas),<br />&nbsp;&nbsp; - Campanha Regular de Doa&ccedil;&atilde;o de Sangue;<br />&nbsp;&nbsp; - Combate &agrave; Dengue;<br />&nbsp;&nbsp; - Campanhas do Agasalho e do Quilo;<br />&nbsp;&nbsp; - Coleta de alimentos e brinquedos para institui&ccedil;&otilde;es carentes;<br />&nbsp;&nbsp; - Recupera&ccedil;&atilde;o de escola;<br />&nbsp;&nbsp; - Projeto Soldado Cidad&atilde;o;<br />&nbsp;&nbsp; - Projeto For&ccedil;a no Esporte - PROFESP.</p><p style=\"text-align:justify;\">Todas as a&ccedil;&otilde;es acima mencionadas s&atilde;o controladas por um gerente, e constam de indicadores para an&aacute;lises posteriores.<br />&nbsp;</p>',1,NULL,1,NULL,1,NULL,1,NULL,0,NULL,1,NULL,1,NULL,1,NULL,1,NULL,0,NULL,0,NULL,1,NULL),
  (136,2015,NULL,NULL,NULL,NULL,NULL,NULL,NULL,'<p style=\"text-align: justify;\">Desde 2006, s&atilde;o realizadas inspe&ccedil;&otilde;es sanit&aacute;rias peri&oacute;dicas na &aacute;rea de cozinhas, dep&oacute;sito de g&ecirc;neros, caixa d&acute;&aacute;gua e cisterna pelo m&eacute;dico da Unidade.</p>',1,NULL,1,NULL,1,NULL,1,NULL,0,NULL,1,NULL,1,NULL,1,NULL,1,NULL,0,NULL,0,NULL,1,NULL),
  (137,2015,NULL,NULL,NULL,NULL,NULL,NULL,NULL,'<p>A realiza&ccedil;&atilde;o de atividades f&iacute;sicas para os militares est&aacute; sujeita a aprova&ccedil;&atilde;o pelo m&eacute;dico da Unidade.</p><p style=\"text-align: justify;\">O Quadro de Trabalho Semanal prev&ecirc; diariamente a realiza&ccedil;&atilde;o da Sess&atilde;o de Treinamento F&iacute;sico Militar, elaborado por militares especializados na &aacute;rea de educa&ccedil;&atilde;o f&iacute;sica, prevendo exerc&iacute;cios f&iacute;sicos para as diversas faixas et&aacute;rias .</p><p style=\"text-align: justify;\">Exame F&iacute;sico (Pr&eacute;-TAF): antes da execu&ccedil;&atilde;o dos Testes de Aptid&atilde;o F&iacute;sica s&atilde;o realizadas pelo m&eacute;dico da Unidade inspe&ccedil;&otilde;es em todo efetivo para verifica&ccedil;&atilde;o das condi&ccedil;&otilde;es de sa&uacute;de.</p><p style=\"text-align: justify;\">&Eacute; utilizado um sistema de bandeirolas baseado na temperatura ambiente, onde a bandeirola preta indica atividade f&iacute;sica proibida.</p>',1,NULL,1,NULL,1,NULL,0,NULL,0,NULL,1,NULL,1,NULL,1,NULL,1,NULL,0,NULL,0,NULL,0,NULL),
  (138,2015,NULL,NULL,NULL,NULL,NULL,NULL,NULL,'<p style=\"text-align: justify;\">Exist&ecirc;ncia de atendimento m&eacute;dico e odontol&oacute;gico na pr&oacute;pria Unidade, estendido aos dependentes, dentro das possibilidades da Se&ccedil;&atilde;o de Sa&uacute;de.</p>',1,NULL,1,NULL,1,NULL,0,NULL,0,NULL,1,NULL,1,NULL,1,NULL,1,NULL,0,NULL,0,NULL,1,NULL),
  (139,2015,NULL,NULL,NULL,NULL,NULL,NULL,NULL,'<p style=\"text-align:justify;\">Desde 2006, a utiliza&ccedil;&atilde;o de equipamentos de prote&ccedil;&atilde;o individual e coletiva &eacute; obrigat&oacute;ria nas atividades com risco.<br />Na &aacute;rea de seguran&ccedil;a no tr&acirc;nsito, os deslocamentos motorizados s&atilde;o controlados atrav&eacute;s da Fichas de Viatura e documenta&ccedil;&atilde;o do motorista (CNH, Carteira de Habilita&ccedil;&atilde;o Militar,) somente ausentando-se da Unidade as viaturas que&nbsp; atendem as normas previstas de manuten&ccedil;&atilde;o e seguran&ccedil;a, conforme o C&oacute;digo Nacional de Tr&acirc;nsito.</p>',1,NULL,1,NULL,1,NULL,1,NULL,0,NULL,1,NULL,1,NULL,1,NULL,1,NULL,0,NULL,0,NULL,1,NULL),
  (140,2015,NULL,NULL,NULL,NULL,NULL,NULL,NULL,'<p style=\"text-align: justify;\">Anualmente, desde 2006, &eacute; realizada uma palestra espec&iacute;fica sobre Seguran&ccedil;a na Instru&ccedil;&atilde;o e Servi&ccedil;o, no in&iacute;cio dos trabalhos do ano de instru&ccedil;&atilde;o, em duas turmas e para todo o efetivo.<br />&nbsp;</p>',1,NULL,1,NULL,1,NULL,1,NULL,0,NULL,1,NULL,1,NULL,1,NULL,0,NULL,0,NULL,0,NULL,1,NULL),
  (141,2015,NULL,NULL,NULL,NULL,NULL,NULL,NULL,'<p style=\"text-align: justify;\">Desde 2006, &eacute; nomeado anualmente um Oficial de Preven&ccedil;&atilde;o de Acidentes - OPAI, respons&aacute;vel pela observ&acirc;ncia das normas existentes no Plano de Preven&ccedil;&atilde;o de Acidentes e pela fiscaliza&ccedil;&atilde;o das atividades que possam apresentar algum risco &agrave; seguran&ccedil;a.</p>',1,NULL,1,NULL,1,NULL,1,NULL,0,NULL,1,NULL,1,NULL,0,NULL,1,NULL,0,NULL,0,NULL,0,NULL),
  (142,2015,NULL,NULL,NULL,NULL,NULL,NULL,NULL,'<p style=\"text-align: justify;\">Desde 2006, o Plano de Gest&atilde;o da Organização estabelece a&ccedil;&otilde;es e metas que visam a melhoria do ambiente de trabalho e a qualidade de vida do p&uacute;blico interno, destacando-se:<br />&nbsp;&nbsp; - A adequa&ccedil;&atilde;o das instala&ccedil;&otilde;es (alojamentos, banheiros, ambientes das Se&ccedil;&otilde;es);<br />&nbsp;&nbsp; - A melhoria das refei&ccedil;&otilde;es e dos Cassinos;<br />&nbsp;&nbsp; - A aquisi&ccedil;&atilde;o de mob&iacute;lia adequada, equipamentos modernos e ergonom&eacute;tricos, tela LCD, etc.<br />&nbsp;&nbsp; - O acompanhamento da qualidade dos servi&ccedil;os de sa&uacute;de e refei&ccedil;&otilde;es.<br />&nbsp;&nbsp; - Competi&ccedil;&otilde;es esportivas.<br />&nbsp;&nbsp; - Atividades religiosas.<br />&nbsp;&nbsp; - Confraterniza&ccedil;&otilde;es sociais.<br />&nbsp;&nbsp; - Pr&aacute;tica cotidiana dos valores &eacute;ticos e morais.<br />&nbsp;&nbsp; - Reformula&ccedil;&atilde;o de ordens.<br />&nbsp;&nbsp; Os fatores que afetam o bem-estar e a motiva&ccedil;&atilde;o s&atilde;o tratados com alta prioridade, de modo a permitir uma a&ccedil;&atilde;o r&aacute;pida e eficaz na solu&ccedil;&atilde;o de problemas desta natureza, impedindo, assim, maiores danos ao ambiente de trabalho.</p>',1,NULL,1,NULL,1,NULL,1,NULL,0,NULL,1,NULL,1,NULL,1,NULL,1,NULL,0,NULL,0,NULL,1,NULL),
  (143,2015,NULL,NULL,NULL,NULL,NULL,NULL,NULL,'<p style=\"text-align: justify;\">Desde 2006, o conhecimento &eacute; mantido na Unidade por meio de sua difus&atilde;o entre o p&uacute;blico interno.<br />&nbsp;&nbsp; O conhecimento &eacute; incorporado &agrave;s rotinas e processos, e documentado nos Procedimentos Operacionais Padr&atilde;o - POP e nas Normas Gerais de A&ccedil;&atilde;o - NGA.<br />&nbsp;&nbsp; Os POP est&atilde;o inseridos na p&aacute;gina interna da Organização, possibilitando o acesso de todos.</p>',1,NULL,1,NULL,1,NULL,1,NULL,0,NULL,1,NULL,1,NULL,1,NULL,1,NULL,0,NULL,0,NULL,1,NULL),
  (144,2015,NULL,NULL,NULL,NULL,NULL,NULL,NULL,'<p style=\"text-align: justify;\">Desde 2006, a difus&atilde;o do conhecimento tamb&eacute;m &eacute; feita atrav&eacute;s de Instru&ccedil;&otilde;es de Quadros ministradas por&nbsp; militares capacitados em&nbsp; atividades espec&iacute;ficas, o que promove a melhoria no planejamento e execu&ccedil;&atilde;o das atividades operacionais e administrativas.</p><p style=\"text-align: justify;\">O conhecimento organizacional &eacute; utilizado para atualizar Cursos e Est&aacute;gios realizados pela Organização.</p>',1,NULL,1,NULL,1,NULL,1,NULL,0,NULL,1,NULL,1,NULL,1,NULL,1,NULL,0,NULL,0,NULL,0,NULL),
  (145,2015,NULL,NULL,NULL,NULL,NULL,NULL,NULL,'<p style=\"text-align: justify;\">Desde 2006, utiliza-se as seguintes fontes para obter e monitorar dados comparativos:<br />&nbsp;&nbsp; - Relat&oacute;rios de Gest&atilde;o - Consulta a relat&oacute;rio de gest&atilde;o de organiza&ccedil;&otilde;es premiadas<br />&nbsp;&nbsp; - SISPEG - Sistema de informa&ccedil;&otilde;es Gerenciais do PEG-EB, que permite a troca de banco de dados com referenciais.<br />&nbsp; - Sistema de Correspond&ecirc;ncia do Ex&eacute;rcito: Solicita&ccedil;&atilde;o formal a outras Organiza&ccedil;&otilde;es Militares de refer&ecirc;ncia de informa&ccedil;&otilde;es comparativas.<br />&nbsp;&nbsp; - Portal da Transpar&ecirc;ncia do Governo Federal.<br />&nbsp;&nbsp; - Portal de Compras do Governo Federal (Comprasnet)<br />&nbsp;&nbsp; - Pesquisa na internet e rede interna (rede mundial e rede interna do Ex&eacute;rcito Brasileiro).<br />&nbsp;&nbsp; - Monitoramento: Internet, revistas, jornais, televis&atilde;o, peri&oacute;dicos, informativos, Notici&aacute;rio do Ex&eacute;rcito, Revista Verde-Oliva.</p>',1,NULL,1,NULL,1,NULL,1,NULL,0,NULL,1,NULL,1,NULL,1,NULL,1,NULL,0,NULL,0,NULL,1,NULL),
  (146,2015,NULL,NULL,NULL,NULL,NULL,NULL,NULL,'<p>Desde 2008, as principais melhorias decorrentes do conhecimentos dos integrantes, foram:<br />&nbsp;&nbsp; - Site da Organização (estrutura&ccedil;&atilde;o da Se&ccedil;&atilde;o Fotocine com militares qualificados);<br />&nbsp;&nbsp; - Melhorias na alimenta&ccedil;&atilde;o;<br />&nbsp;&nbsp; - Implanta&ccedil;&atilde;o do Programa Gerenciador de Projetos;<br />&nbsp;&nbsp; - Mapeamento dos processos internos;<br />&nbsp;&nbsp; - Implementa&ccedil;&atilde;o de servi&ccedil;os ligados &agrave; Tecnologia da Informa&ccedil;&atilde;o;<br />&nbsp;&nbsp; - Assessoramento jur&iacute;dico;<br />&nbsp;&nbsp; - Manuten&ccedil;&atilde;o de viaturas com inje&ccedil;&atilde;o eletr&ocirc;nica.</p>',1,NULL,1,NULL,1,NULL,0,NULL,0,NULL,1,NULL,1,NULL,1,NULL,1,NULL,0,NULL,0,NULL,0,NULL),
  (148,2015,NULL,NULL,NULL,NULL,NULL,NULL,NULL,'<p style=\"text-align: justify;\">A partir do resultado anual da AA, e com o giro do ciclo PDCA, quando pertinente, a Organização identifica as Oportunidades de Inova&ccedil;&atilde;o e Melhoria - OIM, e realiza o planejamento e implementa&ccedil;&atilde;o do PIM decorrente.<br />&nbsp;&nbsp; O mapeamento dos principais processos possibilitou realizar corre&ccedil;&otilde;es, melhorias e al&eacute;m disso, refinamentos sucessivos nas atividades da Organização.<br />&nbsp;&nbsp; a) As principais melhorias s&atilde;o:<br />&nbsp;&nbsp;&nbsp;&nbsp;&nbsp; - Cria&ccedil;&atilde;o de um Programa Gerenciador de Projetos - GP-WEB (melhoria 1),<br />&nbsp;&nbsp;&nbsp;&nbsp;&nbsp; - O mapeamento dos processos para otimizar as rotinas da Organização (melhoria 1),<br />&nbsp;&nbsp;&nbsp;&nbsp;&nbsp; - A confec&ccedil;&atilde;o dos POP (melhoria 3),<br />&nbsp;&nbsp;&nbsp;&nbsp;&nbsp; - Divulga&ccedil;&atilde;o da Miss&atilde;o, Vis&atilde;o de Futuro e Princ&iacute;pios, Valores e Cren&ccedil;as, no Site da Organização (melhoria 4),<br />&nbsp;&nbsp;&nbsp;&nbsp;&nbsp; - Melhorias nas instala&ccedil;&otilde;es das refei&ccedil;&otilde;es, nos ambientes de trabalho e na valoriza&ccedil;&atilde;o dos recursos humanos.(melhoria 5).<br />&nbsp;&nbsp; b) A&ccedil;&otilde;es voltadas &agrave; cultura da Excel&ecirc;ncia:<br />&nbsp;&nbsp;&nbsp;&nbsp;&nbsp; - Comprometimento Pessoal do Cmt: Orienta&ccedil;&otilde;es, visitas de inspe&ccedil;&atilde;o e palestras.<br />&nbsp;&nbsp;&nbsp;&nbsp;&nbsp; - Orienta&ccedil;&atilde;o do Cmt: Reuni&otilde;es da Alta Administra&ccedil;&atilde;o com os escal&otilde;es.<br />&nbsp;&nbsp;&nbsp;&nbsp; - Controle pelos Chefes das Se&ccedil;&otilde;es: Solicita&ccedil;&atilde;o e an&aacute;lise de relat&oacute;rios e mapas de acordo com o interesse das Sess&otilde;es ou SU.<br />&nbsp;&nbsp;&nbsp;&nbsp; - Treinamento do Pessoal no SE-EB e GESPUBLICA: Cursos presenciais e &agrave; dist&acirc;ncia.<br />&nbsp;&nbsp;&nbsp;&nbsp; - Incentivo &agrave;s novas id&eacute;ias: Demonstra&ccedil;&atilde;o de pr&aacute;ticas como exemplo.</p>',1,NULL,1,NULL,1,NULL,0,NULL,0,NULL,1,NULL,1,NULL,1,NULL,1,NULL,0,NULL,0,NULL,1,NULL),
  (149,2015,NULL,NULL,NULL,NULL,NULL,NULL,NULL,'<p style=\"text-align: justify;\">Desde 2006, a Organização capacita o maior n&uacute;mero poss&iacute;vel de militares na &aacute;rea de gest&atilde;o, nos diversos cursos dispon&iacute;veis:</p><p style=\"text-align: justify;\">- Curso de Planejamento Estrat&eacute;gico Organizacional (PEO): Cursos presenciais, ensino &agrave; distancia, distribui&ccedil;&atilde;o de Manuais T&eacute;cnicos e CD-ROM;<br />&nbsp;&nbsp; - An&aacute;lise e Melhoria de Processos (AMP) e Modelo de Excel&ecirc;ncia em Gest&atilde;o (MEG): Cursos presenciais, ensino &agrave; distancia, distribui&ccedil;&atilde;o de Manuais T&eacute;cnicos;<br />&nbsp;&nbsp; - Sistema de Medi&ccedil;&atilde;o do Desempenho Organizacional (SMDO): Distribui&ccedil;&atilde;o de Manuais T&eacute;cnicos;<br />&nbsp;&nbsp; - Processo de Melhoria Cont&iacute;nua (PMC): Cursos presenciais, ensino &agrave; distancia, distribui&ccedil;&atilde;o de Manuais T&eacute;cnicos e CD-ROM.<br />&nbsp;&nbsp; - Curso de Interpretador de Crit&eacute;rios e Avaliador do PGQP: Curso presencial.</p>',1,NULL,1,NULL,1,NULL,1,NULL,0,NULL,1,NULL,1,NULL,1,NULL,1,NULL,0,NULL,0,NULL,1,NULL),
  (150,2015,NULL,NULL,NULL,NULL,NULL,NULL,NULL,'<p style=\"text-align: justify;\">Desde 2006, o Comando do Batalh&atilde;o atua diretamente, e na eventualidade de ocorr&ecirc;ncia de pend&ecirc;ncias e/ou san&ccedil;&otilde;es decorrentes das atividades realizadas, em &aacute;rea urbana ou rural pelo Batalh&atilde;o, s&atilde;o instaurados os procedimentos administrativos padr&otilde;es (sindic&acirc;ncia, inqu&eacute;rito policial-militar, inqu&eacute;rito e parecer t&eacute;cnico) para a apura&ccedil;&atilde;o da causa e a atribui&ccedil;&atilde;o de responsabilidades.<br />&nbsp;&nbsp; O Subcomandante &eacute; o respons&aacute;vel pelo atendimento das pend&ecirc;ncias ou eventuais san&ccedil;&otilde;es referentes aos requisitos legais, regulamentares e &eacute;ticos, quando existentes, cabendo a ele a an&aacute;lise, encaminhamento &agrave;s Unidades Gerenciais B&aacute;sicas e informa&ccedil;&otilde;es ao Comandante. As poss&iacute;veis pend&ecirc;ncias tamb&eacute;m s&atilde;o tratadas na Reuni&atilde;o de Comando e rapidamente solucionadas.<br />&nbsp;&nbsp; Desse modo, envida esfor&ccedil;os no sentido de antecipar-se &agrave;s quest&otilde;es sociais, legais e/ou ambientais e busca minimizar riscos da sua atua&ccedil;&atilde;o, evitando danos &agrave; flora e &agrave; fauna, preservando acidentes no servi&ccedil;o e instru&ccedil;&atilde;o e proporcionando seguran&ccedil;a &agrave;s diversas atividades, cuja periculosidade se faz presente.<br />&nbsp;&nbsp; Ressalta-se que eventuais pend&ecirc;ncias que sejam informadas por qualquer segmento da sociedade via Sistema de Correspond&ecirc;ncia ter&aacute; sua solu&ccedil;&atilde;o estabelecida em no m&aacute;ximo 8 dias, em caso de classifica&ccedil;&atilde;o normal, em 48 horas para classifica&ccedil;&atilde;o urgente, 24 horas para classifica&ccedil;&atilde;o urgent&iacute;ssima, al&eacute;m disso nas quest&otilde;es &eacute;ticas tem como seu grande condutor o Estatuto dos Militares, em seu Artigo 27. O tratamento de quest&otilde;es e relacionamento &eacute;tico, bem como a condu&ccedil;&atilde;o de pol&iacute;ticas n&atilde;o discriminat&oacute;rias em rela&ccedil;&atilde;o a todas as partes interessadas &eacute; realizado diariamente, para tal existe um Oficial designado em Boletim Interno, o Oficial de Dia, que informa atrav&eacute;s de um Livro de Partes ao SubComandante das n&atilde;o conformidades relacionadas as diversas quest&otilde;es da Organização relativas ao servi&ccedil;o, dentre elas as &eacute;ticas. Sempre que os padr&otilde;es de conduta &eacute;tica e moral estabelecidos, com dissemina&ccedil;&atilde;o em todas as intera&ccedil;&otilde;es com as partes interessadas, n&atilde;o forem cumpridos ser&aacute; notificado o Subcomandante, estabelecendo um ciclo de controle. O sub-comandante de posse das informa&ccedil;&otilde;es determina as a&ccedil;&otilde;es decorrentes podendo ser desencadeados procedimentos administrativos padr&otilde;es como: sindic&acirc;ncia, inqu&eacute;rito policial-militar, inqu&eacute;rito e parecer t&eacute;cnico, para solu&ccedil;&atilde;o de tais quest&otilde;es conforme prazos estabelecidos em lei.</p>',1,NULL,0,NULL,1,NULL,1,NULL,0,NULL,1,NULL,1,NULL,0,NULL,1,NULL,0,NULL,0,NULL,0,NULL),
  (151,2015,NULL,NULL,NULL,NULL,NULL,NULL,NULL,'<p style=\"text-align: justify;\">Desde 2006, por meio da apresenta&ccedil;&atilde;o de sugest&otilde;es ou reclama&ccedil;&otilde;es por parte dos integrantes da Organização, por meio de caixas desugest&atilde;o espalhadas pela Organização, e compiladas pelo assessor de gest&atilde;o da Organização. Tammb&eacute;m s&atilde;o recolhidas sugest&otilde;es em reuni&otilde;es dentro de cada c&iacute;rculo hier&aacute;rquico, de onde s&atilde;o levadas as sugest&otilde;es/reclama&ccedil;&otilde;es, atrav&eacute;s do canal de comando, ao Comando da Organização.</p>',1,NULL,1,NULL,1,NULL,1,NULL,0,NULL,1,NULL,1,NULL,1,NULL,1,NULL,0,NULL,0,NULL,0,NULL),
  (153,2015,NULL,NULL,NULL,NULL,NULL,NULL,NULL,'<p style=\"text-align: justify;\">Desde 2006, os Princ&iacute;pios, Valores e Cren&ccedil;as - PVC do Batalh&atilde;o est&atilde;o descritos no Plano de Gest&atilde;o e est&atilde;o alinhados aos PVC do Escal&atilde;o Superior e do Ex&eacute;rcito Brasileiro.<br />&nbsp;&nbsp; Uma forma de dissemina&ccedil;&atilde;o dos valores ocorre atrav&eacute;s da pintura de frases motivacionais pintadas na entrada da Unidade e em outros locais de circula&ccedil;&atilde;o, como os corredores das Companhias e Pelot&otilde;es.</p>',1,NULL,1,NULL,0,NULL,1,NULL,0,NULL,1,NULL,1,NULL,1,NULL,0,NULL,0,NULL,0,NULL,0,NULL),
  (154,2015,NULL,NULL,NULL,NULL,NULL,NULL,NULL,'<p style=\"text-align: justify;\">&nbsp;&nbsp; Outra forma de dissemina&ccedil;&atilde;o dos Princ&iacute;pios, Valores e Cren&ccedil;as - PVC do Batalh&atilde;o s&atilde;o as exposi&ccedil;&otilde;es na forma oral com as palavras do Comandante durante as formaturas da Unidade e dos Cmt Subunidade em suas formaturas, fazendo com que esses conceitos sejam internalizados. Pr&aacute;tica h&aacute; mais de dez anos.<br />&nbsp;</p>',1,NULL,1,NULL,1,NULL,1,NULL,0,NULL,1,NULL,1,NULL,1,NULL,1,NULL,0,NULL,0,NULL,0,NULL),
  (155,2015,NULL,NULL,NULL,NULL,NULL,NULL,NULL,'<p style=\"text-align: justify;\">O reconhecimento e o estimulo aos integrantes da Unidade, para o trabalho social est&atilde;o previstos no Decreto N&ordm; 90.608 de 04 de dezembro de 1984 (Regulamento Disciplinar do Ex&eacute;rcito) em seu cap&iacute;tulo III, sendo eles:<br />&nbsp;&nbsp; - Elogio: Pode ser individual ou coletivo, coloca em relevo as qualidades morais e profissionais, concedido aos militares que tenham se destacado no desempenho de ato de servi&ccedil;o ou a&ccedil;&atilde;o merit&oacute;ria.<br />&nbsp;&nbsp; - Dispensa do Servi&ccedil;o - Pode ser parcial ou total e isenta o militar de alguns ou todos os trabalhos da Unidade, podendo ser gozada em outra cidade.</p><p style=\"text-align: justify;\">Pr&aacute;tica h&aacute; mais de dez anos.</p>',1,NULL,1,NULL,1,NULL,1,NULL,0,NULL,1,NULL,1,NULL,1,NULL,1,NULL,0,NULL,0,NULL,1,NULL),
  (156,2015,NULL,NULL,NULL,NULL,NULL,NULL,NULL,'<p style=\"text-align: justify;\">Desde 2006, o est&iacute;mulo ao exerc&iacute;cio da responsabilidade social, por meio da participa&ccedil;&atilde;o volunt&aacute;ria em projetos sociais, &eacute; realizado anualmente por meio da conscientiza&ccedil;&atilde;o da for&ccedil;a de trabalho com Programa de Instru&ccedil;&atilde;o Militar (PIM), Capacita&ccedil;&atilde;o T&eacute;cnica e T&aacute;tica do Ensino Profissional (CTTEP) e palestras anuais de conscientiza&ccedil;&atilde;o, coordenadas pelo Chefe da 3&ordf; Se&ccedil;&atilde;o.<br />&nbsp;&nbsp; Essas pr&aacute;ticas possuem dissemina&ccedil;&atilde;o em toda a for&ccedil;a de trabalho e ocorrem h&aacute; mais de dez anos.</p>',1,NULL,1,NULL,1,NULL,1,NULL,0,NULL,1,NULL,1,NULL,1,NULL,1,NULL,0,NULL,0,NULL,1,NULL),
  (157,2015,NULL,NULL,NULL,NULL,NULL,NULL,NULL,'<p style=\"text-align: justify;\">Desde 2006, para os usu&aacute;rios do Batalh&atilde;o, est&atilde;o dispon&iacute;veis:<br />&nbsp;&nbsp; - Pesquisa de Satisfa&ccedil;&atilde;o: Ap&oacute;s os apoios prestados, os respons&aacute;veis pelos pedidos preenchem um question&aacute;rio onde expressam sua opini&atilde;o sobre o servi&ccedil;o prestado, por exemplo, o Apoio de Som, o Uso do Estande de Tiro, o Atendimento Odontol&oacute;gico.<br />&nbsp;&nbsp; - Caixas de Sugest&atilde;o e Pesquisa de Avalia&ccedil;&atilde;o: Em todas as se&ccedil;&otilde;es com atendimento direto aos usu&aacute;rios do Batalh&atilde;o.</p>',1,NULL,1,NULL,1,NULL,1,NULL,0,NULL,1,NULL,1,NULL,1,NULL,1,NULL,0,NULL,0,NULL,0,NULL),
  (158,2015,NULL,NULL,NULL,NULL,NULL,NULL,NULL,'<p style=\"text-align: justify;\">Desde sua cria&ccedil;&atilde;o (1976), o Comando do Batalh&atilde;o t&ecirc;m dado &ecirc;nfase &agrave;s atividades que incluem a participa&ccedil;&atilde;o da popula&ccedil;&atilde;o, buscando assim um salutar estreitamento das rela&ccedil;&otilde;es com a sociedade.<br />&nbsp;&nbsp; Dentro dessa premissa, tr&ecirc;s vezes ao ano, re&uacute;ne os ex-integrantes do Batalh&atilde;o para um almo&ccedil;o, promove um ch&aacute; para as esposas dos militares, faz anualmente na solenidade de Anivers&aacute;rio do Batalh&atilde;o a entrega do Diploma Amigo do Batalh&atilde;o, a fim de prestigiar personalidades ou empresas que cooperaram para o bom andamento de nossas miss&otilde;es.<br />&nbsp;&nbsp; Todas as autoridades civis s&atilde;o convidadas a participar dos eventos do Batalh&atilde;o, tais como solenidades, palestras, anivers&aacute;rio da Organização e datas comemorativas.<br />&nbsp;&nbsp; O Dirertor da Organização sempre participa dos eventos para o qual &eacute; convidado. O Dirertor procura participar ou enviar representantes para os eventos dos clubes para o qual &eacute; convidado.<br />&nbsp;&nbsp; S&atilde;o ministrados cursos profissionalizantes (Sd Cidad&atilde;o) para militares tempor&aacute;rios selecionados, os quais contribuem com as miss&otilde;es da Organização at&eacute; a data de seu licenciamento.<br />&nbsp;&nbsp; No ultimo ano foi reformado o galp&atilde;o crioulo da Organização, que proporcionou melhoria no espa&ccedil;o destinado a recep&ccedil;&otilde;es.</p>',1,NULL,1,NULL,1,NULL,1,NULL,0,NULL,1,NULL,1,NULL,1,NULL,1,NULL,0,NULL,0,NULL,0,NULL),
  (159,2015,NULL,NULL,NULL,NULL,NULL,NULL,NULL,'<p style=\"text-align: justify;\">Desde 2008, as decis&otilde;es e ordens s&atilde;o disseminadas atrav&eacute;s da comunica&ccedil;&atilde;o eletr&ocirc;nica on-line direta ao interessado, usando o Gerenciador de Mensagens e Projetos GP WEB, adotado como principal ferramenta de gerenciamento.</p>',1,NULL,1,NULL,1,NULL,1,NULL,0,NULL,1,NULL,0,NULL,1,NULL,1,NULL,0,NULL,0,NULL,1,NULL),
  (160,2015,NULL,NULL,NULL,NULL,NULL,NULL,NULL,'<p>A cultura da excel&ecirc;ncia na Unidade, a partir de 2006, tem dado &ecirc;nfase &agrave; implanta&ccedil;&atilde;o de inova&ccedil;&otilde;es e melhorias, conforme exemplos abaixo:<br />- Reforma do refeit&oacute;rio e cozinha de cabos e soldados.<br />- Desenvolvimento e implanta&ccedil;&atilde;o de um software de alto grau de recursos para o gerenciamento de mensagens e pr&aacute;ticas de gest&atilde;o - GP-WEB.<br />- Reforma da c&acirc;mara fria.<br />- Reforma do alojamento e banheiro das Companhias.<br />- Reforma do Galp&atilde;o Crioulo (ambiente de confraterniza&ccedil;&atilde;o).<br />- Expans&atilde;o da Padaria.<br />- Aquisi&ccedil;&atilde;o de mob&iacute;lia nova para o Cassino ST/Sgt e para o Galp&atilde;o Crioulo.<br />- Computadores mais modernos para todas as se&ccedil;&otilde;es, estrutura&ccedil;&atilde;o e cabeamento de toda a rede de Internet.<br />- Melhoria da disponibilidade das Vtr operacionais e administrativas do Batalh&atilde;o (mantendo-se acima dos 80%).<br />- Reforma da Se&ccedil;&atilde;o de Sa&uacute;de.<br />- Ar-condicionado no Corpo da Guarda.<br />- Coloca&ccedil;&atilde;o de hidrantes em todo o per&iacute;metro da Organização, aumentando a seguran&ccedil;a.<br />- Aquisi&ccedil;&atilde;o de bebedouros modernos para as Companhias e Rancho.<br />- Contrato de lavanderia para a roupa de cama de todo a Organização.<br />- Instala&ccedil;&atilde;o de um sistema fixo de som.<br />- Aquisi&ccedil;&atilde;o de um elevador de carros para a Oficina da Organização.</p>',1,NULL,1,NULL,1,NULL,1,NULL,0,NULL,1,NULL,0,NULL,1,NULL,0,NULL,0,NULL,0,NULL,1,NULL),
  (161,2015,NULL,NULL,NULL,NULL,NULL,NULL,NULL,'<p>Desde 2006, com a implanta&ccedil;&atilde;o do Sistema de Excel&ecirc;ncia SE-EB, o comando da Organização, na defini&ccedil;&atilde;o da Vis&atilde;o de Futuro observou a miss&atilde;o e a vis&atilde;o de futuro do Escal&atilde;o Superior, do Ex&eacute;rcito e a miss&atilde;o da Organização.</p><p>Foi definido um objetivo de m&eacute;dio a longo prazo, ousado, por&eacute;m fact&iacute;vel, de forma que o Batalh&atilde;o eleve o seu desempenho operacional e administrativo.</p>',1,NULL,1,NULL,1,NULL,1,NULL,0,NULL,1,NULL,1,NULL,1,NULL,0,NULL,0,NULL,0,NULL,1,NULL),
  (162,2015,NULL,NULL,NULL,NULL,NULL,NULL,NULL,'<p style=\"text-align: justify;\">Desde 2006, observados os Obj Estrt e ap&oacute;s a defini&ccedil;&atilde;o das Metas pelo Comando da Organização, s&atilde;o definidas as A&ccedil;&otilde;es para que essas metas sejam alcan&ccedil;adas e definidos os respons&aacute;veis pela sua implementa&ccedil;&atilde;o (gerentes).</p><p style=\"text-align: justify;\">Essas a&ccedil;&otilde;es servem de base para a confec&ccedil;&atilde;o dos diversos Planos de A&ccedil;&atilde;o. O gerente de cada plano de a&ccedil;&atilde;o lista suas atividades, as pessoas envolvidas, os prazos e custos, de acordo com a ferramenta 5W2H, e lan&ccedil;a no Programa Gerenciador de Projetos GPWEB.</p>',1,NULL,1,NULL,1,NULL,1,NULL,0,NULL,1,NULL,1,NULL,1,NULL,1,NULL,0,NULL,0,NULL,1,NULL),
  (163,2015,NULL,NULL,NULL,NULL,NULL,NULL,NULL,'<p>Desde sua cria&ccedil;&atilde;o em 1976, s&atilde;o usu&aacute;rios dos produtos e servi&ccedil;os da Organização:</p><p>1) CMS e Unidades Militares da Gu Porto Alegre:</p><p>&nbsp;&nbsp;&nbsp;&nbsp;&nbsp;&nbsp;&nbsp; - Apoio de comunica&ccedil;&otilde;es, sistema C2 Cmb, SIPLOM, apoio R&aacute;dio.</p><p>2) Sociedade:</p><p>&nbsp;&nbsp;&nbsp;&nbsp;&nbsp;&nbsp;&nbsp; - Forma&ccedil;&atilde;o do Reservista, Garantia da Lei e da ordem, A&ccedil;&otilde;es C&iacute;vico-Sociais.</p>',1,NULL,1,NULL,1,NULL,1,NULL,0,NULL,1,NULL,1,NULL,1,NULL,1,NULL,0,NULL,0,NULL,0,NULL),
  (164,2015,NULL,NULL,NULL,NULL,NULL,NULL,NULL,'<p>Desde 2006, ap&oacute;s os apoios prestados, &eacute; colhida a opini&atilde;o sobre o servi&ccedil;o executado.</p><p>Alguns Indicadores de Desempenho usados s&atilde;o:</p><p>- &Iacute;ndice de recursos gastos com &aacute;gua, luz, telefone.</p><p>- &Iacute;ndice do n&iacute;vel de adestramento, mensurado pelo SISTAVOP.</p><p>- &Iacute;ndice de satisfa&ccedil;&atilde;o do cliente atrav&eacute;s de pesquisa/question&aacute;rio.</p><p>- &Iacute;ndice do estado de higidez e potencial de combate da tropa, mensurados pelo TAF e pelo TAT.</p>',1,NULL,1,NULL,1,NULL,1,NULL,0,NULL,1,NULL,1,NULL,1,NULL,1,NULL,0,NULL,0,NULL,1,NULL),
  (165,2015,NULL,NULL,NULL,NULL,NULL,NULL,NULL,'<p>Desde sua cria&ccedil;&atilde;o em 1976, as informa&ccedil;&otilde;es do escal&atilde;o superior chegam pelos seguintes meios:</p><p style=\"text-align: justify;\">- Relat&oacute;rios e of&iacute;cios do escal&atilde;o superior, ap&oacute;s inspe&ccedil;&otilde;es de gest&atilde;o.</p><p style=\"text-align: justify;\">- Inspe&ccedil;&otilde;es de Instru&ccedil;&atilde;o: Com o objetivo de avaliar os n&iacute;veis de operacionalidade e o cumprimento das atividades previstas no Programa de Instru&ccedil;&atilde;o Militar.</p><p style=\"text-align: justify;\">MELHORIAS IMPLEMENTADAS:</p><p style=\"text-align: justify;\">- Extens&atilde;o do atendimento odontol&oacute;gico para dependentes (Usu&aacute;rio: Sociedade)</p><p style=\"text-align: justify;\">- Aquisi&ccedil;&atilde;o de computadores de m&atilde;o mais modernos, para o Sistema C2 Cmb (Usu&aacute;rio: CMS)</p><p style=\"text-align: justify;\">- Reforma dos banheiros e da Cozinha (Usu&aacute;rio sociedade/recrutas e p&uacute;blico interno).<br />&nbsp;</p>',1,NULL,1,NULL,1,NULL,1,NULL,0,NULL,1,NULL,0,NULL,0,NULL,1,NULL,0,NULL,0,NULL,1,NULL),
  (166,2015,NULL,NULL,NULL,NULL,NULL,NULL,NULL,'<p style=\"text-align:justify;\">Desde sua cria&ccedil;&atilde;o, em 1976, o Comando do Batalh&atilde;o executa projetos sociais por determina&ccedil;&atilde;o do Escal&atilde;o Superior, por solicita&ccedil;&atilde;o de &oacute;rg&atilde;os do governo ou entidades civis, e por iniciativa pr&oacute;pria; observadas as caracter&iacute;sticas da Arma de Comunica&ccedil;&otilde;es.</p>',1,NULL,1,NULL,1,NULL,1,NULL,0,NULL,1,NULL,1,NULL,1,NULL,1,NULL,0,NULL,0,NULL,1,NULL),
  (167,2015,NULL,NULL,NULL,NULL,NULL,NULL,NULL,'<p>Moderniza&ccedil;&atilde;o do Gabinete Odontol&oacute;gico</p><p>- Moderniza&ccedil;&atilde;o da Se&ccedil;&atilde;o de Inform&aacute;tica</p><p>- Aperfei&ccedil;oamento dos processos de aquisi&ccedil;&otilde;es (licita&ccedil;&otilde;es e contratos)</p>',1,NULL,1,NULL,1,NULL,0,NULL,0,NULL,1,NULL,1,NULL,1,NULL,1,NULL,0,NULL,0,NULL,1,NULL),
  (168,2015,NULL,NULL,NULL,NULL,NULL,NULL,NULL,'<p style=\"text-align: justify;\">No batalh&atilde;o, desde 2008, as informa&ccedil;&otilde;es dos referenciais comparativos s&atilde;o utilizadas, principalmente, para estabelecer metas e promover melhorias no desempenho da organiza&ccedil;&atilde;o e nos processos executados.</p><p style=\"text-align: justify;\">As informa&ccedil;&otilde;es s&atilde;o analisadas e adequadas &agrave;s particularidades da Organização e repassadas a todos os militares do Batalh&atilde;o por meio de instru&ccedil;&otilde;es de quadros, nas formaturas, atrav&eacute;s do correio GP WEB, na reuni&atilde;o de oficiais e em conversas informais.</p><p style=\"text-align: justify;\">O Batalh&atilde;o analisa o seu desempenho e, comparando com os referenciais, verifica se h&aacute; necessidade de se alterar as metas ou procedimentos para se atingir os resultados desejados. As a&ccedil;&otilde;es decorrentes desta an&aacute;lise influenciam na elabora&ccedil;&atilde;o/atualiza&ccedil;&atilde;o do Plano de Gest&atilde;o, confec&ccedil;&atilde;o de projetos ou, ainda, adequa&ccedil;&atilde;o &agrave;s rotinas (processos).</p>',1,NULL,1,NULL,1,NULL,0,NULL,1,NULL,1,NULL,1,NULL,1,NULL,1,NULL,0,NULL,0,NULL,0,NULL),
  (169,2015,NULL,NULL,NULL,NULL,NULL,NULL,NULL,'<p>Desde 2006, a implementa&ccedil;&atilde;o dos planos de a&ccedil;&atilde;o s&atilde;o feitas atrav&eacute;s da an&aacute;lise das necessidades do escal&atilde;o superior, que chegam &agrave; Organização por meio de documentos oficiais ou por contato pessoal com o Dirertor, com os resultados alcan&ccedil;ados pelo batalh&atilde;o, descritos nos relat&oacute;rios, nas atas, nas pesquisas de opini&atilde;o e nas pesquisas de clima organizacional.&nbsp; As necessidades de implementa&ccedil;&atilde;os s&atilde;o debatidas em reuni&otilde;es decis&oacute;rias e traduzidas em novos Planos de A&ccedil;&atilde;o ou Projetos.</p>',1,NULL,1,NULL,1,NULL,1,NULL,0,NULL,1,NULL,1,NULL,1,NULL,1,NULL,0,NULL,0,NULL,0,NULL),
  (170,2015,NULL,NULL,NULL,NULL,NULL,NULL,NULL,'<p style=\"text-align: justify;\">Desde 2006, o atendimento aos requisitos do Batalh&atilde;o por parte dos fornecedores &eacute; assegurado atrav&eacute;s da fiscaliza&ccedil;&atilde;o pessoal da qualidade do produto ou servi&ccedil;o.</p><p style=\"text-align: justify;\">Todo material recebido pelo almoxarifado &eacute; vistoriado e conferido por uma comiss&atilde;o escalado em Boletim Interno, que confecciona o TREM (Termo de Recebimento e Exame de Material), que assegura o atendimento aos requisitos de fornecimento, como qualidade e prazo.</p><p style=\"text-align: justify;\">Quando um fornecimento apresenta n&atilde;o conformidade, &eacute; feito o contato com o fornecedor para que o mesmo proceda com a substitui&ccedil;&atilde;o do produto ou pague a multa prevista em contrato, no caso de descumprimento, sendo tomadas as medidas jur&iacute;dicas cab&iacute;veis, se necess&aacute;rio.</p><p>O processo de aquisi&ccedil;&atilde;o tem sido realizado pela modalidade de preg&atilde;o eletr&ocirc;nico e licita&ccedil;&otilde;es desde o ano de 2007.</p>',1,NULL,1,NULL,1,NULL,1,NULL,0,NULL,1,NULL,1,NULL,1,NULL,0,NULL,0,NULL,0,NULL,0,NULL),
  (171,2015,NULL,NULL,NULL,NULL,NULL,NULL,NULL,'<p>A gest&atilde;o de bens materiais &eacute; realizada pelo SIMATEX, SIAFI, SISCOFIS e SIGA, aproximadamente desde 2006.</p><p>A gest&atilde;o de estoques de material e as demandas de consumo, necess&aacute;rias ao exerc&iacute;cio das atividades di&aacute;rias, s&atilde;o realizadas pelo almoxarifado, por meio do SIMATEX e pelo controle f&iacute;sico dos mesmos.</p>',1,NULL,1,NULL,1,NULL,1,NULL,0,NULL,1,NULL,1,NULL,1,NULL,1,NULL,0,NULL,0,NULL,1,NULL),
  (172,2015,NULL,NULL,NULL,NULL,NULL,NULL,NULL,'<p style=\"text-align: justify;\">A 1&ordf; Se&ccedil;&atilde;o mant&eacute;m o controle dos Claros por Qualifica&ccedil;&atilde;o Militar Peculiar QMP. Este dado permite saber a necessidade da Organização por fun&ccedil;&atilde;o espec&iacute;fica; por exemplo, se h&aacute; vagas para cozinheiro ou enfermeiro.<br />&nbsp;&nbsp; A 1&ordf; Se&ccedil;&atilde;o preenche o Boletim de Necessidades, que &eacute; enviado ao Servi&ccedil;o Militar Regional informando as necessidades da Organização para a incorpora&ccedil;&atilde;o do pr&oacute;ximo ano, por habilidade espec&iacute;fica (eletricista, cozinheiro, etc.). Esta ferramenta &eacute; vulner&aacute;vel aos licenciamentos imprevistos de militares.<br />&nbsp;&nbsp; Antes da incorpora&ccedil;&atilde;o, a 1&ordf; Se&ccedil;&atilde;o informa &agrave;s Companhias o n&uacute;mero de conscritos a incorporar em cada Qualifica&ccedil;&atilde;o Militar Peculiar. De posse desse dado, as Equipes de Sele&ccedil;&atilde;o Complementar realizam a entrevista e fase de testes, priorizando preencher as vagas que requerem conhecimento espec&iacute;fico (cozinha, oficina, inform&aacute;tica, sa&uacute;de, Pel Obras, telecomunica&ccedil;&otilde;es e outras). A pr&aacute;tica carece de aperfei&ccedil;oamento, pois permite incorporar um PEDREIRO na vaga de Aux Sv Gerais, quando a necessidade real seria um ELETRICISTA.<br />&nbsp;&nbsp; Para o Efetivo Profissional, a 1&ordf; Se&ccedil;&atilde;o utiliza o M&oacute;dulo E1 para manter um cadastro dos militares que concluem curso superior e extens&otilde;es, que s&atilde;o utilizados em &aacute;reas como a Se&ccedil;&atilde;o de Justi&ccedil;a, Se&ccedil;&atilde;o de Educa&ccedil;&atilde;o F&iacute;sica, Inform&aacute;tica e outras.</p>',1,NULL,1,NULL,1,NULL,0,NULL,0,NULL,1,NULL,1,NULL,1,NULL,1,NULL,0,NULL,0,NULL,1,NULL),
  (173,2015,NULL,NULL,NULL,NULL,NULL,NULL,NULL,'<p>Desde sua cria&ccedil;&atilde;o (1976), o Ex&eacute;rcito e a Organização mant&eacute;m a&ccedil;&otilde;es e servi&ccedil;os de suporte que visam minimizar impactos locais e melhorar a qualidade de vida do militar e seus dependentes, tais como:</p><p>- Plano de Sa&uacute;de (FUSEx) eficiente e acess&iacute;vel, com abrang&ecirc;ncia em todo o territ&oacute;rio nacional.</p><p>- Exist&ecirc;ncia de Pr&oacute;prios Nacionais Residenciais (PNR) para Of e ST/Sgt.</p><p>- Suporte escolar de n&iacute;vel elevado com o Col&eacute;gio Militar de Porto Alegre.</p><p>- Assist&ecirc;ncia religiosa pela Capelania Militar de Porto Alegre.</p><p>- Atendimento odontol&oacute;gico na pr&oacute;pria Unidade, estendida aos dependentes.</p><p>- Campanha regular de doa&ccedil;&atilde;o de sangue e controle de vacinas.</p><p>- Disponibiliza&ccedil;&atilde;o de cursos profissionalizantes na rede civil aos cabos e soldados.</p>',1,NULL,1,NULL,1,NULL,1,NULL,0,NULL,1,NULL,1,NULL,1,NULL,1,NULL,0,NULL,0,NULL,1,NULL);


INSERT INTO projeto_area (projeto_area_id, projeto_area_projeto, projeto_area_tarefa, projeto_area_nome, projeto_area_obs, projeto_area_cor, projeto_area_espessura, projeto_area_opacidade, projeto_area_poligono) VALUES
  (1,1,NULL,'Polígono','&aacute;rea atingida pelo projeto','fff285',1,0.7,0);

INSERT INTO projeto_contatos (projeto_contato_id, projeto_id, contato_id, ordem, envolvimento) VALUES
  (1,1,2,1,'Coordenação da equipe do projeto');

INSERT INTO projeto_depts (projeto_id, departamento_id) VALUES
  (1,5);

INSERT INTO projeto_integrantes (projeto_integrantes_id, projeto_id, contato_id, ordem, projeto_integrante_competencia, projeto_integrante_atributo) VALUES
  (1,1,7,1,'Fiscalização','<p>\nVerificar&aacute; a execu&ccedil;&atilde;o da obra antes do adiplemento de cada parcela.</p>\n');



INSERT INTO projeto_observado (projeto_observado_id, projeto_id, cia_de, cia_para, remetente, usuario_aprovou, data_envio, data_aprovacao, tipo, aprovado, obs_remetente, obs_destinatario) VALUES
  (1,1,1,1,6,1,'2016-10-12 08:32:03','2016-10-12 08:32:45',NULL,1,'Projeto enviado para apreciação','Recebido. Será analisado.');

INSERT INTO projeto_ponto (projeto_ponto_id, projeto_area_id, projeto_ponto_latitude, projeto_ponto_longitude) VALUES
  (1,1,-30.164000,-51.214272),
  (2,1,-30.165001,-51.209999),
  (3,1,-30.167999,-51.217999),
  (4,1,-30.164000,-51.217999);

INSERT INTO projeto_comunicacao (projeto_comunicacao_projeto, projeto_comunicacao_usuario, projeto_comunicacao_descricao, projeto_comunicacao_data) VALUES
  (1,1,'<p>O Plano de Comunicação documenta a necessidade de informações e comunicações do projeto.</p>','2016-10-13 02:19:38');

INSERT INTO projeto_comunicacao_evento (projeto_comunicacao_evento_id, projeto_comunicacao_evento_projeto, projeto_comunicacao_evento_usuario, projeto_comunicacao_evento_ordem, projeto_comunicacao_evento_evento, projeto_comunicacao_evento_objetivo, projeto_comunicacao_evento_responsavel, projeto_comunicacao_evento_publico, projeto_comunicacao_evento_canal, projeto_comunicacao_evento_periodicidade, projeto_comunicacao_evento_data) VALUES
  (1,1,1,1,'Reunião de marco','Analisar se as tarefas executadas até o marco estiveram dentro padrão estabelecido de qualidade','Gerente do projeto','Toda a equipe do projeto','reunião presencial','A cada data estipulada para um marco','2016-10-13 02:22:04');

INSERT INTO projeto_qualidade (projeto_qualidade_projeto, projeto_qualidade_usuario, projeto_qualidade_descricao, projeto_qualidade_data) VALUES
  (1,1,'<p>O processo de gerenciamento da qualidade e os requisitos de qualidade das entregas do projeto.</p>','2016-10-13 02:13:48');

INSERT INTO projeto_qualidade_entrega (projeto_qualidade_entrega_id, projeto_qualidade_entrega_projeto, projeto_qualidade_entrega_usuario, projeto_qualidade_entrega_ordem, projeto_qualidade_entrega_entrega, projeto_qualidade_entrega_criterio, projeto_qualidade_entrega_data) VALUES
  (1,1,1,1,'Quadra poliesportiva coberta','Conforme o Termo de Referência contido no edital da concorrência.','2016-10-13 02:16:04');

INSERT INTO projeto_risco (projeto_risco_projeto, projeto_risco_usuario, projeto_risco_descricao, projeto_risco_data) VALUES
  (1,6,'<p>Os principais riscos foram mapeados na planilha abaixo de forma a sistematizar a forma de responder aos possíveis problema com proatividade.</p>','2016-10-12 19:02:37');

INSERT INTO projeto_risco_tipo (projeto_risco_tipo_id, projeto_risco_tipo_projeto, projeto_risco_tipo_ordem, projeto_risco_tipo_descricao, projeto_risco_tipo_categoria, projeto_risco_tipo_tipo, projeto_risco_tipo_consequencia, projeto_risco_tipo_probabilidade, projeto_risco_tipo_impacto, projeto_risco_tipo_severidade, projeto_risco_tipo_acao, projeto_risco_tipo_gatilho, projeto_risco_tipo_resposta, projeto_risco_tipo_usuario, projeto_risco_tipo_status, projeto_risco_tipo_data) VALUES
  (1,1,1,'Contenção de verba','liquidez','Negativo','Impossibilidade de licitar a quadra opoliesportiva','2','3','Alta','Preparar edital com data do ano seguinte','Comunicação do escalão superior','Adiamento do projeto',2,'Não ocorreu','2016-10-13 02:25:37');

INSERT INTO projeto_viabilidade (projeto_viabilidade_id, projeto_viabilidade_cia, projeto_viabilidade_projeto, projeto_viabilidade_demanda, projeto_viabilidade_nome, projeto_viabilidade_codigo, projeto_viabilidade_necessidade, projeto_viabilidade_alinhamento, projeto_viabilidade_requisitos, projeto_viabilidade_solucoes, projeto_viabilidade_viabilidade_tecnica, projeto_viabilidade_financeira, projeto_viabilidade_institucional, projeto_viabilidade_solucao, projeto_viabilidade_continuidade, projeto_viabilidade_responsavel, projeto_viabilidade_acesso, projeto_viabilidade_cor, projeto_viabilidade_data, projeto_viabilidade_ativo, projeto_viabilidade_viavel) VALUES
  (1,1,1,1,'Quadra coberta','P002/2012','Uma área fechada para prática de exercícios físicos.','Melhora da capacidade operacional.','Projeto básico realizado por uma firma de engenharia. Recursos financeiros do escalão superior. ','Receber o recurso do escalão superio e construir a quadra poliesportiva coberta, ou em caso de contenção de verba deixar toda a documentação técnica e o edital da licitação pronto para o próximo exercício fiscal.','Não há nenhum empecilho técnico, haja vista não ser uma obra de enganharia de grande vulto, sendo a opção mais simples a utilização de quadra poliesportiva pré-fabricada;','A análise inicial orçou o empreendimento em R$120.000,00, o que torna a obra de baixo custo, facilitando a concretização da mesma.','Há um interesse do escalão superior de que uma melhor capacidade física dos integrantes, o que facilita a aceitação do projeto.','Requisitar a verba necessária ao escalão superior e paralelamente realizar a primeira fase da licitação que será a elaboação do edital e enviar para análise jurídica.','A equipe de estudo de viabilidade é de parecer favorável ao prosseguimento dos trabalhos, por haver ampla possibilidade técnica, financeira e forte alinhamente com objetivo estratégico.',7,0,'c3fee4','2016-10-12 09:15:56',1,1);

INSERT INTO projeto_viabilidade_interessados (projeto_viabilidade_id, contato_id) VALUES
  (1,2);

INSERT INTO projeto_viabilidade_usuarios (projeto_viabilidade_id, usuario_id) VALUES
  (1,3),
  (1,7);

INSERT INTO projeto_abertura (projeto_abertura_id, projeto_abertura_cia, projeto_abertura_projeto, projeto_abertura_demanda, projeto_abertura_nome, projeto_abertura_codigo, projeto_abertura_responsavel, projeto_abertura_autoridade, projeto_abertura_gerente_projeto, projeto_abertura_acesso, projeto_abertura_justificativa, projeto_abertura_objetivo, projeto_abertura_escopo, projeto_abertura_nao_escopo, projeto_abertura_tempo, projeto_abertura_custo, projeto_abertura_premissas, projeto_abertura_restricoes, projeto_abertura_riscos, projeto_abertura_infraestrutura, projeto_abertura_cor, projeto_abertura_aprovado, projeto_abertura_data) VALUES
  (1,1,1,1,'Quadra coberta','P002/2012',7,2,6,0,'As temperaturas no inverno facilmente se aproximam de zero graus, o que aumenta o risco de lesões e causam um baixo rendimento nos exercícios, sendo que não há ginásio na Organização.','Estimular a prática de exercício físico no período de inverno, para que haja uma melhoria no condicionamento físico dos integrantes da organização.','Quadra poliesportiva com medidas oficiais de quadra de basquete, contendo arquibancada para 200 pessoas e iluminação artificial. ','Não estará incluido um vestiário, nem banheiros, para baratear os custos.','seis meses, a partir do inícios dos trtabalhos com a criação do edital, na modalidade concorrência.','Recursos provenientes da Diretoria Geral de Obras.','O aporte de recurso do escalão superior para execução da obra.','Não poderá o valor da quadra ser superior à R$150.000,00 sob risco de não ter a verba contemplada.','Uma possivel retenção de verba, de forma linear, poderá adiar a execução do projeto.','Area no terreno da organização previamente indentificada e a equipe de licitação e contrato, junto com a assessoria jurídica.','c3fee4',1,'2016-10-12 09:39:02');

INSERT INTO projeto_abertura_interessados (projeto_abertura_id, contato_id) VALUES
  (1,2);

INSERT INTO projeto_abertura_usuarios (projeto_abertura_id, usuario_id) VALUES
  (1,3),
  (1,7);



INSERT INTO projetos (projeto_id, projeto_cia, projeto_responsavel, projeto_criador, projeto_supervisor, projeto_autoridade, projeto_atualizador, projeto_superior, projeto_superior_original, projeto_tema, projeto_objetivo_estrategico, projeto_estrategia, projeto_indicador, projeto_meta, projeto_fator, projeto_pratica, projeto_acao, projeto_nome, projeto_nome_curto, projeto_codigo, projeto_sequencial, projeto_url, projeto_url_externa, projeto_data_inicio, projeto_data_fim, projeto_fim_atualizado, projeto_status, projeto_percentagem, projeto_custo, projeto_gasto, projeto_cor, projeto_descricao, projeto_objetivos, projeto_como, projeto_localizacao, projeto_meta_custo, projeto_custo_atual, projeto_privativo, projeto_prioridade, projeto_tipo, projeto_data_chave, projeto_data_chave_pos, projeto_tarefa_chave, projeto_ativo, projeto_especial, projeto_criado, projeto_atualizado, projeto_data_fim_ajustada, projeto_status_comentario, projeto_subprioridade, projeto_data_fim_ajustada_usuario, projeto_acesso, projeto_endereco1, projeto_endereco2, projeto_cidade, projeto_estado, projeto_cep, projeto_pais, projeto_latitude, projeto_longitude, projeto_setor, projeto_segmento, projeto_intervencao, projeto_tipo_intervencao, projeto_ano, projeto_portfolio, projeto_comunidade, projeto_social, projeto_social_acao, projeto_principal_indicador, projeto_justificativa, projeto_objetivo, projeto_escopo, projeto_nao_escopo, projeto_premissas, projeto_restricoes, projeto_orcamento) VALUES
  (1,1,6,6,7,2,NULL,1,1,NULL,NULL,2,NULL,NULL,NULL,NULL,NULL,'Quadra coberta',NULL,'03.04.05.001.0001/2014',1,NULL,NULL,'2016-06-25 14:00:00','2016-08-01 13:00:00',NULL,1,24.75,NULL,NULL,'dce9ef','Para possibilitar a prática de educação física, em boas condições, na época mais fria do ano, faz-se mister haver no 3º B Com uma quadra poli-esportiva coberta.',NULL,NULL,'Sul do NUCRIS',140000.000,0.000,0,-1,0,NULL,NULL,NULL,1,NULL,NULL,NULL,NULL,NULL,NULL,NULL,0,'Avenida da Serraria','Serraria',NULL,'RS','91770-010','BR','-30.166408','-51.214271','03','0304','030405','030405001','2015',0,NULL,NULL,NULL,455, 'As temperaturas no inverno facilmente se aproximam de zero graus, o que aumenta o risco de lesões e causam um baixo rendimento nos exercícios, sendo que não há ginásio na Organização.','Estimular a prática de exercício físico no período de inverno, para que haja uma melhoria no condicionamento físico dos integrantes da organização.','Quadra poliesportiva com medidas oficiais de quadra de basquete, contendo arquibancada para 200 pessoas e iluminação artificial.','Não estará incluido um vestiário, nem banheiros, para baratear os custos.','O aporte de recurso do escalão superior para execução da obra.','Não poderá o valor da quadra ser superior à R$150.000,00 sob risco de não ter a verba contemplada.','Recursos provenientes da Diretoria Geral de Obras.');

INSERT INTO projetos (projeto_id, projeto_cia, projeto_responsavel, projeto_criador, projeto_supervisor, projeto_autoridade, projeto_atualizador, projeto_superior, projeto_superior_original, projeto_tema, projeto_objetivo_estrategico, projeto_estrategia, projeto_indicador, projeto_meta, projeto_fator, projeto_pratica, projeto_acao, projeto_nome, projeto_nome_curto, projeto_codigo, projeto_sequencial, projeto_url, projeto_url_externa, projeto_data_inicio, projeto_data_fim, projeto_fim_atualizado, projeto_status, projeto_percentagem, projeto_custo, projeto_gasto, projeto_cor, projeto_descricao, projeto_objetivos, projeto_observacao, projeto_como, projeto_localizacao, projeto_meta_custo, projeto_custo_atual, projeto_privativo, projeto_prioridade, projeto_tipo, projeto_data_chave, projeto_data_chave_pos, projeto_tarefa_chave, projeto_ativo, projeto_especial, projeto_criado, projeto_atualizado, projeto_data_fim_ajustada, projeto_status_comentario, projeto_subprioridade, projeto_data_fim_ajustada_usuario, projeto_acesso, projeto_endereco1, projeto_endereco2, projeto_cidade, projeto_estado, projeto_cep, projeto_pais, projeto_latitude, projeto_longitude, projeto_setor, projeto_segmento, projeto_intervencao, projeto_tipo_intervencao, projeto_ano, projeto_portfolio, projeto_comunidade, projeto_social, projeto_social_acao, projeto_principal_indicador, projeto_template) VALUES
 	(2,1,1,1,1,1,NULL,2,2,NULL,NULL,2,NULL,NULL,NULL,NULL,NULL,'Projeto 1000 tarefas',NULL,NULL,1,NULL,NULL,'2016-08-25 14:00:00','2016-10-01 13:00:00',NULL,1,0.00,NULL,NULL,'dce9ef','Teste de projeto de grande envergadura.',NULL,NULL,NULL,'Sul do NUCRIS',140000.000,0.000,0,-1,0,NULL,NULL,NULL,1,NULL,NULL,NULL,NULL,NULL,NULL,NULL,0,'Avenida da Serraria','Serraria',NULL,'RS','91770-010','BR','-30.200000','-51.200000','03','0304','030405','030405001','2015',0,NULL,NULL,NULL,NULL,0);


INSERT INTO recursos (recurso_id, recurso_cia, recurso_responsavel, recurso_nome, recurso_chave, recurso_tipo, recurso_nota, recurso_max_alocacao, recurso_nivel_acesso, recurso_unidade, recurso_quantidade, recurso_custo, recurso_categoria_economica, recurso_grupo_despesa, recurso_modalidade_aplicacao, recurso_nd, recurso_ev, recurso_esf, recurso_ptres, recurso_fonte, recurso_sb, recurso_ugr, recurso_pi, recurso_ano, recurso_resultado_primario, recurso_origem, recurso_contato, recurso_credito_adicional, recurso_movimentacao_orcamentaria, recurso_identificador_uso, recurso_esfera_orcamentaria, recurso_liberado, recurso_hora_custo) VALUES
  (1,1,8,'Crédio da DGO','NC 0023/2012',5,'Crédito autorizado para construção da quadra coberta',100,0,0,120000.000,1.000,'3','3','90','51.00','300063','10','004118','300',NULL,'160385','I3DACNTCORR',2014,'3','2',2,'1','1','0',NULL,0.000,0.000),
  (2,1,7,'Trator bobycat','001',1,'Para serviços de pequeno volume',100,0,1,2.000,0.000,NULL,NULL,NULL,NULL,NULL,NULL,NULL,NULL,NULL,NULL,NULL,2014,NULL,NULL,0,NULL,NULL,NULL,NULL,0.000,35.000);

INSERT INTO recurso_depts (recurso_id, departamento_id) VALUES
  (2,34);

INSERT INTO recurso_tarefas (recurso_tarefa_id, recurso_id, tarefa_id, percentual_alocado, recurso_quantidade) VALUES
  (1,1,3,100,120000.000),
  (2,2,2,100,1.000),
  (3,2,17,100,1.000);

INSERT INTO recurso_usuarios (recurso_id, usuario_id) VALUES
  (2,6),
  (2,7);

INSERT INTO tarefa_contatos (tarefa_id, contato_id) VALUES
  (16,4),
  (16,5),
  (17,3),
  (17,4);

INSERT INTO tarefa_custos (tarefa_custos_id, tarefa_custos_tarefa, tarefa_custos_usuario, tarefa_custos_nome, tarefa_custos_tipo, tarefa_custos_data, tarefa_custos_quantidade, tarefa_custos_custo, tarefa_custos_percentagem, tarefa_custos_descricao, tarefa_custos_ordem, tarefa_custos_nd, tarefa_custos_categoria_economica, tarefa_custos_grupo_despesa, tarefa_custos_modalidade_aplicacao, tarefa_custos_metodo, tarefa_custos_exercicio, tarefa_custos_data_limite) VALUES
  (1,2,1,'Quadra poliesportiva',1,'2016-12-29 08:12:19',1.000,24308.000,0,'Quadra poliesportiva 544m², base de concreto com junta seca, pintura com tinta resinada, demarcação para vôlei futebol de salão e basquete, dimensões oficias (Material de Consumo)',2,'51.00','3','3','90',NULL,NULL,'2016-12-29'),
  (2,2,1,'Estrutura tubular',1,'2016-12-29 08:12:08',2.000,2015.000,0,'Estrutura tubular 4 polegadas pintado na cor verde, 1 tabela de maderiti naval com cesto normal sem amortecedor e rede. (Material de Consumo)',4,'51.00','3','3','90',NULL,NULL,'2016-12-29'),
  (3,2,1,'Trave para Futebol',1,'2016-12-29 08:12:55',2.000,860.000,0,'Trave para Futebol de Salão com 4 buchas e rede. (Material de Consumo)',6,'51.00','3','3','90',NULL,NULL,'2016-12-29'),
  (4,2,1,'Lâmpadas de vapor metálico',1,'2016-12-29 08:12:44',1.000,2000.000,0,'12 lâmpadas de vapor metálico 220volts 12 projetores e 12 reatores Fio 4mm cabo PP com quadro. (Material de Consumo)',7,'30.00','3','3','90',NULL,NULL,'2016-12-29'),
  (5,2,1,'Arquibancada',1,'2016-12-29 08:12:31',1.000,12800.000,0,'Arquibancada: de 2 lados com 6 degraus com 50 cm de altura por 60cm de largura. (Material de Consumo)',9,'51.00','3','3','90',NULL,NULL,'2016-12-29'),
  (6,2,1,'Frete e Mobilização de equipe',1,'2016-12-29 08:12:20',1.000,2300.000,0,'Frete e Mobilização de equipe',11,'36.00','3','3','90',NULL,NULL,'2016-12-29'),
  (7,2,1,'Alambrado Gaiolão',1,'2016-12-29 08:12:09',1.000,6000.000,0,'Alambrado Gaiolão 490m² : 5m de altura com corrimão em cima Fio 12, malha de 3 polegadas galvanizado revestido PVC verde, 1 portão de 1x2m de acesso. (Serviço Instalação)',13,'51.00','3','3','90',NULL,NULL,'2016-12-29'),
  (8,2,1,'Cobertura fechada',1,'2016-12-29 08:12:56',1.000,31000.000,0,'Cobertura fechada, de 1056 m²: estrutura metálica com telha de zinco em arco, em tubos U de 15x15 para pé direto, para travamento e ferro U de 6mm. (Serviço Instalação)',15,'51.00','3','3','90',NULL,NULL,'2016-12-29'),
  (9,17,1,'Serviço terceirizado de montagem',1,'2016-08-04 23:08:01',1.000,30000.000,0,'Serviço de montagem da quadra pré-montada.',1,'39.00','3','3','90',NULL,NULL,'2016-12-28');

INSERT INTO tarefa_dependencias (dependencias_tarefa_id, dependencias_req_tarefa_id, tipo_dependencia, latencia, tipo_latencia, dependencia_forte) VALUES
  (2,1,'TI',0,'d',1),
  (4,2,'TI',2,'d',1),
  (5,4,'TI',2,'d',1),
  (6,5,'TI',2,'d',1),
  (7,6,'TI',2,'d',1),
  (17,7,'TI',0,'d',1),
  (17,16,'TI',0,'d',1),
  (19,18,'II',2,'d',1),
  (20,19,'TI',3,'d',1);

INSERT INTO tarefa_depts (tarefa_id, departamento_id) VALUES
  (1,1),
  (1,2),
  (2,3),
  (3,4),
  (16,5),
  (17,34);

INSERT INTO tarefa_designados (usuario_id, tarefa_id, usuario_admin, perc_designado, usuario_tarefa_prioridade) VALUES
  (2, 1, 0, 100.000, 0),
  (3, 1, 0, 100.000, 0),
  (4, 1, 0, 100.000, 0),
  (5, 1, 0, 100.000, 0),
  (6, 1, 0, 100.000, 0),
  (5, 2, 0, 100.000, 0),
  (6, 3, 0, 100.000, 0),
  (6, 4, 0, 100.000, 0),
  (6, 5, 0, 100.000, 0),
  (6, 6, 0, 100.000, 0),
  (6, 7, 0, 100.000, 0),
  (3, 16, 0, 100.000, 0),
  (3, 17, 0, 100.000, 0),
  (7, 17, 0, 100.000, 0),
  (1, 18, 0, 100.000, 0),
  (2, 18, 0, 100.000, 0),
  (1, 19, 0, 100.000, 0),
  (3, 19, 0, 100.000, 0),
  (1, 20, 0, 100.000, 0),
  (7, 20, 0, 100.000, 0);

INSERT INTO tarefa_gastos (tarefa_gastos_id, tarefa_gastos_tarefa, tarefa_gastos_usuario, tarefa_gastos_nome, tarefa_gastos_tipo, tarefa_gastos_data, tarefa_gastos_quantidade, tarefa_gastos_custo, tarefa_gastos_percentagem, tarefa_gastos_descricao, tarefa_gastos_ordem, tarefa_gastos_nd, tarefa_gastos_categoria_economica, tarefa_gastos_grupo_despesa, tarefa_gastos_modalidade_aplicacao, tarefa_gastos_metodo, tarefa_gastos_exercicio, tarefa_gastos_data_recebido) VALUES
  (1,2,1,'Cobertura',1,'2016-12-29 08:12:07',2.000,75000.000,1,'Cobertura pré-fabricada para quadra poli-esportiva',2,'51.00','3','3','90',NULL,NULL,NULL),
  (2,2,1,'Quadra poli-esportiva',1,'2016-12-29 08:12:56',2.000,14300.000,1,'Quadra sintética emborrachada com acessórios',3,'51.00','3','3','90',NULL,NULL,NULL),
  (3,2,8,'Iluminação de quadra',1,'2016-12-29 08:12:25',8.000,970.350,1,'Iluminação para a quadra de 1000W.',4,'30.00','3','3','90',NULL,NULL,NULL),
  (4,2,2,'Arquibancada pré-fabricada',1,'2016-12-29 08:12:21',1.000,4600.000,1,'Arquibancada com estrutura em tubos de ferro.',5,'51.00','3','3','90',NULL,NULL,NULL);


INSERT INTO tarefa_log (tarefa_log_id, tarefa_log_tarefa, tarefa_log_nome, tarefa_log_descricao, tarefa_log_criador, tarefa_log_horas, tarefa_log_data, tarefa_log_custo, tarefa_log_nd, tarefa_log_categoria_economica, tarefa_log_grupo_despesa, tarefa_log_modalidade_aplicacao, tarefa_log_metodo, tarefa_log_exercicio, tarefa_log_problema, tarefa_log_referencia, tarefa_log_url_relacionada, tarefa_log_cia, tarefa_log_reg_mudanca, tarefa_log_reg_mudanca_servidores, tarefa_log_reg_mudanca_paraquem, tarefa_log_reg_mudanca_data, tarefa_log_reg_mudanca_duracao, tarefa_log_reg_mudanca_expectativa, tarefa_log_reg_mudanca_descricao, tarefa_log_reg_mudanca_plano, tarefa_log_reg_mudanca_percentagem, tarefa_log_reg_mudanca_realizado, tarefa_log_acesso) VALUES
  (1,1,'Reu Coordenação','Foi realizada a Reunião de coordenação.',2,2.000,'2016-03-02 15:00:00',0.000,'36.00',NULL,NULL,NULL,NULL,NULL,0,1,NULL,1,0,'',0,NULL,'',0,NULL,NULL,NULL,NULL,0),
  (2,2,'Modelo Quadra','Gasto R$30,00 com ligações interurbanas.',6,14.000,'2016-03-12 16:00:00',30.000,'36.00',NULL,NULL,NULL,NULL,NULL,0,3,NULL,1,0,'',0,NULL,'',0,NULL,NULL,NULL,NULL,0),
  (3,2,'Modelo Quadra','Gasto R$15,00 no plotter da planta da quadra.',6,10.000,'2016-04-01 14:00:00',5.000,'36.00',NULL,NULL,NULL,NULL,NULL,0,8,NULL,1,0,'',0,NULL,'',0,NULL,NULL,NULL,NULL,0),
  (4,4,'Criação Edital','Confecção do Edital já está em andamento.',6,0.000,'2016-04-06 13:00:00',0.000,'36.00',NULL,NULL,NULL,NULL,NULL,0,8,NULL,1,0,'',0,NULL,'',0,NULL,NULL,NULL,NULL,0),
  (5,2,'Modelo Quadra','Não é para efetuar ligação interurbana quando a firma tem E-email!',8,0.000,'2016-04-08 15:30:00',0.000,'36.00',NULL,NULL,NULL,NULL,NULL,1,10,NULL,1,0,'',0,NULL,'',0,NULL,NULL,NULL,NULL,0);

INSERT INTO tarefas (tarefa_id,tarefa_superior,tarefa_projeto,tarefa_cia,tarefa_dept,tarefa_dono,tarefa_criador,tarefa_comunidade,tarefa_social,tarefa_acao,tarefa_principal_indicador,tarefa_nome,tarefa_marco,tarefa_inicio,tarefa_inicio_calculado,tarefa_duracao,tarefa_duracao_tipo,tarefa_horas_trabalhadas,tarefa_fim,tarefa_status,tarefa_prioridade,tarefa_percentagem,tarefa_percentagem_data,tarefa_custo,tarefa_gasto,tarefa_descricao,tarefa_onde,tarefa_porque,tarefa_como,tarefa_customizado,tarefa_situacao_atual,tarefa_custo_almejado,tarefa_url_relacionada,tarefa_ordem,tarefa_cliente_publicada,tarefa_dinamica,tarefa_acesso,tarefa_notificar,tarefa_tipo,tarefa_atualizador,tarefa_data_criada,tarefa_data_atualizada,tarefa_endereco1,tarefa_endereco2,tarefa_cidade,tarefa_estado,tarefa_cep,tarefa_pais,tarefa_latitude,tarefa_longitude,tarefa_emprego_obra,tarefa_emprego_direto,tarefa_emprego_indireto,tarefa_populacao_atendida,tarefa_forma_implantacao,tarefa_adquirido,tarefa_previsto,tarefa_realizado,tarefa_codigo,tarefa_sequencial,tarefa_setor,tarefa_segmento,tarefa_intervencao,tarefa_tipo_intervencao,tarefa_ano,tarefa_projetoex_id,tarefa_tarefaex_id,tarefa_desatualizada,tarefa_unidade,tarefa_numeracao,tarefa_gerenciamento,tarefa_alerta,tarefa_manual,tarefa_duracao_manual,tarefa_inicio_manual,tarefa_fim_manual) VALUES
  (1, '1', '1', '1', NULL, '2', '1', NULL, NULL, NULL, NULL, 'Reu Coordenação', '1', '2016-04-15 14:00:00', NULL, '0.000', '1', '0.000', '2016-04-15 14:00:00', '2', '0', '100.000', NULL, NULL, NULL, 'Haverá às 14:00 no PC Cmt uma Reu preparatória para analisar discutir o projeto da quadra coberta do 3º B Com.', NULL, NULL, NULL, NULL, NULL, '0.000', NULL, NULL, NULL, '0', '0', '1', '1', '0', NULL, NULL, 'Avenida da Serraria', 'Serraria', '4314902', 'RS', '91770-010', 'BR', '-30.166408', '-51.214271', NULL, NULL, NULL, NULL, NULL, NULL, NULL, NULL, NULL, '11', NULL, NULL, NULL, NULL, NULL, NULL, NULL, '0', '1', '1', '0', '0', '0', '0.000', '2016-04-15 14:00:00', '2016-04-15 14:00:00'),
  (2, '2', '1', '1', NULL, '5', '1', NULL, NULL, NULL, NULL, 'Modelo Quadra', '0', '2016-04-15 14:00:00', NULL, '480.000', '1', '96.000', '2016-07-10 14:00:00', '3', '1', '30.000', NULL, NULL, NULL, 'Pesquisar modelos e preços das quadras poli-esportivas ofertadas pelo mercado.', NULL, NULL, NULL, NULL, NULL, '0.000', NULL, NULL, NULL, '0', '0', NULL, '1', '0', NULL, NULL, 'Avenida da Serraria', 'Serraria', '4314902', 'RS', '91770-010', 'BR', '-30.166408', '-51.214271', NULL, NULL, NULL, NULL, NULL, NULL, NULL, NULL, NULL, '10', NULL, NULL, NULL, NULL, NULL, NULL, NULL, '0', '1', '2', '0', '0', '0', '480.000', '2016-04-15 14:00:00', '2016-07-10 14:00:00'),
  (3, '3', '1', '1', NULL, '6', '6', NULL, NULL, NULL, NULL, 'Licitação Quadra', '0', '2016-07-12 14:00:00', '0', '112.000', '1', '0.000', '2016-08-01 14:00:00', '1', '0', '0.000', NULL, '0.000', '0.000', NULL, NULL, NULL, NULL, NULL, NULL, '0.000', NULL, '0', '0', '1', '0', '0', '1', '0', NULL, NULL, 'Avenida da Serraria', 'Serraria', '4314902', 'RS', '91770-010', 'BR', '-30.166408', '-51.214271', '0', '0', '0', NULL, NULL, '0.000', '0.000', '0.000', NULL, NULL, NULL, NULL, NULL, NULL, NULL, NULL, NULL, '0', NULL, '3', '0', '0', '0', '112.000', '2016-07-12 14:00:00', '2016-08-01 14:00:00'),
  (4, '3', '1', '1', NULL, '6', '1', NULL, NULL, NULL, NULL, 'Criação Edital', '0', '2016-07-12 14:00:00', NULL, '32.000', '1', '4.000', '2016-07-18 14:00:00', '1', '1', '0.000', NULL, NULL, NULL, 'Montagem do Edital para a Licitação', NULL, NULL, NULL, NULL, NULL, '0.000', NULL, NULL, NULL, '0', '0', NULL, '1', '0', NULL, NULL, 'Avenida da Serraria', 'Serraria', NULL, 'RS', '91770-010', 'BR', '-30.166408', '-51.214271', NULL, NULL, NULL, NULL, NULL, NULL, NULL, NULL, NULL, '6', NULL, NULL, NULL, NULL, NULL, NULL, NULL, '0', '1', '1', '0', '0', '0', '32.000', '2016-07-12 14:00:00', '2016-07-18 14:00:00'),
  (5, '3', '1', '1', NULL, '6', '1', NULL, NULL, NULL, NULL, 'Análise Jurídica do Edital', '0', '2016-07-22 14:00:00', NULL, '24.000', '1', '0.000', '2016-07-25 14:00:00', '1', '-2', '0.000', NULL, NULL, NULL, 'Análise jurídica do Edital pela Assessoria Jurídica do CMS.', NULL, NULL, NULL, NULL, NULL, '0.000', NULL, NULL, NULL, '0', '0', NULL, '1', '0', NULL, NULL, 'Avenida da Serraria', 'Serraria', NULL, 'RS', '91770-010', 'BR', '-30.166408', '-51.214271', NULL, NULL, NULL, NULL, NULL, NULL, NULL, NULL, NULL, '7', NULL, NULL, NULL, NULL, NULL, NULL, NULL, '0', '1', '2', '0', '0', '0', '24.000', '2016-07-22 14:00:00', '2016-07-25 14:00:00'),
  (6, '3', '1', '1', NULL, '6', '1', NULL, NULL, NULL, NULL, 'Lançamento ComprasNet', '0', '2016-07-29 14:00:00', NULL, '8.000', '1', '0.000', '2016-07-30 14:00:00', '1', '0', '0.000', NULL, NULL, NULL, 'Lançamento no ComprasNet como Pregão Eletrônico e contatar firmas de engenharia.', NULL, NULL, NULL, NULL, NULL, '0.000', NULL, NULL, NULL, '0', '0', '1', '1', '0', NULL, NULL, 'Avenida da Serraria', 'Serraria', NULL, 'RS', '91770-010', 'BR', '-30.166408', '-51.214271', NULL, NULL, NULL, NULL, NULL, NULL, NULL, NULL, NULL, '8', NULL, NULL, NULL, NULL, NULL, NULL, NULL, '0', '1', '3', '0', '0', '0', '8.000', '2016-07-29 14:00:00', '2016-07-30 14:00:00'),
  (7, '3', '1', '1', NULL, '6', '1', NULL, NULL, NULL, NULL, 'Pregão 003/2009', '0', '2016-08-01 14:00:00', NULL, '0.000', '1', '0.000', '2016-08-01 14:00:00', '1', '2', '0.000', NULL, NULL, NULL, '- Execução do Pregão 003/2009, às 09:00hs;- Adjudicação e Homologação.', NULL, NULL, NULL, NULL, NULL, '0.000', NULL, NULL, NULL, '0', '0', NULL, '1', '0', NULL, NULL, 'Avenida da Serraria', 'Serraria', NULL, 'RS', '91770-010', 'BR', '-30.166408', '-51.214271', NULL, NULL, NULL, NULL, NULL, NULL, NULL, NULL, NULL, '9', NULL, NULL, NULL, NULL, NULL, NULL, NULL, '0', '1', '4', '0', '0', '0', '0.000', '2016-08-01 14:00:00', '2016-08-01 14:00:00'),
  (16, '16', '1', '1', NULL, '2', '6', NULL, NULL, NULL, NULL, 'Aporte do Crédito', '1', '2016-07-23 13:00:00', '0', '0.000', '1', '0.000', '2016-07-23 13:00:00', '1', '0', '0.000', NULL, '0.000', '0.000', 'Reebimento da NC do Ministério do Desporto', NULL, NULL, NULL, NULL, NULL, '0.000', NULL, '0', '0', '0', '0', '0', '0', '0', NULL, NULL, 'Avenida da Serraria', 'Serraria', '4314902', 'RS', '91770-010', 'BR', '-30.166408', '-51.214271', '0', '0', '0', NULL, NULL, '0.000', '0.000', '0.000', NULL, '5', NULL, NULL, NULL, NULL, NULL, NULL, NULL, '0', '1', '7', '0', '0', '0', '0.000', '2016-07-23 13:00:00', '2016-07-23 13:00:00'),
  (17, '17', '1', '1', NULL, '3', '1', NULL, NULL, NULL, NULL, 'Montagem da Quadra', '0', '2016-08-01 14:00:00', NULL, '208.000', '1', '0.000', '2016-09-06 14:00:00', '1', '0', '0.000', NULL, '30000.000', NULL, NULL, NULL, NULL, NULL, NULL, NULL, '0.000', NULL, NULL, NULL, '0', '0', NULL, '1', '0', NULL, NULL, 'Avenida da Serraria', 'Serraria', NULL, 'RS', '91770-010', 'BR', '-30.166408', '-51.214271', NULL, NULL, NULL, NULL, NULL, NULL, NULL, NULL, NULL, '4', NULL, NULL, NULL, NULL, NULL, NULL, NULL, '0', '1', '8', '0', '0', '0', '208.000', '2016-08-01 14:00:00', '2016-09-06 14:00:00'),
  (18, '18', '1', '1', NULL, '1', '1', NULL, NULL, NULL, NULL, 'formação de grupo', '0', '2016-07-09 08:00:00', NULL, '24.000', '1', '0.000', '2016-07-11 17:00:00', '1', '0', '100.000', NULL, NULL, NULL, NULL, NULL, NULL, NULL, NULL, NULL, '0.000', NULL, NULL, NULL, '0', '0', NULL, NULL, '0', NULL, NULL, NULL, NULL, NULL, NULL, NULL, 'BR', '0', '0', NULL, NULL, NULL, NULL, NULL, NULL, NULL, NULL, NULL, '1', NULL, NULL, NULL, NULL, NULL, NULL, NULL, '0', '1', '4', '0', '0', '0', '24.000', '2016-07-09 08:00:00', '2016-07-11 17:00:00'),
  (19, '19', '1', '1', NULL, '1', '1', NULL, NULL, NULL, NULL, 'análise da licitação', '0', '2016-07-11 08:00:00', NULL, '32.000', '1', '0.000', '2016-07-16 17:00:00', '1', '0', '100.000', NULL, NULL, NULL, NULL, NULL, NULL, NULL, NULL, NULL, '0.000', NULL, NULL, NULL, '0', '0', NULL, NULL, '0', NULL, NULL, NULL, NULL, NULL, NULL, NULL, 'BR', '0', '0', NULL, NULL, NULL, NULL, NULL, NULL, NULL, NULL, NULL, '2', NULL, NULL, NULL, NULL, NULL, NULL, NULL, '0', '1', '5', '0', '0', '0', '32.000', '2016-07-11 08:00:00', '2016-07-16 17:00:00'),
  (20, '20', '1', '1', NULL, '1', '1', NULL, NULL, NULL, NULL, 'Relatório final', '0', '2016-07-22 08:00:00', NULL, '0.000', '1', '0.000', '2016-07-22 08:00:00', '1', '0', '0.000', NULL, NULL, NULL, NULL, NULL, NULL, NULL, NULL, NULL, '0.000', NULL, NULL, NULL, '0', '0', NULL, NULL, '0', NULL, NULL, NULL, NULL, NULL, NULL, NULL, 'BR', '0', '0', NULL, NULL, NULL, NULL, NULL, NULL, NULL, NULL, NULL, '3', NULL, NULL, NULL, NULL, NULL, NULL, NULL, '0', '1', '6', '0', '0', '0', '0.000', '2016-07-22 08:00:00', '2016-07-22 08:00:00');


INSERT INTO demandas (demanda_id, demanda_cia, demanda_usuario, demanda_viabilidade, demanda_termo_abertura, demanda_projeto, demanda_nome, demanda_identificacao, demanda_justificativa, demanda_resultados, demanda_alinhamento, demanda_fonte_recurso, demanda_acesso, demanda_cor, demanda_ativa, demanda_caracteristica_projeto, demanda_data, demanda_complexidade, demanda_custo, demanda_tempo, demanda_servidores, demanda_recurso_externo, demanda_interligacao, demanda_tamanho) VALUES
  (1,1,6,1,1,1,'Área para educação física no inverno','Uma área fechada para prática de exercícios físicos.','As temperaturas no inverno facilmente se aproximam de zero graus, o que aumenta o risco de lesões e causam um baixo rendimento nos exercícios, sendo que não há ginásio na Organização.','Uma melhora nas provas de educação física, em julho, além de diminuição das lesões físicas nos meses do inverno.','Melhora da capacidade operacional.','Recursos provenientes da Diretoria Geral de Obras.',0,'c3fee4',1,1,'2016-09-19 10:10:22',2,2,2,1,1,1,2);

INSERT INTO demanda_depts (demanda_id, dept_id) VALUES
  (1,5),
  (1,34);

INSERT INTO demanda_usuarios (demanda_id, usuario_id) VALUES
  (1,6),
  (1,7);

INSERT INTO preferencia (usuario, datacurta, emailtodos, encaminhar, exibenomefuncao, filtroevento, formatohora, grupoid, grupoid2, localidade, modelo_msg, nomefuncao, selecionarpordpto, tarefaemailreg, tarefasexpandidas, msg_extra, msg_entrada, om_usuario, agrupar_msg, padrao_ver_m, padrao_ver_a, padrao_ver_tab, ui_estilo, informa_responsavel, informa_designados, informa_contatos, informa_interessados) VALUES
  (2,'%d/%m/%Y',NULL,NULL,1,'todos_aceitos','%H:%M',-1,0,'pt','exibe_msg',1,0,0,0,0,1,1,0,NULL,NULL,1,'rondon',1,1,1,1),
  (3,'%d/%m/%Y',NULL,NULL,1,'todos_aceitos','%H:%M',-1,0,'pt','exibe_msg',1,0,0,0,0,1,1,0,NULL,NULL,1,'rondon',1,1,1,1),
  (4,'%d/%m/%Y',NULL,NULL,1,'todos_aceitos','%H:%M',-1,0,'pt','exibe_msg',1,0,0,0,0,1,1,0,NULL,NULL,1,'rondon',1,1,1,1),
  (5,'%d/%m/%Y',NULL,NULL,1,'todos_aceitos','%H:%M',-1,0,'pt','exibe_msg',1,0,0,0,0,1,1,0,NULL,NULL,1,'rondon',1,1,1,1),
  (6,'%d/%m/%Y',NULL,NULL,1,'todos_aceitos','%H:%M',-1,0,'pt','exibe_msg',1,0,0,0,0,1,1,0,NULL,NULL,1,'rondon',1,1,1,1),
  (7,'%d/%m/%Y',NULL,NULL,1,'todos_aceitos','%H:%M',-1,0,'pt','exibe_msg',1,0,0,0,0,1,1,0,NULL,NULL,1,'rondon',1,1,1,1),
  (8,'%d/%m/%Y',NULL,NULL,1,'todos_aceitos','%H:%M',-1,0,'pt','exibe_msg',1,0,0,0,0,1,1,0,NULL,NULL,1,'rondon',1,1,1,1);

INSERT INTO usuariogrupo (usuario_id, grupo_id) VALUES
  (2,1),
  (2,2),
  (3,1),
  (3,2),
  (4,1),
  (5,1),
  (6,1),
  (8,1),
  (8,2);

INSERT INTO contatos (contato_id, contato_cia, contato_dept, contato_dono, contato_posto_valor, contato_posto, contato_nomeguerra, contato_nomecompleto, contato_ordem, contato_arma, contato_nascimento, contato_funcao, contato_codigo, contato_tipo, contato_matricula, contato_cpf, contato_cnpj, contato_email, contato_email2, contato_url, contato_dddtel, contato_tel, contato_dddtel2, contato_tel2, contato_dddfax, contato_fax, contato_dddcel, contato_cel, contato_endereco1, contato_endereco2, contato_cidade, contato_estado, contato_cep, contato_pais, contato_notas, contato_jabber, contato_icq, contato_msn, contato_yahoo, contato_skype, contato_icone, contato_privado, contato_chave_atualizacao, contato_ultima_atualizacao, contato_pedido_atualizacao, contato_hora_custo) VALUES
  (2,1,1,1,19,'Sr.','Túlio','Túlio Barroso',NULL,NULL,'0000-00-00','Cmt',NULL,NULL,NULL,NULL,NULL,'tulio@gmail.com',NULL,NULL,'51','3246-8220',NULL,NULL,NULL,NULL,'51','9123-6080',NULL,NULL,NULL,NULL,NULL,'BR',NULL,NULL,NULL,NULL,NULL,NULL,NULL,0,'',NULL,NULL,100.000),
  (3,1,3,1,19,'Sr.','Julio','Julio Costa',NULL,NULL,'0000-00-00','SCmt',NULL,NULL,NULL,NULL,NULL,'julio@yahoo.com',NULL,NULL,'51','3250-2211',NULL,NULL,NULL,NULL,NULL,NULL,NULL,NULL,NULL,NULL,NULL,'BR',NULL,NULL,NULL,NULL,NULL,NULL,NULL,0,'',NULL,NULL,100.000),
  (4,1,2,1,19,'Sr.','Rodrigo','Rodrigo Campoa',NULL,NULL,'0000-00-00','Ch 1ª Seção',NULL,NULL,NULL,NULL,NULL,'campos@hotmail.com',NULL,NULL,'51','3250-3030',NULL,NULL,NULL,NULL,NULL,NULL,NULL,NULL,NULL,NULL,NULL,'BR',NULL,NULL,NULL,NULL,NULL,NULL,NULL,0,'',NULL,NULL,100.000),
  (5,1,4,1,19,'Sr.','Rossano','Rossano Pacheco Assumpção Machado',NULL,NULL,'0000-00-00','Ch 2ª Seção',NULL,NULL,NULL,NULL,NULL,'rossano@hotmail.com',NULL,NULL,'51','3455-1022',NULL,NULL,NULL,NULL,'51','9980-2050',NULL,NULL,NULL,NULL,NULL,'BR',NULL,NULL,NULL,NULL,NULL,NULL,NULL,0,'',NULL,NULL,100.000),
  (6,1,5,1,19,'Sr.','Reinert','Sérgio Fernandes Reinert de Lima',NULL,NULL,'0000-00-00','Ch 3ª Seção',NULL,NULL,NULL,NULL,NULL,'reinert@hotmail.com',NULL,NULL,'51','3455-2030',NULL,NULL,NULL,NULL,NULL,NULL,NULL,NULL,NULL,NULL,NULL,'BR',NULL,NULL,NULL,NULL,NULL,NULL,NULL,0,'',NULL,NULL,100.000),
  (7,1,34,1,19,'Sr.','Marco','Marco Silva',NULL,NULL,'0000-00-00','Ch 4ª Seção',NULL,NULL,NULL,NULL,NULL,'marco@gmail.com',NULL,NULL,NULL,NULL,NULL,NULL,NULL,NULL,'51','9980-9090',NULL,NULL,NULL,NULL,NULL,'BR',NULL,NULL,NULL,NULL,NULL,NULL,NULL,0,'',NULL,NULL,100.000),
  (8,1,5,1,19,'Sr.','Ricardo','Ricardo Maria',NULL,NULL,'0000-00-00','Protocolista',NULL,NULL,NULL,NULL,NULL,'ricardo@hotmail.com',NULL,NULL,'51','3239-3070',NULL,NULL,NULL,NULL,NULL,NULL,NULL,NULL,NULL,NULL,NULL,'BR',NULL,NULL,NULL,NULL,NULL,NULL,NULL,0,'',NULL,NULL,100.000);


INSERT INTO usuarios (usuario_id, usuario_contato, usuario_login, usuario_senha, usuario_superior, usuario_grupo_dept, usuario_acesso_email, usuario_pode_oculta, usuario_cm, usuario_rodape, usuario_chavepublica, usuario_especial, usuario_ativo, usuario_admin, usuario_login2, usuario_senha2, usuario_assinatura, usuario_contas) VALUES
  (2,2,'cmt','e10adc3949ba59abbe56e057f20f883e',NULL,0,4,1,0,'',NULL,0,1,0,NULL,NULL,'2_assinatura.gif',NULL),
  (3,3,'scmt','e10adc3949ba59abbe56e057f20f883e',NULL,0,4,1,0,'',NULL,0,1,0,NULL,NULL,'3_assinatura.gif',NULL),
  (4,4,'s1','e10adc3949ba59abbe56e057f20f883e',NULL,0,2,1,0,'',NULL,0,1,0,NULL,NULL,'4_assinatura.gif',NULL),
  (5,5,'s2','e10adc3949ba59abbe56e057f20f883e',NULL,0,3,1,0,NULL,NULL,0,1,0,NULL,NULL,'5_assinatura.gif',NULL),
  (6,6,'s3','e10adc3949ba59abbe56e057f20f883e',NULL,0,2,NULL,NULL,NULL,NULL,0,1,0,NULL,NULL,'6_assinatura.gif',NULL),
  (7,7,'s4','e10adc3949ba59abbe56e057f20f883e',NULL,0,2,1,0,NULL,NULL,0,1,0,NULL,NULL,'7_assinatura.gif',NULL),
  (8,8,'protocolista','e10adc3949ba59abbe56e057f20f883e',NULL,0,2,1,0,'',NULL,0,1,0,NULL,NULL,'8_assinatura.gif',NULL);

UPDATE usuarios SET usuario_assinatura='1_assinatura.gif' WHERE usuario_id=1;

INSERT INTO baseline (baseline_id, baseline_projeto_id, baseline_nome, baseline_data, baseline_descricao) VALUES
  (1,1,'Início','2016-06-25 14:00:00',NULL),
  (2,1,'1o mês','2016-07-15 14:00:00',NULL),
  (3,1,'2o mês','2016-08-04 14:00:00',NULL);

INSERT INTO baseline_projeto_contatos (baseline_id, projeto_contato_id, projeto_id, contato_id, ordem, envolvimento, perfil) VALUES
  (2,1,1,2,1,'Coordenação da equipe do projeto',NULL),
  (3,1,1,2,1,'Coordenação da equipe do projeto',NULL);

INSERT INTO baseline_projeto_depts (baseline_id, projeto_id, departamento_id) VALUES
  (2,1,5),
  (3,1,5);

INSERT INTO baseline_projeto_integrantes (baseline_id, projeto_integrantes_id, projeto_id, contato_id, ordem, projeto_integrante_competencia, projeto_integrante_atributo) VALUES
  (2,1,1,7,1,'Fiscalização','<p>\nVerificar&aacute; a execu&ccedil;&atilde;o da obra antes do adiplemento de cada parcela.</p>\n'),
  (3,1,1,7,1,'Fiscalização','<p>\nVerificar&aacute; a execu&ccedil;&atilde;o da obra antes do adiplemento de cada parcela.</p>\n');

INSERT INTO baseline_projetos (baseline_id, projeto_id, projeto_cia, projeto_responsavel, projeto_criador, projeto_supervisor, projeto_autoridade, projeto_atualizador, projeto_superior, projeto_superior_original, projeto_tema, projeto_objetivo_estrategico, projeto_estrategia, projeto_indicador, projeto_meta, projeto_fator, projeto_pratica, projeto_acao, projeto_nome, projeto_nome_curto, projeto_codigo, projeto_sequencial, projeto_url, projeto_url_externa, projeto_data_inicio, projeto_data_fim, projeto_fim_atualizado, projeto_status, projeto_percentagem, projeto_custo, projeto_gasto, projeto_cor, projeto_descricao, projeto_objetivos, projeto_como, projeto_localizacao, projeto_meta_custo, projeto_custo_atual, projeto_privativo, projeto_prioridade, projeto_tipo, projeto_data_chave, projeto_data_chave_pos, projeto_tarefa_chave, projeto_ativo, projeto_especial, projeto_criado, projeto_atualizado, projeto_data_fim_ajustada, projeto_status_comentario, projeto_subprioridade, projeto_data_fim_ajustada_usuario, projeto_acesso, projeto_endereco1, projeto_endereco2, projeto_cidade, projeto_estado, projeto_cep, projeto_pais, projeto_latitude, projeto_longitude, projeto_setor, projeto_segmento, projeto_intervencao, projeto_tipo_intervencao, projeto_ano, projeto_portfolio, projeto_comunidade, projeto_social, projeto_social_acao, projeto_principal_indicador, projeto_template) VALUES
  (1,1,1,6,6,7,2,NULL,1,1,NULL,NULL,2,NULL,NULL,NULL,NULL,NULL,'Quadra coberta',NULL,NULL,1,NULL,NULL,'2016-06-25 14:00:00','2016-08-01 13:00:00',NULL,1,0.000,218768.000,NULL,'dce9ef','Para possibilitar a prática de educação física, em boas condições, na época mais fria do ano, faz-se mister haver no 3º B Com uma quadra poli-esportiva coberta.',NULL,NULL,'Sul do NUCRIS',140000.000,0.000,0,-1,0,NULL,NULL,NULL,1,NULL,NULL,NULL,NULL,NULL,NULL,NULL,0,'Avenida da Serraria','Serraria',NULL,'RS','91770-010','BR','-30.166408','-51.214271','03','0304','030405','030405001','2015',0,NULL,NULL,NULL,455,0),
  (2,1,1,6,6,7,2,NULL,1,1,NULL,NULL,2,NULL,NULL,NULL,NULL,NULL,'Quadra coberta',NULL,NULL,1,'03.04.05.001.0001/2014',NULL,'2016-06-25 14:00:00','2016-08-01 13:00:00',NULL,1,18.812,218768.000,NULL,'dce9ef','Para possibilitar a prática de educação física, em boas condições, na época mais fria do ano, faz-se mister haver no 3º B Com uma quadra poli-esportiva coberta.',NULL,NULL,'Sul do NUCRIS',140000.000,0.000,0,-1,0,NULL,NULL,NULL,1,NULL,NULL,NULL,NULL,NULL,NULL,NULL,0,'Avenida da Serraria','Serraria',NULL,'RS','91770-010','BR','-30.166408','-51.214271','03','0304','030405','030405001','2015',0,NULL,NULL,NULL,455,0),
  (3,1,1,6,6,7,2,NULL,1,1,NULL,NULL,2,NULL,NULL,NULL,NULL,NULL,'Quadra coberta',NULL,NULL,1,'03.04.05.001.0001/2014',NULL,'2016-06-25 14:00:00','2016-08-01 13:00:00',NULL,1,24.752,218768.000,NULL,'dce9ef','Para possibilitar a prática de educação física, em boas condições, na época mais fria do ano, faz-se mister haver no 3º B Com uma quadra poli-esportiva coberta.',NULL,NULL,'Sul do NUCRIS',140000.000,0.000,0,-1,0,NULL,NULL,NULL,1,NULL,NULL,NULL,NULL,NULL,NULL,NULL,0,'Avenida da Serraria','Serraria',NULL,'RS','91770-010','BR','-30.166408','-51.214271','03','0304','030405','030405001','2015',0,NULL,NULL,NULL,455,0);

INSERT INTO baseline_recurso_tarefas (baseline_id, recurso_tarefa_id, recurso_id, tarefa_id, percentual_alocado, recurso_quantidade) VALUES
  (2,1,1,3,100,120000.000),
  (2,2,2,2,100,1.000),
  (2,3,2,17,100,1.000),
  (3,1,1,3,100,120000.000),
  (3,2,2,2,100,1.000),
  (3,3,2,17,100,1.000);

INSERT INTO baseline_tarefa_contatos (baseline_id, tarefa_id, contato_id) VALUES
  (2,16,4),
  (2,16,5),
  (2,17,3),
  (2,17,4),
  (3,16,4),
  (3,16,5),
  (3,17,3),
  (3,17,4);

INSERT INTO baseline_tarefa_custos (baseline_id, tarefa_custos_id, tarefa_custos_nome, tarefa_custos_tarefa, tarefa_custos_tipo, tarefa_custos_usuario, tarefa_custos_data, tarefa_custos_quantidade, tarefa_custos_custo, tarefa_custos_percentagem, tarefa_custos_descricao, tarefa_custos_ordem, tarefa_custos_nd, tarefa_custos_categoria_economica, tarefa_custos_grupo_despesa, tarefa_custos_modalidade_aplicacao, tarefa_custos_data_limite, tarefa_custos_metodo, tarefa_custos_exercicio) VALUES
  (2,1,'Quadra poliesportiva',2,1,1,'2016-12-29 08:12:19',1.000,24308.000,0,'Quadra poliesportiva 544m², base de concreto com junta seca, pintura com tinta resinada, demarcação para vôlei futebol de salão e basquete, dimensões oficias (Material de Consumo)',2,'51.00','3','3','90','2016-12-29',NULL,NULL),
  (2,2,'Estrutura tubular',2,1,1,'2016-12-29 08:12:08',2.000,2015.000,0,'Estrutura tubular 4 polegadas pintado na cor verde, 1 tabela de maderiti naval com cesto normal sem amortecedor e rede. (Material de Consumo)',4,'51.00','3','3','90','2016-12-29',NULL,NULL),
  (2,3,'Trave para Futebol',2,1,1,'2016-12-29 08:12:55',2.000,860.000,0,'Trave para Futebol de Salão com 4 buchas e rede. (Material de Consumo)',6,'51.00','3','3','90','2016-12-29',NULL,NULL),
  (2,4,'Lâmpadas de vapor metálico',2,1,1,'2016-12-29 08:12:44',1.000,2000.000,0,'12 lâmpadas de vapor metálico 220volts 12 projetores e 12 reatores Fio 4mm cabo PP com quadro. (Material de Consumo)',7,'30.00','3','3','90','2016-12-29',NULL,NULL),
  (2,5,'Arquibancada',2,1,1,'2016-12-29 08:12:31',1.000,12800.000,0,'Arquibancada: de 2 lados com 6 degraus com 50 cm de altura por 60cm de largura. (Material de Consumo)',9,'51.00','3','3','90','2016-12-29',NULL,NULL),
  (2,6,'Frete e Mobilização de equipe',2,1,1,'2016-12-29 08:12:20',1.000,2300.000,0,'Frete e Mobilização de equipe',11,'36.00','3','3','90','2016-12-29',NULL,NULL),
  (2,7,'Alambrado Gaiolão',2,1,1,'2016-12-29 08:12:09',1.000,6000.000,0,'Alambrado Gaiolão 490m² : 5m de altura com corrimão em cima Fio 12, malha de 3 polegadas galvanizado revestido PVC verde, 1 portão de 1x2m de acesso. (Serviço Instalação)',13,'51.00','3','3','90','2016-12-29',NULL,NULL),
  (2,8,'Cobertura fechada',2,1,1,'2016-12-29 08:12:56',1.000,31000.000,0,'Cobertura fechada, de 1056 m²: estrutura metálica com telha de zinco em arco, em tubos U de 15x15 para pé direto, para travamento e ferro U de 6mm. (Serviço Instalação)',15,'51.00','3','3','90','2016-12-29',NULL,NULL),
  (2,9,'Serviço terceirizado de montagem',17,1,1,'2016-08-04 23:08:01',1.000,30000.000,0,'Serviço de montagem da quadra pré-montada.',1,'39.00','3','3','90','2016-12-28',NULL,NULL),
  (3,1,'Quadra poliesportiva',2,1,1,'2016-12-29 08:12:19',1.000,24308.000,0,'Quadra poliesportiva 544m², base de concreto com junta seca, pintura com tinta resinada, demarcação para vôlei futebol de salão e basquete, dimensões oficias (Material de Consumo)',2,'51.00','3','3','90','2016-12-29',NULL,NULL),
  (3,2,'Estrutura tubular',2,1,1,'2016-12-29 08:12:08',2.000,2015.000,0,'Estrutura tubular 4 polegadas pintado na cor verde, 1 tabela de maderiti naval com cesto normal sem amortecedor e rede. (Material de Consumo)',4,'51.00','3','3','90','2016-12-29',NULL,NULL),
  (3,3,'Trave para Futebol',2,1,1,'2016-12-29 08:12:55',2.000,860.000,0,'Trave para Futebol de Salão com 4 buchas e rede. (Material de Consumo)',6,'51.00','3','3','90','2016-12-29',NULL,NULL),
  (3,4,'Lâmpadas de vapor metálico',2,1,1,'2016-12-29 08:12:44',1.000,2000.000,0,'12 lâmpadas de vapor metálico 220volts 12 projetores e 12 reatores Fio 4mm cabo PP com quadro. (Material de Consumo)',7,'30.00','3','3','90','2016-12-29',NULL,NULL),
  (3,5,'Arquibancada',2,1,1,'2016-12-29 08:12:31',1.000,12800.000,0,'Arquibancada: de 2 lados com 6 degraus com 50 cm de altura por 60cm de largura. (Material de Consumo)',9,'51.00','3','3','90','2016-12-29',NULL,NULL),
  (3,6,'Frete e Mobilização de equipe',2,1,1,'2016-12-29 08:12:20',1.000,2300.000,0,'Frete e Mobilização de equipe',11,'36.00','3','3','90','2016-12-29',NULL,NULL),
  (3,7,'Alambrado Gaiolão',2,1,1,'2016-12-29 08:12:09',1.000,6000.000,0,'Alambrado Gaiolão 490m² : 5m de altura com corrimão em cima Fio 12, malha de 3 polegadas galvanizado revestido PVC verde, 1 portão de 1x2m de acesso. (Serviço Instalação)',13,'51.00','3','3','90','2016-12-29',NULL,NULL),
  (3,8,'Cobertura fechada',2,1,1,'2016-12-29 08:12:56',1.000,31000.000,0,'Cobertura fechada, de 1056 m²: estrutura metálica com telha de zinco em arco, em tubos U de 15x15 para pé direto, para travamento e ferro U de 6mm. (Serviço Instalação)',15,'51.00','3','3','90','2016-12-29',NULL,NULL),
  (3,9,'Serviço terceirizado de montagem',17,1,1,'2016-08-04 23:08:01',1.000,30000.000,0,'Serviço de montagem da quadra pré-montada.',1,'39.00','3','3','90','2016-12-28',NULL,NULL);

INSERT INTO baseline_tarefa_dependencias (baseline_id, dependencias_tarefa_id, dependencias_req_tarefa_id, tipo_dependencia, latencia, tipo_latencia) VALUES
  (1,2,1,'TI',0,'d'),
  (1,4,2,'TI',2,'d'),
  (1,5,4,'TI',2,'d'),
  (1,6,5,'TI',2,'d'),
  (1,7,6,'TI',2,'d'),
  (1,17,7,'TI',0,'d'),
  (1,17,16,'TI',0,'d'),
  (1,19,18,'II',2,'d'),
  (2,2,1,'TI',0,'d'),
  (2,4,2,'TI',2,'d'),
  (2,5,4,'TI',2,'d'),
  (2,6,5,'TI',2,'d'),
  (2,7,6,'TI',2,'d'),
  (2,17,7,'TI',0,'d'),
  (2,17,16,'TI',0,'d'),
  (2,19,18,'II',2,'d'),
  (2,20,19,'TI',3,'d'),
  (3,2,1,'TI',0,'d'),
  (3,4,2,'TI',2,'d'),
  (3,5,4,'TI',2,'d'),
  (3,6,5,'TI',2,'d'),
  (3,7,6,'TI',2,'d'),
  (3,17,7,'TI',0,'d'),
  (3,17,16,'TI',0,'d'),
  (3,19,18,'II',2,'d'),
  (3,20,19,'TI',3,'d');

INSERT INTO baseline_tarefa_depts (baseline_id, tarefa_id, departamento_id) VALUES
  (2,1,1),
  (2,1,2),
  (2,2,3),
  (2,3,4),
  (2,16,5),
  (2,17,34),
  (3,1,1),
  (3,1,2),
  (3,2,3),
  (3,3,4),
  (3,16,5),
  (3,17,34);

INSERT INTO baseline_tarefa_designados (baseline_id, usuario_id, usuario_admin, tarefa_id, perc_designado, usuario_tarefa_prioridade) VALUES
  (1,2,0,1,100,0),
  (1,3,0,1,100,0),
  (1,4,0,1,100,0),
  (1,5,0,1,100,0),
  (1,6,0,1,100,0),
  (1,5,0,2,100,0),
  (1,6,0,3,100,0),
  (1,6,0,4,100,0),
  (1,6,0,5,100,0),
  (1,6,0,6,100,0),
  (1,6,0,7,100,0),
  (1,3,0,16,100,0),
  (1,3,0,17,100,0),
  (1,7,0,17,100,0),
  (1,1,0,18,100,0),
  (1,2,0,18,100,0),
  (1,1,0,19,100,0),
  (1,3,0,19,100,0),
  (1,1,0,20,100,0),
  (1,7,0,20,100,0),
  (2,2,0,1,100,0),
  (2,3,0,1,100,0),
  (2,4,0,1,100,0),
  (2,5,0,1,100,0),
  (2,6,0,1,100,0),
  (2,5,0,2,100,0),
  (2,6,0,3,100,0),
  (2,6,0,4,100,0),
  (2,6,0,5,100,0),
  (2,6,0,6,100,0),
  (2,6,0,7,100,0),
  (2,3,0,16,100,0),
  (2,3,0,17,100,0),
  (2,7,0,17,100,0),
  (2,1,0,18,100,0),
  (2,2,0,18,100,0),
  (2,1,0,19,100,0),
  (2,3,0,19,100,0),
  (2,1,0,20,100,0),
  (2,7,0,20,100,0),
  (3,2,0,1,100,0),
  (3,3,0,1,100,0),
  (3,4,0,1,100,0),
  (3,5,0,1,100,0),
  (3,6,0,1,100,0),
  (3,5,0,2,100,0),
  (3,6,0,3,100,0),
  (3,6,0,4,100,0),
  (3,6,0,5,100,0),
  (3,6,0,6,100,0),
  (3,6,0,7,100,0),
  (3,3,0,16,100,0),
  (3,3,0,17,100,0),
  (3,7,0,17,100,0),
  (3,1,0,18,100,0),
  (3,2,0,18,100,0),
  (3,1,0,19,100,0),
  (3,3,0,19,100,0),
  (3,1,0,20,100,0),
  (3,7,0,20,100,0);

INSERT INTO baseline_tarefa_gastos (baseline_id, tarefa_gastos_id, tarefa_gastos_nome, tarefa_gastos_tarefa, tarefa_gastos_tipo, tarefa_gastos_usuario, tarefa_gastos_data, tarefa_gastos_quantidade, tarefa_gastos_custo, tarefa_gastos_percentagem, tarefa_gastos_descricao, tarefa_gastos_ordem, tarefa_gastos_nd, tarefa_gastos_categoria_economica, tarefa_gastos_grupo_despesa, tarefa_gastos_modalidade_aplicacao, tarefa_gastos_data_recebido, tarefa_gastos_metodo, tarefa_gastos_exercicio) VALUES
  (2,1,'Cobertura',2,1,1,'2016-12-29 08:12:07',1.000,75000.000,1,'Cobertura pré-fabricada para quadra poli-esportiva',2,'51.00','3','3','90',NULL,NULL,NULL),
  (2,2,'Quadra poli-esportiva',2,1,1,'2016-12-29 08:12:56',1.000,14300.000,1,'Quadra sintética emborrachada com acessórios',3,'51.00','3','3','90',NULL,NULL,NULL),
  (2,3,'Iluminação de quadra',2,1,1,'2016-12-29 08:12:25',1.000,970.350,1,'Iluminação para a quadra de 1000W.',4,'30.00','3','3','90',NULL,NULL,NULL),
  (2,4,'Arquibancada pré-fabricada',2,1,1,'2016-12-29 08:12:21',0.000,4600.000,1,'Arquibancada com estrutura em tubos de ferro.',5,'51.00','3','3','90',NULL,NULL,NULL),
  (3,1,'Cobertura',2,1,1,'2016-12-29 08:12:07',1.000,75000.000,1,'Cobertura pré-fabricada para quadra poli-esportiva',2,'51.00','3','3','90',NULL,NULL,NULL),
  (3,2,'Quadra poli-esportiva',2,1,1,'2016-12-29 08:12:56',2.000,14300.000,1,'Quadra sintética emborrachada com acessórios',3,'51.00','3','3','90',NULL,NULL,NULL),
  (3,3,'Iluminação de quadra',2,1,8,'2016-12-29 08:12:25',3.000,970.350,1,'Iluminação para a quadra de 1000W.',4,'30.00','3','3','90',NULL,NULL,NULL),
  (3,4,'Arquibancada pré-fabricada',2,1,2,'2016-12-29 08:12:21',1.000,4600.000,1,'Arquibancada com estrutura em tubos de ferro.',5,'51.00','3','3','90',NULL,NULL,NULL);


INSERT INTO baseline_tarefas (baseline_id,tarefa_id,tarefa_nome,tarefa_cia,tarefa_dept,tarefa_superior,tarefa_comunidade,tarefa_social,tarefa_acao,tarefa_principal_indicador,tarefa_marco,tarefa_manual,tarefa_inicio_manual,tarefa_projeto,tarefa_dono,tarefa_inicio,tarefa_inicio_calculado,tarefa_duracao_manual,tarefa_duracao,tarefa_duracao_tipo,tarefa_horas_trabalhadas,tarefa_fim_manual,tarefa_fim,tarefa_status,tarefa_prioridade,tarefa_percentagem,tarefa_percentagem_data,tarefa_custo,tarefa_gasto,tarefa_descricao,tarefa_onde,tarefa_porque,tarefa_como,tarefa_situacao_atual,tarefa_custo_almejado,tarefa_url_relacionada,tarefa_criador,tarefa_ordem,tarefa_cliente_publicada,tarefa_dinamica,tarefa_acesso,tarefa_notificar,tarefa_customizado,tarefa_tipo,tarefa_atualizador,tarefa_data_criada,tarefa_data_atualizada,tarefa_endereco1,tarefa_endereco2,tarefa_cidade,tarefa_estado,tarefa_cep,tarefa_pais,tarefa_latitude,tarefa_longitude,tarefa_emprego_obra,tarefa_emprego_direto,tarefa_emprego_indireto,tarefa_populacao_atendida,tarefa_forma_implantacao,tarefa_adquirido,tarefa_previsto,tarefa_realizado,tarefa_codigo,tarefa_sequencial,tarefa_setor,tarefa_segmento,tarefa_intervencao,tarefa_tipo_intervencao,tarefa_ano,tarefa_projetoex_id,tarefa_tarefaex_id,tarefa_desatualizada,tarefa_unidade,tarefa_numeracao,tarefa_gerenciamento,tarefa_alerta) VALUES
  ('1', '1', 'Reu Coordenação', '1', NULL, '1', NULL, NULL, NULL, NULL, '1', '0', '2016-06-25 14:00:00', '1', '2', '2016-06-25 14:00:00', NULL, '0.000', '0.000', '1', '0.000', '2016-06-25 14:00:00', '2016-06-25 14:00:00', '0', '0', '0.000', NULL, NULL, NULL, 'Haverá às 14:00 no PC Cmt uma Reu preparatória para analisar discutir o projeto da quadra coberta do 3º B Com.', NULL, NULL, NULL, NULL, '0.000', NULL, '1', NULL, NULL, '0', '0', '1', NULL, '1', '0', NULL, NULL, 'Avenida da Serraria', 'Serraria', '4314902', 'RS', '91770-010', 'BR', '-30.166408', '-51.214271', NULL, NULL, NULL, NULL, NULL, NULL, NULL, NULL, NULL, '11', NULL, NULL, NULL, NULL, NULL, NULL, NULL, '0', '1', '1', '0', '0'),
  ('1', '2', 'Modelo Quadra', '1', NULL, '2', NULL, NULL, NULL, NULL, '0', '0', '2016-08-01 14:00:00', '1', '5', '2016-08-01 14:00:00', NULL, '480.000', '480.000', '1', '192.000', '2016-10-26 14:00:00', '2016-10-26 14:00:00', '0', '1', '0.000', NULL, NULL, NULL, 'Pesquisar modelos e preços das quadras poli-esportivas ofertadas pelo mercado.', NULL, NULL, NULL, NULL, '0.000', NULL, '1', NULL, NULL, '0', '0', NULL, NULL, '1', '0', NULL, NULL, 'Avenida da Serraria', 'Serraria', '4314902', 'RS', '91770-010', 'BR', '-30.166408', '-51.214271', NULL, NULL, NULL, NULL, NULL, NULL, NULL, NULL, NULL, '10', NULL, NULL, NULL, NULL, NULL, NULL, NULL, '0', '1', '2', '0', '0'),
  ('1', '3', 'Licitação Quadra', '1', NULL, '3', NULL, NULL, NULL, NULL, '0', '0', '2016-10-30 14:00:00', '1', '6', '2016-10-30 14:00:00', '0', '64.000', '64.000', '1', '0.000', '2016-11-21 14:00:00', '2016-11-21 14:00:00', '0', '0', '0.000', NULL, '0.000', '0.000', NULL, NULL, NULL, NULL, NULL, '0.000', NULL, '6', '0', '0', '1', '0', '0', NULL, '1', '0', NULL, NULL, 'Avenida da Serraria', 'Serraria', '4314902', 'RS', '91770-010', 'BR', '-30.166408', '-51.214271', '0', '0', '0', NULL, NULL, '0.000', '0.000', '0.000', NULL, NULL, NULL, NULL, NULL, NULL, NULL, NULL, NULL, '0', NULL, '3', '0', '0'),
  ('1', '4', 'Criação Edital', '1', NULL, '3', NULL, NULL, NULL, NULL, '0', '0', '2016-10-30 14:00:00', '1', '6', '2016-10-30 14:00:00', NULL, '32.000', '32.000', '1', '4.000', '2016-11-06 14:00:00', '2016-11-06 14:00:00', '0', '1', '0.000', NULL, NULL, NULL, 'Montagem do Edital para a Licitação', NULL, NULL, NULL, NULL, '0.000', NULL, '1', NULL, NULL, '0', '0', NULL, NULL, '1', '0', NULL, NULL, 'Avenida da Serraria', 'Serraria', NULL, 'RS', '91770-010', 'BR', '-30.166408', '-51.214271', NULL, NULL, NULL, NULL, NULL, NULL, NULL, NULL, NULL, '6', NULL, NULL, NULL, NULL, NULL, NULL, NULL, '0', '1', '1', '0', '0'),
  ('1', '5', 'Análise Jurídica do Edital', '1', NULL, '3', NULL, NULL, NULL, NULL, '0', '0', '2016-11-08 14:00:00', '1', '6', '2016-11-08 14:00:00', NULL, '24.000', '24.000', '1', '0.000', '2016-11-13 14:00:00', '2016-11-13 14:00:00', '0', '-2', '0.000', NULL, NULL, NULL, 'Análise jurídica do Edital pela Assessoria Jurídica do CMS.', NULL, NULL, NULL, NULL, '0.000', NULL, '1', NULL, NULL, '0', '0', NULL, NULL, '1', '0', NULL, NULL, 'Avenida da Serraria', 'Serraria', NULL, 'RS', '91770-010', 'BR', '-30.166408', '-51.214271', NULL, NULL, NULL, NULL, NULL, NULL, NULL, NULL, NULL, '7', NULL, NULL, NULL, NULL, NULL, NULL, NULL, '0', '1', '2', '0', '0'),
  ('1', '6', 'Lançamento ComprasNet', '1', NULL, '3', NULL, NULL, NULL, NULL, '0', '0', '2016-11-16 14:00:00', '1', '6', '2016-11-16 14:00:00', NULL, '8.000', '8.000', '1', '0.000', '2016-11-19 14:00:00', '2016-11-19 14:00:00', '0', '0', '0.000', NULL, NULL, NULL, 'Lançamento no ComprasNet como Pregão Eletrônico e contatar firmas de engenharia.', NULL, NULL, NULL, NULL, '0.000', NULL, '1', NULL, NULL, '0', '0', '1', NULL, '1', '0', NULL, NULL, 'Avenida da Serraria', 'Serraria', NULL, 'RS', '91770-010', 'BR', '-30.166408', '-51.214271', NULL, NULL, NULL, NULL, NULL, NULL, NULL, NULL, NULL, '8', NULL, NULL, NULL, NULL, NULL, NULL, NULL, '0', '1', '3', '0', '0'),
  ('1', '7', 'Pregão 003/2009', '1', NULL, '3', NULL, NULL, NULL, NULL, '1', '0', '2016-11-21 14:00:00', '1', '6', '2016-11-21 14:00:00', NULL, '0.000', '0.000', '1', '0.000', '2016-11-21 14:00:00', '2016-11-21 14:00:00', '0', '2', '0.000', NULL, NULL, NULL, '- Execução do Pregão 003/2009, às 09:00hs;- Adjudicação e Homologação.', NULL, NULL, NULL, NULL, '0.000', NULL, '1', NULL, NULL, '0', '0', NULL, NULL, '1', '0', NULL, NULL, 'Avenida da Serraria', 'Serraria', NULL, 'RS', '91770-010', 'BR', '-30.166408', '-51.214271', NULL, NULL, NULL, NULL, NULL, NULL, NULL, NULL, NULL, '9', NULL, NULL, NULL, NULL, NULL, NULL, NULL, '0', '1', '4', '0', '0'),
  ('1', '16', 'Aporte do Crédito', '1', NULL, '16', NULL, NULL, NULL, NULL, '1', '0', '2016-07-23 13:00:00', '1', '2', '2016-07-23 13:00:00', '0', '0.000', '0.000', '1', '0.000', '2016-07-23 13:00:00', '2016-07-23 13:00:00', '0', '0', '0.000', NULL, '0.000', '0.000', 'Reebimento da NC do Ministério do Desporto', NULL, NULL, NULL, NULL, '0.000', NULL, '6', '0', '0', '0', '0', '0', NULL, '0', '0', NULL, NULL, 'Avenida da Serraria', 'Serraria', '4314902', 'RS', '91770-010', 'BR', '-30.166408', '-51.214271', '0', '0', '0', NULL, NULL, '0.000', '0.000', '0.000', NULL, '5', NULL, NULL, NULL, NULL, NULL, NULL, NULL, '0', '1', '7', '0', '0'),
  ('1', '17', 'Montagem da Quadra', '1', NULL, '17', NULL, NULL, NULL, NULL, '0', '0', '2016-11-21 14:00:00', '1', '3', '2016-11-21 14:00:00', NULL, '208.000', '208.000', '1', '0.000', '2016-12-28 14:00:00', '2016-12-28 14:00:00', '0', '0', '0.000', NULL, '30000.000', NULL, NULL, NULL, NULL, NULL, NULL, '0.000', NULL, '1', NULL, NULL, '0', '0', NULL, NULL, '1', '0', NULL, NULL, 'Avenida da Serraria', 'Serraria', NULL, 'RS', '91770-010', 'BR', '-30.166408', '-51.214271', NULL, NULL, NULL, NULL, NULL, NULL, NULL, NULL, NULL, '4', NULL, NULL, NULL, NULL, NULL, NULL, NULL, '0', '1', '8', '0', '0'),
  ('2', '1', 'Reu Coordenação', '1', NULL, '1', NULL, NULL, NULL, NULL, '1', '0', '2016-06-25 14:00:00', '1', '2', '2016-06-25 14:00:00', NULL, '0.000', '0.000', '1', '0.000', '2016-06-25 14:00:00', '2016-06-25 14:00:00', '0', '0', '100.000', NULL, NULL, NULL, 'Haverá às 14:00 no PC Cmt uma Reu preparatória para analisar discutir o projeto da quadra coberta do 3º B Com.', NULL, NULL, NULL, NULL, '0.000', NULL, '1', NULL, NULL, '0', '0', '1', NULL, '1', '0', NULL, NULL, 'Avenida da Serraria', 'Serraria', '4314902', 'RS', '91770-010', 'BR', '-30.166408', '-51.214271', NULL, NULL, NULL, NULL, NULL, NULL, NULL, NULL, NULL, '11', NULL, NULL, NULL, NULL, NULL, NULL, NULL, '0', '1', '1', '0', '0'),
  ('2', '2', 'Modelo Quadra', '1', NULL, '2', NULL, NULL, NULL, NULL, '0', '0', '2016-08-01 14:00:00', '1', '5', '2016-08-01 14:00:00', NULL, '480.000', '480.000', '1', '192.000', '2016-10-26 14:00:00', '2016-10-26 14:00:00', '0', '1', '20.000', NULL, NULL, NULL, 'Pesquisar modelos e preços das quadras poli-esportivas ofertadas pelo mercado.', NULL, NULL, NULL, NULL, '0.000', NULL, '1', NULL, NULL, '0', '0', NULL, NULL, '1', '0', NULL, NULL, 'Avenida da Serraria', 'Serraria', '4314902', 'RS', '91770-010', 'BR', '-30.166408', '-51.214271', NULL, NULL, NULL, NULL, NULL, NULL, NULL, NULL, NULL, '10', NULL, NULL, NULL, NULL, NULL, NULL, NULL, '0', '1', '2', '0', '0'),
  ('2', '3', 'Licitação Quadra', '1', NULL, '3', NULL, NULL, NULL, NULL, '0', '0', '2016-10-30 14:00:00', '1', '6', '2016-10-30 14:00:00', '0', '64.000', '64.000', '1', '0.000', '2016-11-21 14:00:00', '2016-11-21 14:00:00', '0', '0', '0.000', NULL, '0.000', '0.000', NULL, NULL, NULL, NULL, NULL, '0.000', NULL, '6', '0', '0', '1', '0', '0', NULL, '1', '0', NULL, NULL, 'Avenida da Serraria', 'Serraria', '4314902', 'RS', '91770-010', 'BR', '-30.166408', '-51.214271', '0', '0', '0', NULL, NULL, '0.000', '0.000', '0.000', NULL, NULL, NULL, NULL, NULL, NULL, NULL, NULL, NULL, '0', NULL, '3', '0', '0'),
  ('2', '4', 'Criação Edital', '1', NULL, '3', NULL, NULL, NULL, NULL, '0', '0', '2016-10-30 14:00:00', '1', '6', '2016-10-30 14:00:00', NULL, '32.000', '32.000', '1', '4.000', '2016-11-06 14:00:00', '2016-11-06 14:00:00', '0', '1', '0.000', NULL, NULL, NULL, 'Montagem do Edital para a Licitação', NULL, NULL, NULL, NULL, '0.000', NULL, '1', NULL, NULL, '0', '0', NULL, NULL, '1', '0', NULL, NULL, 'Avenida da Serraria', 'Serraria', NULL, 'RS', '91770-010', 'BR', '-30.166408', '-51.214271', NULL, NULL, NULL, NULL, NULL, NULL, NULL, NULL, NULL, '6', NULL, NULL, NULL, NULL, NULL, NULL, NULL, '0', '1', '1', '0', '0'),
  ('2', '5', 'Análise Jurídica do Edital', '1', NULL, '3', NULL, NULL, NULL, NULL, '0', '0', '2016-11-08 14:00:00', '1', '6', '2016-11-08 14:00:00', NULL, '24.000', '24.000', '1', '0.000', '2016-11-13 14:00:00', '2016-11-13 14:00:00', '0', '-2', '0.000', NULL, NULL, NULL, 'Análise jurídica do Edital pela Assessoria Jurídica do CMS.', NULL, NULL, NULL, NULL, '0.000', NULL, '1', NULL, NULL, '0', '0', NULL, NULL, '1', '0', NULL, NULL, 'Avenida da Serraria', 'Serraria', NULL, 'RS', '91770-010', 'BR', '-30.166408', '-51.214271', NULL, NULL, NULL, NULL, NULL, NULL, NULL, NULL, NULL, '7', NULL, NULL, NULL, NULL, NULL, NULL, NULL, '0', '1', '2', '0', '0'),
  ('2', '6', 'Lançamento ComprasNet', '1', NULL, '3', NULL, NULL, NULL, NULL, '0', '0', '2016-11-16 14:00:00', '1', '6', '2016-11-16 14:00:00', NULL, '8.000', '8.000', '1', '0.000', '2016-11-19 14:00:00', '2016-11-19 14:00:00', '0', '0', '0.000', NULL, NULL, NULL, 'Lançamento no ComprasNet como Pregão Eletrônico e contatar firmas de engenharia.', NULL, NULL, NULL, NULL, '0.000', NULL, '1', NULL, NULL, '0', '0', '1', NULL, '1', '0', NULL, NULL, 'Avenida da Serraria', 'Serraria', NULL, 'RS', '91770-010', 'BR', '-30.166408', '-51.214271', NULL, NULL, NULL, NULL, NULL, NULL, NULL, NULL, NULL, '8', NULL, NULL, NULL, NULL, NULL, NULL, NULL, '0', '1', '3', '0', '0'),
  ('2', '7', 'Pregão 003/2009', '1', NULL, '3', NULL, NULL, NULL, NULL, '1', '0', '2016-11-21 14:00:00', '1', '6', '2016-11-21 14:00:00', NULL, '0.000', '0.000', '1', '0.000', '2016-11-21 14:00:00', '2016-11-21 14:00:00', '0', '2', '0.000', NULL, NULL, NULL, '- Execução do Pregão 003/2009, às 09:00hs;- Adjudicação e Homologação.', NULL, NULL, NULL, NULL, '0.000', NULL, '1', NULL, NULL, '0', '0', NULL, NULL, '1', '0', NULL, NULL, 'Avenida da Serraria', 'Serraria', NULL, 'RS', '91770-010', 'BR', '-30.166408', '-51.214271', NULL, NULL, NULL, NULL, NULL, NULL, NULL, NULL, NULL, '9', NULL, NULL, NULL, NULL, NULL, NULL, NULL, '0', '1', '4', '0', '0'),
  ('2', '16', 'Aporte do Crédito', '1', NULL, '16', NULL, NULL, NULL, NULL, '1', '0', '2016-07-23 13:00:00', '1', '2', '2016-07-23 13:00:00', '0', '0.000', '0.000', '1', '0.000', '2016-07-23 13:00:00', '2016-07-23 13:00:00', '0', '0', '0.000', NULL, '0.000', '0.000', 'Reebimento da NC do Ministério do Desporto', NULL, NULL, NULL, NULL, '0.000', NULL, '6', '0', '0', '0', '0', '0', NULL, '0', '0', NULL, NULL, 'Avenida da Serraria', 'Serraria', '4314902', 'RS', '91770-010', 'BR', '-30.166408', '-51.214271', '0', '0', '0', NULL, NULL, '0.000', '0.000', '0.000', NULL, '5', NULL, NULL, NULL, NULL, NULL, NULL, NULL, '0', '1', '7', '0', '0'),
  ('2', '17', 'Montagem da Quadra', '1', NULL, '17', NULL, NULL, NULL, NULL, '0', '0', '2016-11-21 14:00:00', '1', '3', '2016-11-21 14:00:00', NULL, '208.000', '208.000', '1', '0.000', '2016-12-28 14:00:00', '2016-12-28 14:00:00', '0', '0', '0.000', NULL, '30000.000', NULL, NULL, NULL, NULL, NULL, NULL, '0.000', NULL, '1', NULL, NULL, '0', '0', NULL, NULL, '1', '0', NULL, NULL, 'Avenida da Serraria', 'Serraria', NULL, 'RS', '91770-010', 'BR', '-30.166408', '-51.214271', NULL, NULL, NULL, NULL, NULL, NULL, NULL, NULL, NULL, '4', NULL, NULL, NULL, NULL, NULL, NULL, NULL, '0', '1', '8', '0', '0'),
  ('2', '18', 'formação de grupo', '1', NULL, '18', NULL, NULL, NULL, NULL, '0', '0', '2016-07-09 08:00:00', '1', '1', '2016-07-09 08:00:00', NULL, '24.000', '24.000', '1', '0.000', '2016-07-11 17:00:00', '2016-07-11 17:00:00', '0', '0', '100.000', NULL, NULL, NULL, NULL, NULL, NULL, NULL, NULL, '0.000', NULL, '1', NULL, NULL, '0', '0', NULL, NULL, NULL, '0', NULL, NULL, NULL, NULL, NULL, NULL, NULL, 'BR', '0', '0', NULL, NULL, NULL, NULL, NULL, NULL, NULL, NULL, NULL, '1', NULL, NULL, NULL, NULL, NULL, NULL, NULL, '0', '1', '4', '0', '0'),
  ('2', '19', 'análise da licitação', '1', NULL, '19', NULL, NULL, NULL, NULL, '0', '0', '2016-07-16 08:00:00', '1', '1', '2016-07-16 08:00:00', NULL, '32.000', '32.000', '1', '0.000', '2016-07-20 08:00:00', '2016-07-20 08:00:00', '0', '0', '100.000', NULL, NULL, NULL, NULL, NULL, NULL, NULL, NULL, '0.000', NULL, '1', NULL, NULL, '0', '0', NULL, NULL, NULL, '0', NULL, NULL, NULL, NULL, NULL, NULL, NULL, 'BR', '0', '0', NULL, NULL, NULL, NULL, NULL, NULL, NULL, NULL, NULL, '2', NULL, NULL, NULL, NULL, NULL, NULL, NULL, '0', '1', '5', '0', '0'),
  ('2', '20', 'Relatório final', '1', NULL, '20', NULL, NULL, NULL, NULL, '1', '0', '2016-07-24 17:00:00', '1', '1', '2016-07-24 17:00:00', NULL, '0.000', '0.000', '1', '0.000', '2016-07-24 17:00:00', '2016-07-24 17:00:00', '0', '0', '0.000', NULL, NULL, NULL, NULL, NULL, NULL, NULL, NULL, '0.000', NULL, '1', NULL, NULL, '0', '0', NULL, NULL, NULL, '0', NULL, NULL, NULL, NULL, NULL, NULL, NULL, 'BR', '0', '0', NULL, NULL, NULL, NULL, NULL, NULL, NULL, NULL, NULL, '3', NULL, NULL, NULL, NULL, NULL, NULL, NULL, '0', '1', '6', '0', '0'),
  ('3', '1', 'Reu Coordenação', '1', NULL, '1', NULL, NULL, NULL, NULL, '1', '0', '2016-06-25 14:00:00', '1', '2', '2016-06-25 14:00:00', NULL, '0.000', '0.000', '1', '0.000', '2016-06-25 14:00:00', '2016-06-25 14:00:00', '0', '0', '100.000', NULL, NULL, NULL, 'Haverá às 14:00 no PC Cmt uma Reu preparatória para analisar discutir o projeto da quadra coberta do 3º B Com.', NULL, NULL, NULL, NULL, '0.000', NULL, '1', NULL, NULL, '0', '0', '1', NULL, '1', '0', NULL, NULL, 'Avenida da Serraria', 'Serraria', '4314902', 'RS', '91770-010', 'BR', '-30.166408', '-51.214271', NULL, NULL, NULL, NULL, NULL, NULL, NULL, NULL, NULL, '11', NULL, NULL, NULL, NULL, NULL, NULL, NULL, '0', '1', '1', '0', '0'),
  ('3', '2', 'Modelo Quadra', '1', NULL, '2', NULL, NULL, NULL, NULL, '0', '0', '2016-08-01 14:00:00', '1', '5', '2016-08-01 14:00:00', NULL, '480.000', '480.000', '1', '96.000', '2016-10-26 14:00:00', '2016-10-26 14:00:00', '0', '1', '30.000', NULL, NULL, NULL, 'Pesquisar modelos e preços das quadras poli-esportivas ofertadas pelo mercado.', NULL, NULL, NULL, NULL, '0.000', NULL, '1', NULL, NULL, '0', '0', NULL, NULL, '1', '0', NULL, NULL, 'Avenida da Serraria', 'Serraria', '4314902', 'RS', '91770-010', 'BR', '-30.166408', '-51.214271', NULL, NULL, NULL, NULL, NULL, NULL, NULL, NULL, NULL, '10', NULL, NULL, NULL, NULL, NULL, NULL, NULL, '0', '1', '2', '0', '0'),
  ('3', '3', 'Licitação Quadra', '1', NULL, '3', NULL, NULL, NULL, NULL, '0', '0', '2016-10-30 14:00:00', '1', '6', '2016-10-30 14:00:00', '0', '64.000', '64.000', '1', '0.000', '2016-11-21 14:00:00', '2016-11-21 14:00:00', '0', '0', '0.000', NULL, '0.000', '0.000', NULL, NULL, NULL, NULL, NULL, '0.000', NULL, '6', '0', '0', '1', '0', '0', NULL, '1', '0', NULL, NULL, 'Avenida da Serraria', 'Serraria', '4314902', 'RS', '91770-010', 'BR', '-30.166408', '-51.214271', '0', '0', '0', NULL, NULL, '0.000', '0.000', '0.000', NULL, NULL, NULL, NULL, NULL, NULL, NULL, NULL, NULL, '0', NULL, '3', '0', '0'),
  ('3', '4', 'Criação Edital', '1', NULL, '3', NULL, NULL, NULL, NULL, '0', '0', '2016-10-30 14:00:00', '1', '6', '2016-10-30 14:00:00', NULL, '32.000', '32.000', '1', '4.000', '2016-11-06 14:00:00', '2016-11-06 14:00:00', '0', '1', '0.000', NULL, NULL, NULL, 'Montagem do Edital para a Licitação', NULL, NULL, NULL, NULL, '0.000', NULL, '1', NULL, NULL, '0', '0', NULL, NULL, '1', '0', NULL, NULL, 'Avenida da Serraria', 'Serraria', NULL, 'RS', '91770-010', 'BR', '-30.166408', '-51.214271', NULL, NULL, NULL, NULL, NULL, NULL, NULL, NULL, NULL, '6', NULL, NULL, NULL, NULL, NULL, NULL, NULL, '0', '1', '1', '0', '0'),
  ('3', '5', 'Análise Jurídica do Edital', '1', NULL, '3', NULL, NULL, NULL, NULL, '0', '0', '2016-11-08 14:00:00', '1', '6', '2016-11-08 14:00:00', NULL, '24.000', '24.000', '1', '0.000', '2016-11-13 14:00:00', '2016-11-13 14:00:00', '0', '-2', '0.000', NULL, NULL, NULL, 'Análise jurídica do Edital pela Assessoria Jurídica do CMS.', NULL, NULL, NULL, NULL, '0.000', NULL, '1', NULL, NULL, '0', '0', NULL, NULL, '1', '0', NULL, NULL, 'Avenida da Serraria', 'Serraria', NULL, 'RS', '91770-010', 'BR', '-30.166408', '-51.214271', NULL, NULL, NULL, NULL, NULL, NULL, NULL, NULL, NULL, '7', NULL, NULL, NULL, NULL, NULL, NULL, NULL, '0', '1', '2', '0', '0'),
  ('3', '6', 'Lançamento ComprasNet', '1', NULL, '3', NULL, NULL, NULL, NULL, '0', '0', '2016-11-16 14:00:00', '1', '6', '2016-11-16 14:00:00', NULL, '8.000', '8.000', '1', '0.000', '2016-11-19 14:00:00', '2016-11-19 14:00:00', '0', '0', '0.000', NULL, NULL, NULL, 'Lançamento no ComprasNet como Pregão Eletrônico e contatar firmas de engenharia.', NULL, NULL, NULL, NULL, '0.000', NULL, '1', NULL, NULL, '0', '0', '1', NULL, '1', '0', NULL, NULL, 'Avenida da Serraria', 'Serraria', NULL, 'RS', '91770-010', 'BR', '-30.166408', '-51.214271', NULL, NULL, NULL, NULL, NULL, NULL, NULL, NULL, NULL, '8', NULL, NULL, NULL, NULL, NULL, NULL, NULL, '0', '1', '3', '0', '0'),
  ('3', '7', 'Pregão 003/2009', '1', NULL, '3', NULL, NULL, NULL, NULL, '1', '0', '2016-11-21 14:00:00', '1', '6', '2016-11-21 14:00:00', NULL, '0.000', '0.000', '1', '0.000', '2016-11-21 14:00:00', '2016-11-21 14:00:00', '0', '2', '0.000', NULL, NULL, NULL, '- Execução do Pregão 003/2009, às 09:00hs;- Adjudicação e Homologação.', NULL, NULL, NULL, NULL, '0.000', NULL, '1', NULL, NULL, '0', '0', NULL, NULL, '1', '0', NULL, NULL, 'Avenida da Serraria', 'Serraria', NULL, 'RS', '91770-010', 'BR', '-30.166408', '-51.214271', NULL, NULL, NULL, NULL, NULL, NULL, NULL, NULL, NULL, '9', NULL, NULL, NULL, NULL, NULL, NULL, NULL, '0', '1', '4', '0', '0'),
  ('3', '16', 'Aporte do Crédito', '1', NULL, '16', NULL, NULL, NULL, NULL, '1', '0', '2016-07-23 13:00:00', '1', '2', '2016-07-23 13:00:00', '0', '0.000', '0.000', '1', '0.000', '2016-07-23 13:00:00', '2016-07-23 13:00:00', '0', '0', '0.000', NULL, '0.000', '0.000', 'Reebimento da NC do Ministério do Desporto', NULL, NULL, NULL, NULL, '0.000', NULL, '6', '0', '0', '0', '0', '0', NULL, '0', '0', NULL, NULL, 'Avenida da Serraria', 'Serraria', '4314902', 'RS', '91770-010', 'BR', '-30.166408', '-51.214271', '0', '0', '0', NULL, NULL, '0.000', '0.000', '0.000', NULL, '5', NULL, NULL, NULL, NULL, NULL, NULL, NULL, '0', '1', '7', '0', '0'),
  ('3', '17', 'Montagem da Quadra', '1', NULL, '17', NULL, NULL, NULL, NULL, '0', '0', '2016-11-21 14:00:00', '1', '3', '2016-11-21 14:00:00', NULL, '208.000', '208.000', '1', '0.000', '2016-12-28 14:00:00', '2016-12-28 14:00:00', '0', '0', '0.000', NULL, '30000.000', NULL, NULL, NULL, NULL, NULL, NULL, '0.000', NULL, '1', NULL, NULL, '0', '0', NULL, NULL, '1', '0', NULL, NULL, 'Avenida da Serraria', 'Serraria', NULL, 'RS', '91770-010', 'BR', '-30.166408', '-51.214271', NULL, NULL, NULL, NULL, NULL, NULL, NULL, NULL, NULL, '4', NULL, NULL, NULL, NULL, NULL, NULL, NULL, '0', '1', '8', '0', '0'),
  ('3', '18', 'formação de grupo', '1', NULL, '18', NULL, NULL, NULL, NULL, '0', '0', '2016-07-09 08:00:00', '1', '1', '2016-07-09 08:00:00', NULL, '24.000', '24.000', '1', '0.000', '2016-07-11 17:00:00', '2016-07-11 17:00:00', '0', '0', '100.000', NULL, NULL, NULL, NULL, NULL, NULL, NULL, NULL, '0.000', NULL, '1', NULL, NULL, '0', '0', NULL, NULL, NULL, '0', NULL, NULL, NULL, NULL, NULL, NULL, NULL, 'BR', '0', '0', NULL, NULL, NULL, NULL, NULL, NULL, NULL, NULL, NULL, '1', NULL, NULL, NULL, NULL, NULL, NULL, NULL, '0', '1', '4', '0', '0'),
  ('3', '19', 'análise da licitação', '1', NULL, '19', NULL, NULL, NULL, NULL, '0', '0', '2016-07-16 08:00:00', '1', '1', '2016-07-16 08:00:00', NULL, '32.000', '32.000', '1', '0.000', '2016-07-20 08:00:00', '2016-07-20 08:00:00', '0', '0', '100.000', NULL, NULL, NULL, NULL, NULL, NULL, NULL, NULL, '0.000', NULL, '1', NULL, NULL, '0', '0', NULL, NULL, NULL, '0', NULL, NULL, NULL, NULL, NULL, NULL, NULL, 'BR', '0', '0', NULL, NULL, NULL, NULL, NULL, NULL, NULL, NULL, NULL, '2', NULL, NULL, NULL, NULL, NULL, NULL, NULL, '0', '1', '5', '0', '0'),
  ('3', '20', 'Relatório final', '1', NULL, '20', NULL, NULL, NULL, NULL, '1', '0', '2016-07-24 17:00:00', '1', '1', '2016-07-24 17:00:00', NULL, '0.000', '0.000', '1', '0.000', '2016-07-24 17:00:00', '2016-07-24 17:00:00', '0', '0', '0.000', NULL, NULL, NULL, NULL, NULL, NULL, NULL, NULL, '0.000', NULL, '1', NULL, NULL, '0', '0', NULL, NULL, NULL, '0', NULL, NULL, NULL, NULL, NULL, NULL, NULL, 'BR', '0', '0', NULL, NULL, NULL, NULL, NULL, NULL, NULL, NULL, NULL, '3', NULL, NULL, NULL, NULL, NULL, NULL, NULL, '0', '1', '6', '0', '0');

INSERT INTO perfil_usuario (perfil_usuario_usuario, perfil_usuario_perfil) VALUES
  (2,14),
  (3,14),
  (4,14),
  (5,14),
  (6,14),
  (7,14),
  (8,14);


INSERT INTO tarefas (tarefa_id, tarefa_superior, tarefa_projeto, tarefa_cia, tarefa_dono, tarefa_nome, tarefa_inicio_manual, tarefa_fim_manual, tarefa_duracao_manual, tarefa_inicio, tarefa_fim, tarefa_duracao, tarefa_duracao_tipo, tarefa_numeracao) VALUES
	(101,101,2,1,6,'tarefa1','2016-01-01 08:00','2016-01-01 17:00',8,'2016-01-01 08:00','2016-01-01 17:00',8,1,1),
	(102,102,2,1,6,'tarefa2','2016-01-02 08:00','2016-01-02 17:00',8,'2016-01-02 08:00','2016-01-02 17:00',8,1,2),
	(103,103,2,1,6,'tarefa3','2016-01-03 08:00','2016-01-03 17:00',8,'2016-01-03 08:00','2016-01-03 17:00',8,1,3),
	(104,104,2,1,6,'tarefa4','2016-01-04 08:00','2016-01-04 17:00',8,'2016-01-04 08:00','2016-01-04 17:00',8,1,4),
	(105,105,2,1,6,'tarefa5','2016-01-05 08:00','2016-01-05 17:00',8,'2016-01-05 08:00','2016-01-05 17:00',8,1,5),
	(106,106,2,1,6,'tarefa6','2016-01-06 08:00','2016-01-06 17:00',8,'2016-01-06 08:00','2016-01-06 17:00',8,1,6),
	(107,107,2,1,6,'tarefa7','2016-01-07 08:00','2016-01-07 17:00',8,'2016-01-07 08:00','2016-01-07 17:00',8,1,7),
	(108,108,2,1,6,'tarefa8','2016-01-08 08:00','2016-01-08 17:00',8,'2016-01-08 08:00','2016-01-08 17:00',8,1,8),
	(109,109,2,1,6,'tarefa9','2016-01-09 08:00','2016-01-09 17:00',8,'2016-01-09 08:00','2016-01-09 17:00',8,1,9),
	(110,110,2,1,6,'tarefa10','2016-01-10 08:00','2016-01-10 17:00',8,'2016-01-10 08:00','2016-01-10 17:00',8,1,10),
	(111,111,2,1,6,'tarefa11','2016-01-11 08:00','2016-01-11 17:00',8,'2016-01-11 08:00','2016-01-11 17:00',8,1,11),
	(112,112,2,1,6,'tarefa12','2016-01-12 08:00','2016-01-12 17:00',8,'2016-01-12 08:00','2016-01-12 17:00',8,1,12),
	(113,113,2,1,6,'tarefa13','2016-01-13 08:00','2016-01-13 17:00',8,'2016-01-13 08:00','2016-01-13 17:00',8,1,13),
	(114,114,2,1,6,'tarefa14','2016-01-14 08:00','2016-01-14 17:00',8,'2016-01-14 08:00','2016-01-14 17:00',8,1,14),
	(115,115,2,1,6,'tarefa15','2016-01-15 08:00','2016-01-15 17:00',8,'2016-01-15 08:00','2016-01-15 17:00',8,1,15),
	(116,116,2,1,6,'tarefa16','2016-01-16 08:00','2016-01-16 17:00',8,'2016-01-16 08:00','2016-01-16 17:00',8,1,16),
	(117,117,2,1,6,'tarefa17','2016-01-17 08:00','2016-01-17 17:00',8,'2016-01-17 08:00','2016-01-17 17:00',8,1,17),
	(118,118,2,1,6,'tarefa18','2016-01-18 08:00','2016-01-18 17:00',8,'2016-01-18 08:00','2016-01-18 17:00',8,1,18),
	(119,119,2,1,6,'tarefa19','2016-01-19 08:00','2016-01-19 17:00',8,'2016-01-19 08:00','2016-01-19 17:00',8,1,19),
	(120,120,2,1,6,'tarefa20','2016-01-20 08:00','2016-01-20 17:00',8,'2016-01-20 08:00','2016-01-20 17:00',8,1,20),
	(121,121,2,1,6,'tarefa21','2016-01-21 08:00','2016-01-21 17:00',8,'2016-01-21 08:00','2016-01-21 17:00',8,1,21),
	(122,122,2,1,6,'tarefa22','2016-01-22 08:00','2016-01-22 17:00',8,'2016-01-22 08:00','2016-01-22 17:00',8,1,22),
	(123,123,2,1,6,'tarefa23','2016-01-23 08:00','2016-01-23 17:00',8,'2016-01-23 08:00','2016-01-23 17:00',8,1,23),
	(124,124,2,1,6,'tarefa24','2016-01-24 08:00','2016-01-24 17:00',8,'2016-01-24 08:00','2016-01-24 17:00',8,1,24),
	(125,125,2,1,6,'tarefa25','2016-01-25 08:00','2016-01-25 17:00',8,'2016-01-25 08:00','2016-01-25 17:00',8,1,25),
	(126,126,2,1,6,'tarefa26','2016-01-26 08:00','2016-01-26 17:00',8,'2016-01-26 08:00','2016-01-26 17:00',8,1,26),
	(127,127,2,1,6,'tarefa27','2016-01-27 08:00','2016-01-27 17:00',8,'2016-01-27 08:00','2016-01-27 17:00',8,1,27),
	(128,128,2,1,6,'tarefa28','2016-01-28 08:00','2016-01-28 17:00',8,'2016-01-28 08:00','2016-01-28 17:00',8,1,28),
	(129,129,2,1,6,'tarefa29','2016-01-29 08:00','2016-01-29 17:00',8,'2016-01-29 08:00','2016-01-29 17:00',8,1,29),
	(130,130,2,1,6,'tarefa30','2016-01-30 08:00','2016-01-30 17:00',8,'2016-01-30 08:00','2016-01-30 17:00',8,1,30),
	(131,131,2,1,6,'tarefa31','2016-01-31 08:00','2016-01-31 17:00',8,'2016-01-31 08:00','2016-01-31 17:00',8,1,31),
	(132,132,2,1,6,'tarefa32','2016-02-01 08:00','2016-02-01 17:00',8,'2016-02-01 08:00','2016-02-01 17:00',8,1,32),
	(133,133,2,1,6,'tarefa33','2016-02-02 08:00','2016-02-02 17:00',8,'2016-02-02 08:00','2016-02-02 17:00',8,1,33),
	(134,134,2,1,6,'tarefa34','2016-02-03 08:00','2016-02-03 17:00',8,'2016-02-03 08:00','2016-02-03 17:00',8,1,34),
	(135,135,2,1,6,'tarefa35','2016-02-04 08:00','2016-02-04 17:00',8,'2016-02-04 08:00','2016-02-04 17:00',8,1,35),
	(136,136,2,1,6,'tarefa36','2016-02-05 08:00','2016-02-05 17:00',8,'2016-02-05 08:00','2016-02-05 17:00',8,1,36),
	(137,137,2,1,6,'tarefa37','2016-02-06 08:00','2016-02-06 17:00',8,'2016-02-06 08:00','2016-02-06 17:00',8,1,37),
	(138,138,2,1,6,'tarefa38','2016-02-07 08:00','2016-02-07 17:00',8,'2016-02-07 08:00','2016-02-07 17:00',8,1,38),
	(139,139,2,1,6,'tarefa39','2016-02-08 08:00','2016-02-08 17:00',8,'2016-02-08 08:00','2016-02-08 17:00',8,1,39),
	(140,140,2,1,6,'tarefa40','2016-02-09 08:00','2016-02-09 17:00',8,'2016-02-09 08:00','2016-02-09 17:00',8,1,40),
	(141,141,2,1,6,'tarefa41','2016-02-10 08:00','2016-02-10 17:00',8,'2016-02-10 08:00','2016-02-10 17:00',8,1,41),
	(142,142,2,1,6,'tarefa42','2016-02-11 08:00','2016-02-11 17:00',8,'2016-02-11 08:00','2016-02-11 17:00',8,1,42),
	(143,143,2,1,6,'tarefa43','2016-02-12 08:00','2016-02-12 17:00',8,'2016-02-12 08:00','2016-02-12 17:00',8,1,43),
	(144,144,2,1,6,'tarefa44','2016-02-13 08:00','2016-02-13 17:00',8,'2016-02-13 08:00','2016-02-13 17:00',8,1,44),
	(145,145,2,1,6,'tarefa45','2016-02-14 08:00','2016-02-14 17:00',8,'2016-02-14 08:00','2016-02-14 17:00',8,1,45),
	(146,146,2,1,6,'tarefa46','2016-02-15 08:00','2016-02-15 17:00',8,'2016-02-15 08:00','2016-02-15 17:00',8,1,46),
	(147,147,2,1,6,'tarefa47','2016-02-16 08:00','2016-02-16 17:00',8,'2016-02-16 08:00','2016-02-16 17:00',8,1,47),
	(148,148,2,1,6,'tarefa48','2016-02-17 08:00','2016-02-17 17:00',8,'2016-02-17 08:00','2016-02-17 17:00',8,1,48),
	(149,149,2,1,6,'tarefa49','2016-02-18 08:00','2016-02-18 17:00',8,'2016-02-18 08:00','2016-02-18 17:00',8,1,49),
	(150,150,2,1,6,'tarefa50','2016-02-19 08:00','2016-02-19 17:00',8,'2016-02-19 08:00','2016-02-19 17:00',8,1,50),
	(151,151,2,1,6,'tarefa51','2016-02-20 08:00','2016-02-20 17:00',8,'2016-02-20 08:00','2016-02-20 17:00',8,1,51),
	(152,152,2,1,6,'tarefa52','2016-02-21 08:00','2016-02-21 17:00',8,'2016-02-21 08:00','2016-02-21 17:00',8,1,52),
	(153,153,2,1,6,'tarefa53','2016-02-22 08:00','2016-02-22 17:00',8,'2016-02-22 08:00','2016-02-22 17:00',8,1,53),
	(154,154,2,1,6,'tarefa54','2016-02-23 08:00','2016-02-23 17:00',8,'2016-02-23 08:00','2016-02-23 17:00',8,1,54),
	(155,155,2,1,6,'tarefa55','2016-02-24 08:00','2016-02-24 17:00',8,'2016-02-24 08:00','2016-02-24 17:00',8,1,55),
	(156,156,2,1,6,'tarefa56','2016-02-25 08:00','2016-02-25 17:00',8,'2016-02-25 08:00','2016-02-25 17:00',8,1,56),
	(157,157,2,1,6,'tarefa57','2016-02-26 08:00','2016-02-26 17:00',8,'2016-02-26 08:00','2016-02-26 17:00',8,1,57),
	(158,158,2,1,6,'tarefa58','2016-02-27 08:00','2016-02-27 17:00',8,'2016-02-27 08:00','2016-02-27 17:00',8,1,58),
	(159,159,2,1,6,'tarefa59','2016-02-28 08:00','2016-02-28 17:00',8,'2016-02-28 08:00','2016-02-28 17:00',8,1,59),
	(160,160,2,1,6,'tarefa60','2016-03-01 08:00','2016-03-01 17:00',8,'2016-03-01 08:00','2016-03-01 17:00',8,1,60),
	(161,161,2,1,6,'tarefa61','2016-03-01 08:00','2016-03-01 17:00',8,'2016-03-01 08:00','2016-03-01 17:00',8,1,61),
	(162,162,2,1,6,'tarefa62','2016-03-02 08:00','2016-03-02 17:00',8,'2016-03-02 08:00','2016-03-02 17:00',8,1,62),
	(163,163,2,1,6,'tarefa63','2016-03-03 08:00','2016-03-03 17:00',8,'2016-03-03 08:00','2016-03-03 17:00',8,1,63),
	(164,164,2,1,6,'tarefa64','2016-03-04 08:00','2016-03-04 17:00',8,'2016-03-04 08:00','2016-03-04 17:00',8,1,64),
	(165,165,2,1,6,'tarefa65','2016-03-05 08:00','2016-03-05 17:00',8,'2016-03-05 08:00','2016-03-05 17:00',8,1,65),
	(166,166,2,1,6,'tarefa66','2016-03-06 08:00','2016-03-06 17:00',8,'2016-03-06 08:00','2016-03-06 17:00',8,1,66),
	(167,167,2,1,6,'tarefa67','2016-03-07 08:00','2016-03-07 17:00',8,'2016-03-07 08:00','2016-03-07 17:00',8,1,67),
	(168,168,2,1,6,'tarefa68','2016-03-08 08:00','2016-03-08 17:00',8,'2016-03-08 08:00','2016-03-08 17:00',8,1,68),
	(169,169,2,1,6,'tarefa69','2016-03-09 08:00','2016-03-09 17:00',8,'2016-03-09 08:00','2016-03-09 17:00',8,1,69),
	(170,170,2,1,6,'tarefa70','2016-03-10 08:00','2016-03-10 17:00',8,'2016-03-10 08:00','2016-03-10 17:00',8,1,70),
	(171,171,2,1,6,'tarefa71','2016-03-11 08:00','2016-03-11 17:00',8,'2016-03-11 08:00','2016-03-11 17:00',8,1,71),
	(172,172,2,1,6,'tarefa72','2016-03-12 08:00','2016-03-12 17:00',8,'2016-03-12 08:00','2016-03-12 17:00',8,1,72),
	(173,173,2,1,6,'tarefa73','2016-03-13 08:00','2016-03-13 17:00',8,'2016-03-13 08:00','2016-03-13 17:00',8,1,73),
	(174,174,2,1,6,'tarefa74','2016-03-14 08:00','2016-03-14 17:00',8,'2016-03-14 08:00','2016-03-14 17:00',8,1,74),
	(175,175,2,1,6,'tarefa75','2016-03-15 08:00','2016-03-15 17:00',8,'2016-03-15 08:00','2016-03-15 17:00',8,1,75),
	(176,176,2,1,6,'tarefa76','2016-03-16 08:00','2016-03-16 17:00',8,'2016-03-16 08:00','2016-03-16 17:00',8,1,76),
	(177,177,2,1,6,'tarefa77','2016-03-17 08:00','2016-03-17 17:00',8,'2016-03-17 08:00','2016-03-17 17:00',8,1,77),
	(178,178,2,1,6,'tarefa78','2016-03-18 08:00','2016-03-18 17:00',8,'2016-03-18 08:00','2016-03-18 17:00',8,1,78),
	(179,179,2,1,6,'tarefa79','2016-03-19 08:00','2016-03-19 17:00',8,'2016-03-19 08:00','2016-03-19 17:00',8,1,79),
	(180,180,2,1,6,'tarefa80','2016-03-20 08:00','2016-03-20 17:00',8,'2016-03-20 08:00','2016-03-20 17:00',8,1,80),
	(181,181,2,1,6,'tarefa81','2016-03-21 08:00','2016-03-21 17:00',8,'2016-03-21 08:00','2016-03-21 17:00',8,1,81),
	(182,182,2,1,6,'tarefa82','2016-03-22 08:00','2016-03-22 17:00',8,'2016-03-22 08:00','2016-03-22 17:00',8,1,82),
	(183,183,2,1,6,'tarefa83','2016-03-23 08:00','2016-03-23 17:00',8,'2016-03-23 08:00','2016-03-23 17:00',8,1,83),
	(184,184,2,1,6,'tarefa84','2016-03-24 08:00','2016-03-24 17:00',8,'2016-03-24 08:00','2016-03-24 17:00',8,1,84),
	(185,185,2,1,6,'tarefa85','2016-03-25 08:00','2016-03-25 17:00',8,'2016-03-25 08:00','2016-03-25 17:00',8,1,85),
	(186,186,2,1,6,'tarefa86','2016-03-26 08:00','2016-03-26 17:00',8,'2016-03-26 08:00','2016-03-26 17:00',8,1,86),
	(187,187,2,1,6,'tarefa87','2016-03-27 08:00','2016-03-27 17:00',8,'2016-03-27 08:00','2016-03-27 17:00',8,1,87),
	(188,188,2,1,6,'tarefa88','2016-03-28 08:00','2016-03-28 17:00',8,'2016-03-28 08:00','2016-03-28 17:00',8,1,88),
	(189,189,2,1,6,'tarefa89','2016-03-29 08:00','2016-03-29 17:00',8,'2016-03-29 08:00','2016-03-29 17:00',8,1,89),
	(190,190,2,1,6,'tarefa90','2016-03-30 08:00','2016-03-30 17:00',8,'2016-03-30 08:00','2016-03-30 17:00',8,1,90),
	(191,191,2,1,6,'tarefa91','2016-03-31 08:00','2016-03-31 17:00',8,'2016-03-31 08:00','2016-03-31 17:00',8,1,91),
	(192,192,2,1,6,'tarefa92','2016-04-01 08:00','2016-04-01 17:00',8,'2016-04-01 08:00','2016-04-01 17:00',8,1,92),
	(193,193,2,1,6,'tarefa93','2016-04-02 08:00','2016-04-02 17:00',8,'2016-04-02 08:00','2016-04-02 17:00',8,1,93),
	(194,194,2,1,6,'tarefa94','2016-04-03 08:00','2016-04-03 17:00',8,'2016-04-03 08:00','2016-04-03 17:00',8,1,94),
	(195,195,2,1,6,'tarefa95','2016-04-04 08:00','2016-04-04 17:00',8,'2016-04-04 08:00','2016-04-04 17:00',8,1,95),
	(196,196,2,1,6,'tarefa96','2016-04-05 08:00','2016-04-05 17:00',8,'2016-04-05 08:00','2016-04-05 17:00',8,1,96),
	(197,197,2,1,6,'tarefa97','2016-04-06 08:00','2016-04-06 17:00',8,'2016-04-06 08:00','2016-04-06 17:00',8,1,97),
	(198,198,2,1,6,'tarefa98','2016-04-07 08:00','2016-04-07 17:00',8,'2016-04-07 08:00','2016-04-07 17:00',8,1,98),
	(199,199,2,1,6,'tarefa99','2016-04-08 08:00','2016-04-08 17:00',8,'2016-04-08 08:00','2016-04-08 17:00',8,1,99),
	(200,200,2,1,6,'tarefa100','2016-04-09 08:00','2016-04-09 17:00',8,'2016-04-09 08:00','2016-04-09 17:00',8,1,100),
	(201,201,2,1,6,'tarefa101','2016-04-10 08:00','2016-04-10 17:00',8,'2016-04-10 08:00','2016-04-10 17:00',8,1,101),
	(202,202,2,1,6,'tarefa102','2016-04-11 08:00','2016-04-11 17:00',8,'2016-04-11 08:00','2016-04-11 17:00',8,1,102),
	(203,203,2,1,6,'tarefa103','2016-04-12 08:00','2016-04-12 17:00',8,'2016-04-12 08:00','2016-04-12 17:00',8,1,103),
	(204,204,2,1,6,'tarefa104','2016-04-13 08:00','2016-04-13 17:00',8,'2016-04-13 08:00','2016-04-13 17:00',8,1,104),
	(205,205,2,1,6,'tarefa105','2016-04-14 08:00','2016-04-14 17:00',8,'2016-04-14 08:00','2016-04-14 17:00',8,1,105),
	(206,206,2,1,6,'tarefa106','2016-04-15 08:00','2016-04-15 17:00',8,'2016-04-15 08:00','2016-04-15 17:00',8,1,106),
	(207,207,2,1,6,'tarefa107','2016-04-16 08:00','2016-04-16 17:00',8,'2016-04-16 08:00','2016-04-16 17:00',8,1,107),
	(208,208,2,1,6,'tarefa108','2016-04-17 08:00','2016-04-17 17:00',8,'2016-04-17 08:00','2016-04-17 17:00',8,1,108),
	(209,209,2,1,6,'tarefa109','2016-04-18 08:00','2016-04-18 17:00',8,'2016-04-18 08:00','2016-04-18 17:00',8,1,109),
	(210,210,2,1,6,'tarefa110','2016-04-19 08:00','2016-04-19 17:00',8,'2016-04-19 08:00','2016-04-19 17:00',8,1,110),
	(211,211,2,1,6,'tarefa111','2016-04-20 08:00','2016-04-20 17:00',8,'2016-04-20 08:00','2016-04-20 17:00',8,1,111),
	(212,212,2,1,6,'tarefa112','2016-04-21 08:00','2016-04-21 17:00',8,'2016-04-21 08:00','2016-04-21 17:00',8,1,112),
	(213,213,2,1,6,'tarefa113','2016-04-22 08:00','2016-04-22 17:00',8,'2016-04-22 08:00','2016-04-22 17:00',8,1,113),
	(214,214,2,1,6,'tarefa114','2016-04-23 08:00','2016-04-23 17:00',8,'2016-04-23 08:00','2016-04-23 17:00',8,1,114),
	(215,215,2,1,6,'tarefa115','2016-04-24 08:00','2016-04-24 17:00',8,'2016-04-24 08:00','2016-04-24 17:00',8,1,115),
	(216,216,2,1,6,'tarefa116','2016-04-25 08:00','2016-04-25 17:00',8,'2016-04-25 08:00','2016-04-25 17:00',8,1,116),
	(217,217,2,1,6,'tarefa117','2016-04-26 08:00','2016-04-26 17:00',8,'2016-04-26 08:00','2016-04-26 17:00',8,1,117),
	(218,218,2,1,6,'tarefa118','2016-04-27 08:00','2016-04-27 17:00',8,'2016-04-27 08:00','2016-04-27 17:00',8,1,118),
	(219,219,2,1,6,'tarefa119','2016-04-28 08:00','2016-04-28 17:00',8,'2016-04-28 08:00','2016-04-28 17:00',8,1,119),
	(220,220,2,1,6,'tarefa120','2016-04-29 08:00','2016-04-29 17:00',8,'2016-04-29 08:00','2016-04-29 17:00',8,1,120),
	(221,221,2,1,6,'tarefa121','2016-04-30 08:00','2016-04-30 17:00',8,'2016-04-30 08:00','2016-04-30 17:00',8,1,121),
	(222,222,2,1,6,'tarefa122','2016-05-01 08:00','2016-05-01 17:00',8,'2016-05-01 08:00','2016-05-01 17:00',8,1,122),
	(223,223,2,1,6,'tarefa123','2016-05-02 08:00','2016-05-02 17:00',8,'2016-05-02 08:00','2016-05-02 17:00',8,1,123),
	(224,224,2,1,6,'tarefa124','2016-05-03 08:00','2016-05-03 17:00',8,'2016-05-03 08:00','2016-05-03 17:00',8,1,124),
	(225,225,2,1,6,'tarefa125','2016-05-04 08:00','2016-05-04 17:00',8,'2016-05-04 08:00','2016-05-04 17:00',8,1,125),
	(226,226,2,1,6,'tarefa126','2016-05-05 08:00','2016-05-05 17:00',8,'2016-05-05 08:00','2016-05-05 17:00',8,1,126),
	(227,227,2,1,6,'tarefa127','2016-05-06 08:00','2016-05-06 17:00',8,'2016-05-06 08:00','2016-05-06 17:00',8,1,127),
	(228,228,2,1,6,'tarefa128','2016-05-07 08:00','2016-05-07 17:00',8,'2016-05-07 08:00','2016-05-07 17:00',8,1,128),
	(229,229,2,1,6,'tarefa129','2016-05-08 08:00','2016-05-08 17:00',8,'2016-05-08 08:00','2016-05-08 17:00',8,1,129),
	(230,230,2,1,6,'tarefa130','2016-05-09 08:00','2016-05-09 17:00',8,'2016-05-09 08:00','2016-05-09 17:00',8,1,130),
	(231,231,2,1,6,'tarefa131','2016-05-10 08:00','2016-05-10 17:00',8,'2016-05-10 08:00','2016-05-10 17:00',8,1,131),
	(232,232,2,1,6,'tarefa132','2016-05-11 08:00','2016-05-11 17:00',8,'2016-05-11 08:00','2016-05-11 17:00',8,1,132),
	(233,233,2,1,6,'tarefa133','2016-05-12 08:00','2016-05-12 17:00',8,'2016-05-12 08:00','2016-05-12 17:00',8,1,133),
	(234,234,2,1,6,'tarefa134','2016-05-13 08:00','2016-05-13 17:00',8,'2016-05-13 08:00','2016-05-13 17:00',8,1,134),
	(235,235,2,1,6,'tarefa135','2016-05-14 08:00','2016-05-14 17:00',8,'2016-05-14 08:00','2016-05-14 17:00',8,1,135),
	(236,236,2,1,6,'tarefa136','2016-05-15 08:00','2016-05-15 17:00',8,'2016-05-15 08:00','2016-05-15 17:00',8,1,136),
	(237,237,2,1,6,'tarefa137','2016-05-16 08:00','2016-05-16 17:00',8,'2016-05-16 08:00','2016-05-16 17:00',8,1,137),
	(238,238,2,1,6,'tarefa138','2016-05-17 08:00','2016-05-17 17:00',8,'2016-05-17 08:00','2016-05-17 17:00',8,1,138),
	(239,239,2,1,6,'tarefa139','2016-05-18 08:00','2016-05-18 17:00',8,'2016-05-18 08:00','2016-05-18 17:00',8,1,139),
	(240,240,2,1,6,'tarefa140','2016-05-19 08:00','2016-05-19 17:00',8,'2016-05-19 08:00','2016-05-19 17:00',8,1,140),
	(241,241,2,1,6,'tarefa141','2016-05-20 08:00','2016-05-20 17:00',8,'2016-05-20 08:00','2016-05-20 17:00',8,1,141),
	(242,242,2,1,6,'tarefa142','2016-05-21 08:00','2016-05-21 17:00',8,'2016-05-21 08:00','2016-05-21 17:00',8,1,142),
	(243,243,2,1,6,'tarefa143','2016-05-22 08:00','2016-05-22 17:00',8,'2016-05-22 08:00','2016-05-22 17:00',8,1,143),
	(244,244,2,1,6,'tarefa144','2016-05-23 08:00','2016-05-23 17:00',8,'2016-05-23 08:00','2016-05-23 17:00',8,1,144),
	(245,245,2,1,6,'tarefa145','2016-05-24 08:00','2016-05-24 17:00',8,'2016-05-24 08:00','2016-05-24 17:00',8,1,145),
	(246,246,2,1,6,'tarefa146','2016-05-25 08:00','2016-05-25 17:00',8,'2016-05-25 08:00','2016-05-25 17:00',8,1,146),
	(247,247,2,1,6,'tarefa147','2016-05-26 08:00','2016-05-26 17:00',8,'2016-05-26 08:00','2016-05-26 17:00',8,1,147),
	(248,248,2,1,6,'tarefa148','2016-05-27 08:00','2016-05-27 17:00',8,'2016-05-27 08:00','2016-05-27 17:00',8,1,148),
	(249,249,2,1,6,'tarefa149','2016-05-28 08:00','2016-05-28 17:00',8,'2016-05-28 08:00','2016-05-28 17:00',8,1,149),
	(250,250,2,1,6,'tarefa150','2016-05-29 08:00','2016-05-29 17:00',8,'2016-05-29 08:00','2016-05-29 17:00',8,1,150),
	(251,251,2,1,6,'tarefa151','2016-05-30 08:00','2016-05-30 17:00',8,'2016-05-30 08:00','2016-05-30 17:00',8,1,151),
	(252,252,2,1,6,'tarefa152','2016-05-31 08:00','2016-05-31 17:00',8,'2016-05-31 08:00','2016-05-31 17:00',8,1,152),
	(253,253,2,1,6,'tarefa153','2016-06-01 08:00','2016-06-01 17:00',8,'2016-06-01 08:00','2016-06-01 17:00',8,1,153),
	(254,254,2,1,6,'tarefa154','2016-06-02 08:00','2016-06-02 17:00',8,'2016-06-02 08:00','2016-06-02 17:00',8,1,154),
	(255,255,2,1,6,'tarefa155','2016-06-03 08:00','2016-06-03 17:00',8,'2016-06-03 08:00','2016-06-03 17:00',8,1,155),
	(256,256,2,1,6,'tarefa156','2016-06-04 08:00','2016-06-04 17:00',8,'2016-06-04 08:00','2016-06-04 17:00',8,1,156),
	(257,257,2,1,6,'tarefa157','2016-06-05 08:00','2016-06-05 17:00',8,'2016-06-05 08:00','2016-06-05 17:00',8,1,157),
	(258,258,2,1,6,'tarefa158','2016-06-06 08:00','2016-06-06 17:00',8,'2016-06-06 08:00','2016-06-06 17:00',8,1,158),
	(259,259,2,1,6,'tarefa159','2016-06-07 08:00','2016-06-07 17:00',8,'2016-06-07 08:00','2016-06-07 17:00',8,1,159),
	(260,260,2,1,6,'tarefa160','2016-06-08 08:00','2016-06-08 17:00',8,'2016-06-08 08:00','2016-06-08 17:00',8,1,160),
	(261,261,2,1,6,'tarefa161','2016-06-09 08:00','2016-06-09 17:00',8,'2016-06-09 08:00','2016-06-09 17:00',8,1,161),
	(262,262,2,1,6,'tarefa162','2016-06-10 08:00','2016-06-10 17:00',8,'2016-06-10 08:00','2016-06-10 17:00',8,1,162),
	(263,263,2,1,6,'tarefa163','2016-06-11 08:00','2016-06-11 17:00',8,'2016-06-11 08:00','2016-06-11 17:00',8,1,163),
	(264,264,2,1,6,'tarefa164','2016-06-12 08:00','2016-06-12 17:00',8,'2016-06-12 08:00','2016-06-12 17:00',8,1,164),
	(265,265,2,1,6,'tarefa165','2016-06-13 08:00','2016-06-13 17:00',8,'2016-06-13 08:00','2016-06-13 17:00',8,1,165),
	(266,266,2,1,6,'tarefa166','2016-06-14 08:00','2016-06-14 17:00',8,'2016-06-14 08:00','2016-06-14 17:00',8,1,166),
	(267,267,2,1,6,'tarefa167','2016-06-15 08:00','2016-06-15 17:00',8,'2016-06-15 08:00','2016-06-15 17:00',8,1,167),
	(268,268,2,1,6,'tarefa168','2016-06-16 08:00','2016-06-16 17:00',8,'2016-06-16 08:00','2016-06-16 17:00',8,1,168),
	(269,269,2,1,6,'tarefa169','2016-06-17 08:00','2016-06-17 17:00',8,'2016-06-17 08:00','2016-06-17 17:00',8,1,169),
	(270,270,2,1,6,'tarefa170','2016-06-18 08:00','2016-06-18 17:00',8,'2016-06-18 08:00','2016-06-18 17:00',8,1,170),
	(271,271,2,1,6,'tarefa171','2016-06-19 08:00','2016-06-19 17:00',8,'2016-06-19 08:00','2016-06-19 17:00',8,1,171),
	(272,272,2,1,6,'tarefa172','2016-06-20 08:00','2016-06-20 17:00',8,'2016-06-20 08:00','2016-06-20 17:00',8,1,172),
	(273,273,2,1,6,'tarefa173','2016-06-21 08:00','2016-06-21 17:00',8,'2016-06-21 08:00','2016-06-21 17:00',8,1,173),
	(274,274,2,1,6,'tarefa174','2016-06-22 08:00','2016-06-22 17:00',8,'2016-06-22 08:00','2016-06-22 17:00',8,1,174),
	(275,275,2,1,6,'tarefa175','2016-06-23 08:00','2016-06-23 17:00',8,'2016-06-23 08:00','2016-06-23 17:00',8,1,175),
	(276,276,2,1,6,'tarefa176','2016-06-24 08:00','2016-06-24 17:00',8,'2016-06-24 08:00','2016-06-24 17:00',8,1,176),
	(277,277,2,1,6,'tarefa177','2016-06-25 08:00','2016-06-25 17:00',8,'2016-06-25 08:00','2016-06-25 17:00',8,1,177),
	(278,278,2,1,6,'tarefa178','2016-06-26 08:00','2016-06-26 17:00',8,'2016-06-26 08:00','2016-06-26 17:00',8,1,178),
	(279,279,2,1,6,'tarefa179','2016-06-27 08:00','2016-06-27 17:00',8,'2016-06-27 08:00','2016-06-27 17:00',8,1,179),
	(280,280,2,1,6,'tarefa180','2016-06-28 08:00','2016-06-28 17:00',8,'2016-06-28 08:00','2016-06-28 17:00',8,1,180),
	(281,281,2,1,6,'tarefa181','2016-06-29 08:00','2016-06-29 17:00',8,'2016-06-29 08:00','2016-06-29 17:00',8,1,181),
	(282,282,2,1,6,'tarefa182','2016-06-30 08:00','2016-06-30 17:00',8,'2016-06-30 08:00','2016-06-30 17:00',8,1,182),
	(283,283,2,1,6,'tarefa183','2016-07-01 08:00','2016-07-01 17:00',8,'2016-07-01 08:00','2016-07-01 17:00',8,1,183),
	(284,284,2,1,6,'tarefa184','2016-07-02 08:00','2016-07-02 17:00',8,'2016-07-02 08:00','2016-07-02 17:00',8,1,184),
	(285,285,2,1,6,'tarefa185','2016-07-03 08:00','2016-07-03 17:00',8,'2016-07-03 08:00','2016-07-03 17:00',8,1,185),
	(286,286,2,1,6,'tarefa186','2016-07-04 08:00','2016-07-04 17:00',8,'2016-07-04 08:00','2016-07-04 17:00',8,1,186),
	(287,287,2,1,6,'tarefa187','2016-07-05 08:00','2016-07-05 17:00',8,'2016-07-05 08:00','2016-07-05 17:00',8,1,187),
	(288,288,2,1,6,'tarefa188','2016-07-06 08:00','2016-07-06 17:00',8,'2016-07-06 08:00','2016-07-06 17:00',8,1,188),
	(289,289,2,1,6,'tarefa189','2016-07-07 08:00','2016-07-07 17:00',8,'2016-07-07 08:00','2016-07-07 17:00',8,1,189),
	(290,290,2,1,6,'tarefa190','2016-07-08 08:00','2016-07-08 17:00',8,'2016-07-08 08:00','2016-07-08 17:00',8,1,190),
	(291,291,2,1,6,'tarefa191','2016-07-09 08:00','2016-07-09 17:00',8,'2016-07-09 08:00','2016-07-09 17:00',8,1,191),
	(292,292,2,1,6,'tarefa192','2016-07-10 08:00','2016-07-10 17:00',8,'2016-07-10 08:00','2016-07-10 17:00',8,1,192),
	(293,293,2,1,6,'tarefa193','2016-07-11 08:00','2016-07-11 17:00',8,'2016-07-11 08:00','2016-07-11 17:00',8,1,193),
	(294,294,2,1,6,'tarefa194','2016-07-12 08:00','2016-07-12 17:00',8,'2016-07-12 08:00','2016-07-12 17:00',8,1,194),
	(295,295,2,1,6,'tarefa195','2016-07-13 08:00','2016-07-13 17:00',8,'2016-07-13 08:00','2016-07-13 17:00',8,1,195),
	(296,296,2,1,6,'tarefa196','2016-07-14 08:00','2016-07-14 17:00',8,'2016-07-14 08:00','2016-07-14 17:00',8,1,196),
	(297,297,2,1,6,'tarefa197','2016-07-15 08:00','2016-07-15 17:00',8,'2016-07-15 08:00','2016-07-15 17:00',8,1,197),
	(298,298,2,1,6,'tarefa198','2016-07-16 08:00','2016-07-16 17:00',8,'2016-07-16 08:00','2016-07-16 17:00',8,1,198),
	(299,299,2,1,6,'tarefa199','2016-07-17 08:00','2016-07-17 17:00',8,'2016-07-17 08:00','2016-07-17 17:00',8,1,199),
	(300,300,2,1,6,'tarefa200','2016-07-18 08:00','2016-07-18 17:00',8,'2016-07-18 08:00','2016-07-18 17:00',8,1,200),
	(301,301,2,1,6,'tarefa201','2016-07-19 08:00','2016-07-19 17:00',8,'2016-07-19 08:00','2016-07-19 17:00',8,1,201),
	(302,302,2,1,6,'tarefa202','2016-07-20 08:00','2016-07-20 17:00',8,'2016-07-20 08:00','2016-07-20 17:00',8,1,202),
	(303,303,2,1,6,'tarefa203','2016-07-21 08:00','2016-07-21 17:00',8,'2016-07-21 08:00','2016-07-21 17:00',8,1,203),
	(304,304,2,1,6,'tarefa204','2016-07-22 08:00','2016-07-22 17:00',8,'2016-07-22 08:00','2016-07-22 17:00',8,1,204),
	(305,305,2,1,6,'tarefa205','2016-07-23 08:00','2016-07-23 17:00',8,'2016-07-23 08:00','2016-07-23 17:00',8,1,205),
	(306,306,2,1,6,'tarefa206','2016-07-24 08:00','2016-07-24 17:00',8,'2016-07-24 08:00','2016-07-24 17:00',8,1,206),
	(307,307,2,1,6,'tarefa207','2016-07-25 08:00','2016-07-25 17:00',8,'2016-07-25 08:00','2016-07-25 17:00',8,1,207),
	(308,308,2,1,6,'tarefa208','2016-07-26 08:00','2016-07-26 17:00',8,'2016-07-26 08:00','2016-07-26 17:00',8,1,208),
	(309,309,2,1,6,'tarefa209','2016-07-27 08:00','2016-07-27 17:00',8,'2016-07-27 08:00','2016-07-27 17:00',8,1,209),
	(310,310,2,1,6,'tarefa210','2016-07-28 08:00','2016-07-28 17:00',8,'2016-07-28 08:00','2016-07-28 17:00',8,1,210),
	(311,311,2,1,6,'tarefa211','2016-07-29 08:00','2016-07-29 17:00',8,'2016-07-29 08:00','2016-07-29 17:00',8,1,211),
	(312,312,2,1,6,'tarefa212','2016-07-30 08:00','2016-07-30 17:00',8,'2016-07-30 08:00','2016-07-30 17:00',8,1,212),
	(313,313,2,1,6,'tarefa213','2016-07-31 08:00','2016-07-31 17:00',8,'2016-07-31 08:00','2016-07-31 17:00',8,1,213),
	(314,314,2,1,6,'tarefa214','2016-08-01 08:00','2016-08-01 17:00',8,'2016-08-01 08:00','2016-08-01 17:00',8,1,214),
	(315,315,2,1,6,'tarefa215','2016-08-02 08:00','2016-08-02 17:00',8,'2016-08-02 08:00','2016-08-02 17:00',8,1,215),
	(316,316,2,1,6,'tarefa216','2016-08-03 08:00','2016-08-03 17:00',8,'2016-08-03 08:00','2016-08-03 17:00',8,1,216),
	(317,317,2,1,6,'tarefa217','2016-08-04 08:00','2016-08-04 17:00',8,'2016-08-04 08:00','2016-08-04 17:00',8,1,217),
	(318,318,2,1,6,'tarefa218','2016-08-05 08:00','2016-08-05 17:00',8,'2016-08-05 08:00','2016-08-05 17:00',8,1,218),
	(319,319,2,1,6,'tarefa219','2016-08-06 08:00','2016-08-06 17:00',8,'2016-08-06 08:00','2016-08-06 17:00',8,1,219),
	(320,320,2,1,6,'tarefa220','2016-08-07 08:00','2016-08-07 17:00',8,'2016-08-07 08:00','2016-08-07 17:00',8,1,220),
	(321,321,2,1,6,'tarefa221','2016-08-08 08:00','2016-08-08 17:00',8,'2016-08-08 08:00','2016-08-08 17:00',8,1,221),
	(322,322,2,1,6,'tarefa222','2016-08-09 08:00','2016-08-09 17:00',8,'2016-08-09 08:00','2016-08-09 17:00',8,1,222),
	(323,323,2,1,6,'tarefa223','2016-08-10 08:00','2016-08-10 17:00',8,'2016-08-10 08:00','2016-08-10 17:00',8,1,223),
	(324,324,2,1,6,'tarefa224','2016-08-11 08:00','2016-08-11 17:00',8,'2016-08-11 08:00','2016-08-11 17:00',8,1,224),
	(325,325,2,1,6,'tarefa225','2016-08-12 08:00','2016-08-12 17:00',8,'2016-08-12 08:00','2016-08-12 17:00',8,1,225),
	(326,326,2,1,6,'tarefa226','2016-08-13 08:00','2016-08-13 17:00',8,'2016-08-13 08:00','2016-08-13 17:00',8,1,226),
	(327,327,2,1,6,'tarefa227','2016-08-14 08:00','2016-08-14 17:00',8,'2016-08-14 08:00','2016-08-14 17:00',8,1,227),
	(328,328,2,1,6,'tarefa228','2016-08-15 08:00','2016-08-15 17:00',8,'2016-08-15 08:00','2016-08-15 17:00',8,1,228),
	(329,329,2,1,6,'tarefa229','2016-08-16 08:00','2016-08-16 17:00',8,'2016-08-16 08:00','2016-08-16 17:00',8,1,229),
	(330,330,2,1,6,'tarefa230','2016-08-17 08:00','2016-08-17 17:00',8,'2016-08-17 08:00','2016-08-17 17:00',8,1,230),
	(331,331,2,1,6,'tarefa231','2016-08-18 08:00','2016-08-18 17:00',8,'2016-08-18 08:00','2016-08-18 17:00',8,1,231),
	(332,332,2,1,6,'tarefa232','2016-08-19 08:00','2016-08-19 17:00',8,'2016-08-19 08:00','2016-08-19 17:00',8,1,232),
	(333,333,2,1,6,'tarefa233','2016-08-20 08:00','2016-08-20 17:00',8,'2016-08-20 08:00','2016-08-20 17:00',8,1,233),
	(334,334,2,1,6,'tarefa234','2016-08-21 08:00','2016-08-21 17:00',8,'2016-08-21 08:00','2016-08-21 17:00',8,1,234),
	(335,335,2,1,6,'tarefa235','2016-08-22 08:00','2016-08-22 17:00',8,'2016-08-22 08:00','2016-08-22 17:00',8,1,235),
	(336,336,2,1,6,'tarefa236','2016-08-23 08:00','2016-08-23 17:00',8,'2016-08-23 08:00','2016-08-23 17:00',8,1,236),
	(337,337,2,1,6,'tarefa237','2016-08-24 08:00','2016-08-24 17:00',8,'2016-08-24 08:00','2016-08-24 17:00',8,1,237),
	(338,338,2,1,6,'tarefa238','2016-08-25 08:00','2016-08-25 17:00',8,'2016-08-25 08:00','2016-08-25 17:00',8,1,238),
	(339,339,2,1,6,'tarefa239','2016-08-26 08:00','2016-08-26 17:00',8,'2016-08-26 08:00','2016-08-26 17:00',8,1,239),
	(340,340,2,1,6,'tarefa240','2016-08-27 08:00','2016-08-27 17:00',8,'2016-08-27 08:00','2016-08-27 17:00',8,1,240),
	(341,341,2,1,6,'tarefa241','2016-08-28 08:00','2016-08-28 17:00',8,'2016-08-28 08:00','2016-08-28 17:00',8,1,241),
	(342,342,2,1,6,'tarefa242','2016-08-29 08:00','2016-08-29 17:00',8,'2016-08-29 08:00','2016-08-29 17:00',8,1,242),
	(343,343,2,1,6,'tarefa243','2016-08-30 08:00','2016-08-30 17:00',8,'2016-08-30 08:00','2016-08-30 17:00',8,1,243),
	(344,344,2,1,6,'tarefa244','2016-08-31 08:00','2016-08-31 17:00',8,'2016-08-31 08:00','2016-08-31 17:00',8,1,244),
	(345,345,2,1,6,'tarefa245','2016-09-01 08:00','2016-09-01 17:00',8,'2016-09-01 08:00','2016-09-01 17:00',8,1,245),
	(346,346,2,1,6,'tarefa246','2016-09-02 08:00','2016-09-02 17:00',8,'2016-09-02 08:00','2016-09-02 17:00',8,1,246),
	(347,347,2,1,6,'tarefa247','2016-09-03 08:00','2016-09-03 17:00',8,'2016-09-03 08:00','2016-09-03 17:00',8,1,247),
	(348,348,2,1,6,'tarefa248','2016-09-04 08:00','2016-09-04 17:00',8,'2016-09-04 08:00','2016-09-04 17:00',8,1,248),
	(349,349,2,1,6,'tarefa249','2016-09-05 08:00','2016-09-05 17:00',8,'2016-09-05 08:00','2016-09-05 17:00',8,1,249),
	(350,350,2,1,6,'tarefa250','2016-09-06 08:00','2016-09-06 17:00',8,'2016-09-06 08:00','2016-09-06 17:00',8,1,250),
	(351,351,2,1,6,'tarefa251','2016-09-07 08:00','2016-09-07 17:00',8,'2016-09-07 08:00','2016-09-07 17:00',8,1,251),
	(352,352,2,1,6,'tarefa252','2016-09-08 08:00','2016-09-08 17:00',8,'2016-09-08 08:00','2016-09-08 17:00',8,1,252),
	(353,353,2,1,6,'tarefa253','2016-09-09 08:00','2016-09-09 17:00',8,'2016-09-09 08:00','2016-09-09 17:00',8,1,253),
	(354,354,2,1,6,'tarefa254','2016-09-10 08:00','2016-09-10 17:00',8,'2016-09-10 08:00','2016-09-10 17:00',8,1,254),
	(355,355,2,1,6,'tarefa255','2016-09-11 08:00','2016-09-11 17:00',8,'2016-09-11 08:00','2016-09-11 17:00',8,1,255),
	(356,356,2,1,6,'tarefa256','2016-09-12 08:00','2016-09-12 17:00',8,'2016-09-12 08:00','2016-09-12 17:00',8,1,256),
	(357,357,2,1,6,'tarefa257','2016-09-13 08:00','2016-09-13 17:00',8,'2016-09-13 08:00','2016-09-13 17:00',8,1,257),
	(358,358,2,1,6,'tarefa258','2016-09-14 08:00','2016-09-14 17:00',8,'2016-09-14 08:00','2016-09-14 17:00',8,1,258),
	(359,359,2,1,6,'tarefa259','2016-09-15 08:00','2016-09-15 17:00',8,'2016-09-15 08:00','2016-09-15 17:00',8,1,259),
	(360,360,2,1,6,'tarefa260','2016-09-16 08:00','2016-09-16 17:00',8,'2016-09-16 08:00','2016-09-16 17:00',8,1,260),
	(361,361,2,1,6,'tarefa261','2016-09-17 08:00','2016-09-17 17:00',8,'2016-09-17 08:00','2016-09-17 17:00',8,1,261),
	(362,362,2,1,6,'tarefa262','2016-09-18 08:00','2016-09-18 17:00',8,'2016-09-18 08:00','2016-09-18 17:00',8,1,262),
	(363,363,2,1,6,'tarefa263','2016-09-19 08:00','2016-09-19 17:00',8,'2016-09-19 08:00','2016-09-19 17:00',8,1,263),
	(364,364,2,1,6,'tarefa264','2016-09-20 08:00','2016-09-20 17:00',8,'2016-09-20 08:00','2016-09-20 17:00',8,1,264),
	(365,365,2,1,6,'tarefa265','2016-09-21 08:00','2016-09-21 17:00',8,'2016-09-21 08:00','2016-09-21 17:00',8,1,265),
	(366,366,2,1,6,'tarefa266','2016-09-22 08:00','2016-09-22 17:00',8,'2016-09-22 08:00','2016-09-22 17:00',8,1,266),
	(367,367,2,1,6,'tarefa267','2016-09-23 08:00','2016-09-23 17:00',8,'2016-09-23 08:00','2016-09-23 17:00',8,1,267),
	(368,368,2,1,6,'tarefa268','2016-09-24 08:00','2016-09-24 17:00',8,'2016-09-24 08:00','2016-09-24 17:00',8,1,268),
	(369,369,2,1,6,'tarefa269','2016-09-25 08:00','2016-09-25 17:00',8,'2016-09-25 08:00','2016-09-25 17:00',8,1,269),
	(370,370,2,1,6,'tarefa270','2016-09-26 08:00','2016-09-26 17:00',8,'2016-09-26 08:00','2016-09-26 17:00',8,1,270),
	(371,371,2,1,6,'tarefa271','2016-09-27 08:00','2016-09-27 17:00',8,'2016-09-27 08:00','2016-09-27 17:00',8,1,271),
	(372,372,2,1,6,'tarefa272','2016-09-28 08:00','2016-09-28 17:00',8,'2016-09-28 08:00','2016-09-28 17:00',8,1,272),
	(373,373,2,1,6,'tarefa273','2016-09-29 08:00','2016-09-29 17:00',8,'2016-09-29 08:00','2016-09-29 17:00',8,1,273),
	(374,374,2,1,6,'tarefa274','2016-09-30 08:00','2016-09-30 17:00',8,'2016-09-30 08:00','2016-09-30 17:00',8,1,274),
	(375,375,2,1,6,'tarefa275','2016-10-01 08:00','2016-10-01 17:00',8,'2016-10-01 08:00','2016-10-01 17:00',8,1,275),
	(376,376,2,1,6,'tarefa276','2016-10-02 08:00','2016-10-02 17:00',8,'2016-10-02 08:00','2016-10-02 17:00',8,1,276),
	(377,377,2,1,6,'tarefa277','2016-10-03 08:00','2016-10-03 17:00',8,'2016-10-03 08:00','2016-10-03 17:00',8,1,277),
	(378,378,2,1,6,'tarefa278','2016-10-04 08:00','2016-10-04 17:00',8,'2016-10-04 08:00','2016-10-04 17:00',8,1,278),
	(379,379,2,1,6,'tarefa279','2016-10-05 08:00','2016-10-05 17:00',8,'2016-10-05 08:00','2016-10-05 17:00',8,1,279),
	(380,380,2,1,6,'tarefa280','2016-10-06 08:00','2016-10-06 17:00',8,'2016-10-06 08:00','2016-10-06 17:00',8,1,280),
	(381,381,2,1,6,'tarefa281','2016-10-07 08:00','2016-10-07 17:00',8,'2016-10-07 08:00','2016-10-07 17:00',8,1,281),
	(382,382,2,1,6,'tarefa282','2016-10-08 08:00','2016-10-08 17:00',8,'2016-10-08 08:00','2016-10-08 17:00',8,1,282),
	(383,383,2,1,6,'tarefa283','2016-10-09 08:00','2016-10-09 17:00',8,'2016-10-09 08:00','2016-10-09 17:00',8,1,283),
	(384,384,2,1,6,'tarefa284','2016-10-10 08:00','2016-10-10 17:00',8,'2016-10-10 08:00','2016-10-10 17:00',8,1,284),
	(385,385,2,1,6,'tarefa285','2016-10-11 08:00','2016-10-11 17:00',8,'2016-10-11 08:00','2016-10-11 17:00',8,1,285),
	(386,386,2,1,6,'tarefa286','2016-10-12 08:00','2016-10-12 17:00',8,'2016-10-12 08:00','2016-10-12 17:00',8,1,286),
	(387,387,2,1,6,'tarefa287','2016-10-13 08:00','2016-10-13 17:00',8,'2016-10-13 08:00','2016-10-13 17:00',8,1,287),
	(388,388,2,1,6,'tarefa288','2016-10-14 08:00','2016-10-14 17:00',8,'2016-10-14 08:00','2016-10-14 17:00',8,1,288),
	(389,389,2,1,6,'tarefa289','2016-10-15 08:00','2016-10-15 17:00',8,'2016-10-15 08:00','2016-10-15 17:00',8,1,289),
	(390,390,2,1,6,'tarefa290','2016-10-16 08:00','2016-10-16 17:00',8,'2016-10-16 08:00','2016-10-16 17:00',8,1,290),
	(391,391,2,1,6,'tarefa291','2016-10-17 08:00','2016-10-17 17:00',8,'2016-10-17 08:00','2016-10-17 17:00',8,1,291),
	(392,392,2,1,6,'tarefa292','2016-10-18 08:00','2016-10-18 17:00',8,'2016-10-18 08:00','2016-10-18 17:00',8,1,292),
	(393,393,2,1,6,'tarefa293','2016-10-19 08:00','2016-10-19 17:00',8,'2016-10-19 08:00','2016-10-19 17:00',8,1,293),
	(394,394,2,1,6,'tarefa294','2016-10-20 08:00','2016-10-20 17:00',8,'2016-10-20 08:00','2016-10-20 17:00',8,1,294),
	(395,395,2,1,6,'tarefa295','2016-10-21 08:00','2016-10-21 17:00',8,'2016-10-21 08:00','2016-10-21 17:00',8,1,295),
	(396,396,2,1,6,'tarefa296','2016-10-22 08:00','2016-10-22 17:00',8,'2016-10-22 08:00','2016-10-22 17:00',8,1,296),
	(397,397,2,1,6,'tarefa297','2016-10-23 08:00','2016-10-23 17:00',8,'2016-10-23 08:00','2016-10-23 17:00',8,1,297),
	(398,398,2,1,6,'tarefa298','2016-10-24 08:00','2016-10-24 17:00',8,'2016-10-24 08:00','2016-10-24 17:00',8,1,298),
	(399,399,2,1,6,'tarefa299','2016-10-25 08:00','2016-10-25 17:00',8,'2016-10-25 08:00','2016-10-25 17:00',8,1,299),
	(400,400,2,1,6,'tarefa300','2016-10-26 08:00','2016-10-26 17:00',8,'2016-10-26 08:00','2016-10-26 17:00',8,1,300),
	(401,401,2,1,6,'tarefa301','2016-10-27 08:00','2016-10-27 17:00',8,'2016-10-27 08:00','2016-10-27 17:00',8,1,301),
	(402,402,2,1,6,'tarefa302','2016-10-28 08:00','2016-10-28 17:00',8,'2016-10-28 08:00','2016-10-28 17:00',8,1,302),
	(403,403,2,1,6,'tarefa303','2016-10-29 08:00','2016-10-29 17:00',8,'2016-10-29 08:00','2016-10-29 17:00',8,1,303),
	(404,404,2,1,6,'tarefa304','2016-10-30 08:00','2016-10-30 17:00',8,'2016-10-30 08:00','2016-10-30 17:00',8,1,304),
	(405,405,2,1,6,'tarefa305','2016-10-31 08:00','2016-10-31 17:00',8,'2016-10-31 08:00','2016-10-31 17:00',8,1,305),
	(406,406,2,1,6,'tarefa306','2016-11-01 08:00','2016-11-01 17:00',8,'2016-11-01 08:00','2016-11-01 17:00',8,1,306),
	(407,407,2,1,6,'tarefa307','2016-11-02 08:00','2016-11-02 17:00',8,'2016-11-02 08:00','2016-11-02 17:00',8,1,307),
	(408,408,2,1,6,'tarefa308','2016-11-03 08:00','2016-11-03 17:00',8,'2016-11-03 08:00','2016-11-03 17:00',8,1,308),
	(409,409,2,1,6,'tarefa309','2016-11-04 08:00','2016-11-04 17:00',8,'2016-11-04 08:00','2016-11-04 17:00',8,1,309),
	(410,410,2,1,6,'tarefa310','2016-11-05 08:00','2016-11-05 17:00',8,'2016-11-05 08:00','2016-11-05 17:00',8,1,310),
	(411,411,2,1,6,'tarefa311','2016-11-06 08:00','2016-11-06 17:00',8,'2016-11-06 08:00','2016-11-06 17:00',8,1,311),
	(412,412,2,1,6,'tarefa312','2016-11-07 08:00','2016-11-07 17:00',8,'2016-11-07 08:00','2016-11-07 17:00',8,1,312),
	(413,413,2,1,6,'tarefa313','2016-11-08 08:00','2016-11-08 17:00',8,'2016-11-08 08:00','2016-11-08 17:00',8,1,313),
	(414,414,2,1,6,'tarefa314','2016-11-09 08:00','2016-11-09 17:00',8,'2016-11-09 08:00','2016-11-09 17:00',8,1,314),
	(415,415,2,1,6,'tarefa315','2016-11-10 08:00','2016-11-10 17:00',8,'2016-11-10 08:00','2016-11-10 17:00',8,1,315),
	(416,416,2,1,6,'tarefa316','2016-11-11 08:00','2016-11-11 17:00',8,'2016-11-11 08:00','2016-11-11 17:00',8,1,316),
	(417,417,2,1,6,'tarefa317','2016-11-12 08:00','2016-11-12 17:00',8,'2016-11-12 08:00','2016-11-12 17:00',8,1,317),
	(418,418,2,1,6,'tarefa318','2016-11-13 08:00','2016-11-13 17:00',8,'2016-11-13 08:00','2016-11-13 17:00',8,1,318),
	(419,419,2,1,6,'tarefa319','2016-11-14 08:00','2016-11-14 17:00',8,'2016-11-14 08:00','2016-11-14 17:00',8,1,319),
	(420,420,2,1,6,'tarefa320','2016-11-15 08:00','2016-11-15 17:00',8,'2016-11-15 08:00','2016-11-15 17:00',8,1,320),
	(421,421,2,1,6,'tarefa321','2016-11-16 08:00','2016-11-16 17:00',8,'2016-11-16 08:00','2016-11-16 17:00',8,1,321),
	(422,422,2,1,6,'tarefa322','2016-11-17 08:00','2016-11-17 17:00',8,'2016-11-17 08:00','2016-11-17 17:00',8,1,322),
	(423,423,2,1,6,'tarefa323','2016-11-18 08:00','2016-11-18 17:00',8,'2016-11-18 08:00','2016-11-18 17:00',8,1,323),
	(424,424,2,1,6,'tarefa324','2016-11-19 08:00','2016-11-19 17:00',8,'2016-11-19 08:00','2016-11-19 17:00',8,1,324),
	(425,425,2,1,6,'tarefa325','2016-11-20 08:00','2016-11-20 17:00',8,'2016-11-20 08:00','2016-11-20 17:00',8,1,325),
	(426,426,2,1,6,'tarefa326','2016-11-21 08:00','2016-11-21 17:00',8,'2016-11-21 08:00','2016-11-21 17:00',8,1,326),
	(427,427,2,1,6,'tarefa327','2016-11-22 08:00','2016-11-22 17:00',8,'2016-11-22 08:00','2016-11-22 17:00',8,1,327),
	(428,428,2,1,6,'tarefa328','2016-11-23 08:00','2016-11-23 17:00',8,'2016-11-23 08:00','2016-11-23 17:00',8,1,328),
	(429,429,2,1,6,'tarefa329','2016-11-24 08:00','2016-11-24 17:00',8,'2016-11-24 08:00','2016-11-24 17:00',8,1,329),
	(430,430,2,1,6,'tarefa330','2016-11-25 08:00','2016-11-25 17:00',8,'2016-11-25 08:00','2016-11-25 17:00',8,1,330),
	(431,431,2,1,6,'tarefa331','2016-11-26 08:00','2016-11-26 17:00',8,'2016-11-26 08:00','2016-11-26 17:00',8,1,331),
	(432,432,2,1,6,'tarefa332','2016-11-27 08:00','2016-11-27 17:00',8,'2016-11-27 08:00','2016-11-27 17:00',8,1,332),
	(433,433,2,1,6,'tarefa333','2016-11-28 08:00','2016-11-28 17:00',8,'2016-11-28 08:00','2016-11-28 17:00',8,1,333),
	(434,434,2,1,6,'tarefa334','2016-11-29 08:00','2016-11-29 17:00',8,'2016-11-29 08:00','2016-11-29 17:00',8,1,334),
	(435,435,2,1,6,'tarefa335','2016-11-30 08:00','2016-11-30 17:00',8,'2016-11-30 08:00','2016-11-30 17:00',8,1,335),
	(436,436,2,1,6,'tarefa336','2016-12-01 08:00','2016-12-01 17:00',8,'2016-12-01 08:00','2016-12-01 17:00',8,1,336),
	(437,437,2,1,6,'tarefa337','2016-12-02 08:00','2016-12-02 17:00',8,'2016-12-02 08:00','2016-12-02 17:00',8,1,337),
	(438,438,2,1,6,'tarefa338','2016-12-03 08:00','2016-12-03 17:00',8,'2016-12-03 08:00','2016-12-03 17:00',8,1,338),
	(439,439,2,1,6,'tarefa339','2016-12-04 08:00','2016-12-04 17:00',8,'2016-12-04 08:00','2016-12-04 17:00',8,1,339),
	(440,440,2,1,6,'tarefa340','2016-12-05 08:00','2016-12-05 17:00',8,'2016-12-05 08:00','2016-12-05 17:00',8,1,340),
	(441,441,2,1,6,'tarefa341','2016-12-06 08:00','2016-12-06 17:00',8,'2016-12-06 08:00','2016-12-06 17:00',8,1,341),
	(442,442,2,1,6,'tarefa342','2016-12-07 08:00','2016-12-07 17:00',8,'2016-12-07 08:00','2016-12-07 17:00',8,1,342),
	(443,443,2,1,6,'tarefa343','2016-12-08 08:00','2016-12-08 17:00',8,'2016-12-08 08:00','2016-12-08 17:00',8,1,343),
	(444,444,2,1,6,'tarefa344','2016-12-09 08:00','2016-12-09 17:00',8,'2016-12-09 08:00','2016-12-09 17:00',8,1,344),
	(445,445,2,1,6,'tarefa345','2016-12-10 08:00','2016-12-10 17:00',8,'2016-12-10 08:00','2016-12-10 17:00',8,1,345),
	(446,446,2,1,6,'tarefa346','2016-12-11 08:00','2016-12-11 17:00',8,'2016-12-11 08:00','2016-12-11 17:00',8,1,346),
	(447,447,2,1,6,'tarefa347','2016-12-12 08:00','2016-12-12 17:00',8,'2016-12-12 08:00','2016-12-12 17:00',8,1,347),
	(448,448,2,1,6,'tarefa348','2016-12-13 08:00','2016-12-13 17:00',8,'2016-12-13 08:00','2016-12-13 17:00',8,1,348),
	(449,449,2,1,6,'tarefa349','2016-12-14 08:00','2016-12-14 17:00',8,'2016-12-14 08:00','2016-12-14 17:00',8,1,349),
	(450,450,2,1,6,'tarefa350','2016-12-15 08:00','2016-12-15 17:00',8,'2016-12-15 08:00','2016-12-15 17:00',8,1,350),
	(451,451,2,1,6,'tarefa351','2016-12-16 08:00','2016-12-16 17:00',8,'2016-12-16 08:00','2016-12-16 17:00',8,1,351),
	(452,452,2,1,6,'tarefa352','2016-12-17 08:00','2016-12-17 17:00',8,'2016-12-17 08:00','2016-12-17 17:00',8,1,352),
	(453,453,2,1,6,'tarefa353','2016-12-18 08:00','2016-12-18 17:00',8,'2016-12-18 08:00','2016-12-18 17:00',8,1,353),
	(454,454,2,1,6,'tarefa354','2016-12-19 08:00','2016-12-19 17:00',8,'2016-12-19 08:00','2016-12-19 17:00',8,1,354),
	(455,455,2,1,6,'tarefa355','2016-12-20 08:00','2016-12-20 17:00',8,'2016-12-20 08:00','2016-12-20 17:00',8,1,355),
	(456,456,2,1,6,'tarefa356','2016-12-21 08:00','2016-12-21 17:00',8,'2016-12-21 08:00','2016-12-21 17:00',8,1,356),
	(457,457,2,1,6,'tarefa357','2016-12-22 08:00','2016-12-22 17:00',8,'2016-12-22 08:00','2016-12-22 17:00',8,1,357),
	(458,458,2,1,6,'tarefa358','2016-12-23 08:00','2016-12-23 17:00',8,'2016-12-23 08:00','2016-12-23 17:00',8,1,358),
	(459,459,2,1,6,'tarefa359','2016-12-24 08:00','2016-12-24 17:00',8,'2016-12-24 08:00','2016-12-24 17:00',8,1,359),
	(460,460,2,1,6,'tarefa360','2016-12-25 08:00','2016-12-25 17:00',8,'2016-12-25 08:00','2016-12-25 17:00',8,1,360),
	(461,461,2,1,6,'tarefa361','2016-12-26 08:00','2016-12-26 17:00',8,'2016-12-26 08:00','2016-12-26 17:00',8,1,361),
	(462,462,2,1,6,'tarefa362','2016-12-27 08:00','2016-12-27 17:00',8,'2016-12-27 08:00','2016-12-27 17:00',8,1,362),
	(463,463,2,1,6,'tarefa363','2016-12-28 08:00','2016-12-28 17:00',8,'2016-12-28 08:00','2016-12-28 17:00',8,1,363),
	(464,464,2,1,6,'tarefa364','2016-12-29 08:00','2016-12-29 17:00',8,'2016-12-29 08:00','2016-12-29 17:00',8,1,364),
	(465,465,2,1,6,'tarefa365','2016-12-30 08:00','2016-12-30 17:00',8,'2016-12-30 08:00','2016-12-30 17:00',8,1,365),
	(466,466,2,1,6,'tarefa366','2016-12-31 08:00','2016-12-31 17:00',8,'2016-12-31 08:00','2016-12-31 17:00',8,1,366),
	(467,467,2,1,6,'tarefa367','2016-01-01 08:00','2016-01-01 17:00',8,'2016-01-01 08:00','2016-01-01 17:00',8,1,367),
	(468,468,2,1,6,'tarefa368','2016-01-02 08:00','2016-01-02 17:00',8,'2016-01-02 08:00','2016-01-02 17:00',8,1,368),
	(469,469,2,1,6,'tarefa369','2016-01-03 08:00','2016-01-03 17:00',8,'2016-01-03 08:00','2016-01-03 17:00',8,1,369),
	(470,470,2,1,6,'tarefa370','2016-01-04 08:00','2016-01-04 17:00',8,'2016-01-04 08:00','2016-01-04 17:00',8,1,370),
	(471,471,2,1,6,'tarefa371','2016-01-05 08:00','2016-01-05 17:00',8,'2016-01-05 08:00','2016-01-05 17:00',8,1,371),
	(472,472,2,1,6,'tarefa372','2016-01-06 08:00','2016-01-06 17:00',8,'2016-01-06 08:00','2016-01-06 17:00',8,1,372),
	(473,473,2,1,6,'tarefa373','2016-01-07 08:00','2016-01-07 17:00',8,'2016-01-07 08:00','2016-01-07 17:00',8,1,373),
	(474,474,2,1,6,'tarefa374','2016-01-08 08:00','2016-01-08 17:00',8,'2016-01-08 08:00','2016-01-08 17:00',8,1,374),
	(475,475,2,1,6,'tarefa375','2016-01-09 08:00','2016-01-09 17:00',8,'2016-01-09 08:00','2016-01-09 17:00',8,1,375),
	(476,476,2,1,6,'tarefa376','2016-01-10 08:00','2016-01-10 17:00',8,'2016-01-10 08:00','2016-01-10 17:00',8,1,376),
	(477,477,2,1,6,'tarefa377','2016-01-11 08:00','2016-01-11 17:00',8,'2016-01-11 08:00','2016-01-11 17:00',8,1,377),
	(478,478,2,1,6,'tarefa378','2016-01-12 08:00','2016-01-12 17:00',8,'2016-01-12 08:00','2016-01-12 17:00',8,1,378),
	(479,479,2,1,6,'tarefa379','2016-01-13 08:00','2016-01-13 17:00',8,'2016-01-13 08:00','2016-01-13 17:00',8,1,379),
	(480,480,2,1,6,'tarefa380','2016-01-14 08:00','2016-01-14 17:00',8,'2016-01-14 08:00','2016-01-14 17:00',8,1,380),
	(481,481,2,1,6,'tarefa381','2016-01-15 08:00','2016-01-15 17:00',8,'2016-01-15 08:00','2016-01-15 17:00',8,1,381),
	(482,482,2,1,6,'tarefa382','2016-01-16 08:00','2016-01-16 17:00',8,'2016-01-16 08:00','2016-01-16 17:00',8,1,382),
	(483,483,2,1,6,'tarefa383','2016-01-17 08:00','2016-01-17 17:00',8,'2016-01-17 08:00','2016-01-17 17:00',8,1,383),
	(484,484,2,1,6,'tarefa384','2016-01-18 08:00','2016-01-18 17:00',8,'2016-01-18 08:00','2016-01-18 17:00',8,1,384),
	(485,485,2,1,6,'tarefa385','2016-01-19 08:00','2016-01-19 17:00',8,'2016-01-19 08:00','2016-01-19 17:00',8,1,385),
	(486,486,2,1,6,'tarefa386','2016-01-20 08:00','2016-01-20 17:00',8,'2016-01-20 08:00','2016-01-20 17:00',8,1,386),
	(487,487,2,1,6,'tarefa387','2016-01-21 08:00','2016-01-21 17:00',8,'2016-01-21 08:00','2016-01-21 17:00',8,1,387),
	(488,488,2,1,6,'tarefa388','2016-01-22 08:00','2016-01-22 17:00',8,'2016-01-22 08:00','2016-01-22 17:00',8,1,388),
	(489,489,2,1,6,'tarefa389','2016-01-23 08:00','2016-01-23 17:00',8,'2016-01-23 08:00','2016-01-23 17:00',8,1,389),
	(490,490,2,1,6,'tarefa390','2016-01-24 08:00','2016-01-24 17:00',8,'2016-01-24 08:00','2016-01-24 17:00',8,1,390),
	(491,491,2,1,6,'tarefa391','2016-01-25 08:00','2016-01-25 17:00',8,'2016-01-25 08:00','2016-01-25 17:00',8,1,391),
	(492,492,2,1,6,'tarefa392','2016-01-26 08:00','2016-01-26 17:00',8,'2016-01-26 08:00','2016-01-26 17:00',8,1,392),
	(493,493,2,1,6,'tarefa393','2016-01-27 08:00','2016-01-27 17:00',8,'2016-01-27 08:00','2016-01-27 17:00',8,1,393),
	(494,494,2,1,6,'tarefa394','2016-01-28 08:00','2016-01-28 17:00',8,'2016-01-28 08:00','2016-01-28 17:00',8,1,394),
	(495,495,2,1,6,'tarefa395','2016-01-29 08:00','2016-01-29 17:00',8,'2016-01-29 08:00','2016-01-29 17:00',8,1,395),
	(496,496,2,1,6,'tarefa396','2016-01-30 08:00','2016-01-30 17:00',8,'2016-01-30 08:00','2016-01-30 17:00',8,1,396),
	(497,497,2,1,6,'tarefa397','2016-01-31 08:00','2016-01-31 17:00',8,'2016-01-31 08:00','2016-01-31 17:00',8,1,397),
	(498,498,2,1,6,'tarefa398','2016-02-01 08:00','2016-02-01 17:00',8,'2016-02-01 08:00','2016-02-01 17:00',8,1,398),
	(499,499,2,1,6,'tarefa399','2016-02-02 08:00','2016-02-02 17:00',8,'2016-02-02 08:00','2016-02-02 17:00',8,1,399),
	(500,500,2,1,6,'tarefa400','2016-02-03 08:00','2016-02-03 17:00',8,'2016-02-03 08:00','2016-02-03 17:00',8,1,400),
	(501,501,2,1,6,'tarefa401','2016-02-04 08:00','2016-02-04 17:00',8,'2016-02-04 08:00','2016-02-04 17:00',8,1,401),
	(502,502,2,1,6,'tarefa402','2016-02-05 08:00','2016-02-05 17:00',8,'2016-02-05 08:00','2016-02-05 17:00',8,1,402),
	(503,503,2,1,6,'tarefa403','2016-02-06 08:00','2016-02-06 17:00',8,'2016-02-06 08:00','2016-02-06 17:00',8,1,403),
	(504,504,2,1,6,'tarefa404','2016-02-07 08:00','2016-02-07 17:00',8,'2016-02-07 08:00','2016-02-07 17:00',8,1,404),
	(505,505,2,1,6,'tarefa405','2016-02-08 08:00','2016-02-08 17:00',8,'2016-02-08 08:00','2016-02-08 17:00',8,1,405),
	(506,506,2,1,6,'tarefa406','2016-02-09 08:00','2016-02-09 17:00',8,'2016-02-09 08:00','2016-02-09 17:00',8,1,406),
	(507,507,2,1,6,'tarefa407','2016-02-10 08:00','2016-02-10 17:00',8,'2016-02-10 08:00','2016-02-10 17:00',8,1,407),
	(508,508,2,1,6,'tarefa408','2016-02-11 08:00','2016-02-11 17:00',8,'2016-02-11 08:00','2016-02-11 17:00',8,1,408),
	(509,509,2,1,6,'tarefa409','2016-02-12 08:00','2016-02-12 17:00',8,'2016-02-12 08:00','2016-02-12 17:00',8,1,409),
	(510,510,2,1,6,'tarefa410','2016-02-13 08:00','2016-02-13 17:00',8,'2016-02-13 08:00','2016-02-13 17:00',8,1,410),
	(511,511,2,1,6,'tarefa411','2016-02-14 08:00','2016-02-14 17:00',8,'2016-02-14 08:00','2016-02-14 17:00',8,1,411),
	(512,512,2,1,6,'tarefa412','2016-02-15 08:00','2016-02-15 17:00',8,'2016-02-15 08:00','2016-02-15 17:00',8,1,412),
	(513,513,2,1,6,'tarefa413','2016-02-16 08:00','2016-02-16 17:00',8,'2016-02-16 08:00','2016-02-16 17:00',8,1,413),
	(514,514,2,1,6,'tarefa414','2016-02-17 08:00','2016-02-17 17:00',8,'2016-02-17 08:00','2016-02-17 17:00',8,1,414),
	(515,515,2,1,6,'tarefa415','2016-02-18 08:00','2016-02-18 17:00',8,'2016-02-18 08:00','2016-02-18 17:00',8,1,415),
	(516,516,2,1,6,'tarefa416','2016-02-19 08:00','2016-02-19 17:00',8,'2016-02-19 08:00','2016-02-19 17:00',8,1,416),
	(517,517,2,1,6,'tarefa417','2016-02-20 08:00','2016-02-20 17:00',8,'2016-02-20 08:00','2016-02-20 17:00',8,1,417),
	(518,518,2,1,6,'tarefa418','2016-02-21 08:00','2016-02-21 17:00',8,'2016-02-21 08:00','2016-02-21 17:00',8,1,418),
	(519,519,2,1,6,'tarefa419','2016-02-22 08:00','2016-02-22 17:00',8,'2016-02-22 08:00','2016-02-22 17:00',8,1,419),
	(520,520,2,1,6,'tarefa420','2016-02-23 08:00','2016-02-23 17:00',8,'2016-02-23 08:00','2016-02-23 17:00',8,1,420),
	(521,521,2,1,6,'tarefa421','2016-02-24 08:00','2016-02-24 17:00',8,'2016-02-24 08:00','2016-02-24 17:00',8,1,421),
	(522,522,2,1,6,'tarefa422','2016-02-25 08:00','2016-02-25 17:00',8,'2016-02-25 08:00','2016-02-25 17:00',8,1,422),
	(523,523,2,1,6,'tarefa423','2016-02-26 08:00','2016-02-26 17:00',8,'2016-02-26 08:00','2016-02-26 17:00',8,1,423),
	(524,524,2,1,6,'tarefa424','2016-02-27 08:00','2016-02-27 17:00',8,'2016-02-27 08:00','2016-02-27 17:00',8,1,424),
	(525,525,2,1,6,'tarefa425','2016-02-28 08:00','2016-02-28 17:00',8,'2016-02-28 08:00','2016-02-28 17:00',8,1,425),
	(526,526,2,1,6,'tarefa426','2016-03-01 08:00','2016-03-01 17:00',8,'2016-03-01 08:00','2016-03-01 17:00',8,1,426),
	(527,527,2,1,6,'tarefa427','2016-03-02 08:00','2016-03-02 17:00',8,'2016-03-02 08:00','2016-03-02 17:00',8,1,427),
	(528,528,2,1,6,'tarefa428','2016-03-03 08:00','2016-03-03 17:00',8,'2016-03-03 08:00','2016-03-03 17:00',8,1,428),
	(529,529,2,1,6,'tarefa429','2016-03-04 08:00','2016-03-04 17:00',8,'2016-03-04 08:00','2016-03-04 17:00',8,1,429),
	(530,530,2,1,6,'tarefa430','2016-03-05 08:00','2016-03-05 17:00',8,'2016-03-05 08:00','2016-03-05 17:00',8,1,430),
	(531,531,2,1,6,'tarefa431','2016-03-06 08:00','2016-03-06 17:00',8,'2016-03-06 08:00','2016-03-06 17:00',8,1,431),
	(532,532,2,1,6,'tarefa432','2016-03-07 08:00','2016-03-07 17:00',8,'2016-03-07 08:00','2016-03-07 17:00',8,1,432),
	(533,533,2,1,6,'tarefa433','2016-03-08 08:00','2016-03-08 17:00',8,'2016-03-08 08:00','2016-03-08 17:00',8,1,433),
	(534,534,2,1,6,'tarefa434','2016-03-09 08:00','2016-03-09 17:00',8,'2016-03-09 08:00','2016-03-09 17:00',8,1,434),
	(535,535,2,1,6,'tarefa435','2016-03-10 08:00','2016-03-10 17:00',8,'2016-03-10 08:00','2016-03-10 17:00',8,1,435),
	(536,536,2,1,6,'tarefa436','2016-03-11 08:00','2016-03-11 17:00',8,'2016-03-11 08:00','2016-03-11 17:00',8,1,436),
	(537,537,2,1,6,'tarefa437','2016-03-12 08:00','2016-03-12 17:00',8,'2016-03-12 08:00','2016-03-12 17:00',8,1,437),
	(538,538,2,1,6,'tarefa438','2016-03-13 08:00','2016-03-13 17:00',8,'2016-03-13 08:00','2016-03-13 17:00',8,1,438),
	(539,539,2,1,6,'tarefa439','2016-03-14 08:00','2016-03-14 17:00',8,'2016-03-14 08:00','2016-03-14 17:00',8,1,439),
	(540,540,2,1,6,'tarefa440','2016-03-15 08:00','2016-03-15 17:00',8,'2016-03-15 08:00','2016-03-15 17:00',8,1,440),
	(541,541,2,1,6,'tarefa441','2016-03-16 08:00','2016-03-16 17:00',8,'2016-03-16 08:00','2016-03-16 17:00',8,1,441),
	(542,542,2,1,6,'tarefa442','2016-03-17 08:00','2016-03-17 17:00',8,'2016-03-17 08:00','2016-03-17 17:00',8,1,442),
	(543,543,2,1,6,'tarefa443','2016-03-18 08:00','2016-03-18 17:00',8,'2016-03-18 08:00','2016-03-18 17:00',8,1,443),
	(544,544,2,1,6,'tarefa444','2016-03-19 08:00','2016-03-19 17:00',8,'2016-03-19 08:00','2016-03-19 17:00',8,1,444),
	(545,545,2,1,6,'tarefa445','2016-03-20 08:00','2016-03-20 17:00',8,'2016-03-20 08:00','2016-03-20 17:00',8,1,445),
	(546,546,2,1,6,'tarefa446','2016-03-21 08:00','2016-03-21 17:00',8,'2016-03-21 08:00','2016-03-21 17:00',8,1,446),
	(547,547,2,1,6,'tarefa447','2016-03-22 08:00','2016-03-22 17:00',8,'2016-03-22 08:00','2016-03-22 17:00',8,1,447),
	(548,548,2,1,6,'tarefa448','2016-03-23 08:00','2016-03-23 17:00',8,'2016-03-23 08:00','2016-03-23 17:00',8,1,448),
	(549,549,2,1,6,'tarefa449','2016-03-24 08:00','2016-03-24 17:00',8,'2016-03-24 08:00','2016-03-24 17:00',8,1,449),
	(550,550,2,1,6,'tarefa450','2016-03-25 08:00','2016-03-25 17:00',8,'2016-03-25 08:00','2016-03-25 17:00',8,1,450),
	(551,551,2,1,6,'tarefa451','2016-03-26 08:00','2016-03-26 17:00',8,'2016-03-26 08:00','2016-03-26 17:00',8,1,451),
	(552,552,2,1,6,'tarefa452','2016-03-27 08:00','2016-03-27 17:00',8,'2016-03-27 08:00','2016-03-27 17:00',8,1,452),
	(553,553,2,1,6,'tarefa453','2016-03-28 08:00','2016-03-28 17:00',8,'2016-03-28 08:00','2016-03-28 17:00',8,1,453),
	(554,554,2,1,6,'tarefa454','2016-03-29 08:00','2016-03-29 17:00',8,'2016-03-29 08:00','2016-03-29 17:00',8,1,454),
	(555,555,2,1,6,'tarefa455','2016-03-30 08:00','2016-03-30 17:00',8,'2016-03-30 08:00','2016-03-30 17:00',8,1,455),
	(556,556,2,1,6,'tarefa456','2016-03-31 08:00','2016-03-31 17:00',8,'2016-03-31 08:00','2016-03-31 17:00',8,1,456),
	(557,557,2,1,6,'tarefa457','2016-04-01 08:00','2016-04-01 17:00',8,'2016-04-01 08:00','2016-04-01 17:00',8,1,457),
	(558,558,2,1,6,'tarefa458','2016-04-02 08:00','2016-04-02 17:00',8,'2016-04-02 08:00','2016-04-02 17:00',8,1,458),
	(559,559,2,1,6,'tarefa459','2016-04-03 08:00','2016-04-03 17:00',8,'2016-04-03 08:00','2016-04-03 17:00',8,1,459),
	(560,560,2,1,6,'tarefa460','2016-04-04 08:00','2016-04-04 17:00',8,'2016-04-04 08:00','2016-04-04 17:00',8,1,460),
	(561,561,2,1,6,'tarefa461','2016-04-05 08:00','2016-04-05 17:00',8,'2016-04-05 08:00','2016-04-05 17:00',8,1,461),
	(562,562,2,1,6,'tarefa462','2016-04-06 08:00','2016-04-06 17:00',8,'2016-04-06 08:00','2016-04-06 17:00',8,1,462),
	(563,563,2,1,6,'tarefa463','2016-04-07 08:00','2016-04-07 17:00',8,'2016-04-07 08:00','2016-04-07 17:00',8,1,463),
	(564,564,2,1,6,'tarefa464','2016-04-08 08:00','2016-04-08 17:00',8,'2016-04-08 08:00','2016-04-08 17:00',8,1,464),
	(565,565,2,1,6,'tarefa465','2016-04-09 08:00','2016-04-09 17:00',8,'2016-04-09 08:00','2016-04-09 17:00',8,1,465),
	(566,566,2,1,6,'tarefa466','2016-04-10 08:00','2016-04-10 17:00',8,'2016-04-10 08:00','2016-04-10 17:00',8,1,466),
	(567,567,2,1,6,'tarefa467','2016-04-11 08:00','2016-04-11 17:00',8,'2016-04-11 08:00','2016-04-11 17:00',8,1,467),
	(568,568,2,1,6,'tarefa468','2016-04-12 08:00','2016-04-12 17:00',8,'2016-04-12 08:00','2016-04-12 17:00',8,1,468),
	(569,569,2,1,6,'tarefa469','2016-04-13 08:00','2016-04-13 17:00',8,'2016-04-13 08:00','2016-04-13 17:00',8,1,469),
	(570,570,2,1,6,'tarefa470','2016-04-14 08:00','2016-04-14 17:00',8,'2016-04-14 08:00','2016-04-14 17:00',8,1,470),
	(571,571,2,1,6,'tarefa471','2016-04-15 08:00','2016-04-15 17:00',8,'2016-04-15 08:00','2016-04-15 17:00',8,1,471),
	(572,572,2,1,6,'tarefa472','2016-04-16 08:00','2016-04-16 17:00',8,'2016-04-16 08:00','2016-04-16 17:00',8,1,472),
	(573,573,2,1,6,'tarefa473','2016-04-17 08:00','2016-04-17 17:00',8,'2016-04-17 08:00','2016-04-17 17:00',8,1,473),
	(574,574,2,1,6,'tarefa474','2016-04-18 08:00','2016-04-18 17:00',8,'2016-04-18 08:00','2016-04-18 17:00',8,1,474),
	(575,575,2,1,6,'tarefa475','2016-04-19 08:00','2016-04-19 17:00',8,'2016-04-19 08:00','2016-04-19 17:00',8,1,475),
	(576,576,2,1,6,'tarefa476','2016-04-20 08:00','2016-04-20 17:00',8,'2016-04-20 08:00','2016-04-20 17:00',8,1,476),
	(577,577,2,1,6,'tarefa477','2016-04-21 08:00','2016-04-21 17:00',8,'2016-04-21 08:00','2016-04-21 17:00',8,1,477),
	(578,578,2,1,6,'tarefa478','2016-04-22 08:00','2016-04-22 17:00',8,'2016-04-22 08:00','2016-04-22 17:00',8,1,478),
	(579,579,2,1,6,'tarefa479','2016-04-23 08:00','2016-04-23 17:00',8,'2016-04-23 08:00','2016-04-23 17:00',8,1,479),
	(580,580,2,1,6,'tarefa480','2016-04-24 08:00','2016-04-24 17:00',8,'2016-04-24 08:00','2016-04-24 17:00',8,1,480),
	(581,581,2,1,6,'tarefa481','2016-04-25 08:00','2016-04-25 17:00',8,'2016-04-25 08:00','2016-04-25 17:00',8,1,481),
	(582,582,2,1,6,'tarefa482','2016-04-26 08:00','2016-04-26 17:00',8,'2016-04-26 08:00','2016-04-26 17:00',8,1,482),
	(583,583,2,1,6,'tarefa483','2016-04-27 08:00','2016-04-27 17:00',8,'2016-04-27 08:00','2016-04-27 17:00',8,1,483),
	(584,584,2,1,6,'tarefa484','2016-04-28 08:00','2016-04-28 17:00',8,'2016-04-28 08:00','2016-04-28 17:00',8,1,484),
	(585,585,2,1,6,'tarefa485','2016-04-29 08:00','2016-04-29 17:00',8,'2016-04-29 08:00','2016-04-29 17:00',8,1,485),
	(586,586,2,1,6,'tarefa486','2016-04-30 08:00','2016-04-30 17:00',8,'2016-04-30 08:00','2016-04-30 17:00',8,1,486),
	(587,587,2,1,6,'tarefa487','2016-05-01 08:00','2016-05-01 17:00',8,'2016-05-01 08:00','2016-05-01 17:00',8,1,487),
	(588,588,2,1,6,'tarefa488','2016-05-02 08:00','2016-05-02 17:00',8,'2016-05-02 08:00','2016-05-02 17:00',8,1,488),
	(589,589,2,1,6,'tarefa489','2016-05-03 08:00','2016-05-03 17:00',8,'2016-05-03 08:00','2016-05-03 17:00',8,1,489),
	(590,590,2,1,6,'tarefa490','2016-05-04 08:00','2016-05-04 17:00',8,'2016-05-04 08:00','2016-05-04 17:00',8,1,490),
	(591,591,2,1,6,'tarefa491','2016-05-05 08:00','2016-05-05 17:00',8,'2016-05-05 08:00','2016-05-05 17:00',8,1,491),
	(592,592,2,1,6,'tarefa492','2016-05-06 08:00','2016-05-06 17:00',8,'2016-05-06 08:00','2016-05-06 17:00',8,1,492),
	(593,593,2,1,6,'tarefa493','2016-05-07 08:00','2016-05-07 17:00',8,'2016-05-07 08:00','2016-05-07 17:00',8,1,493),
	(594,594,2,1,6,'tarefa494','2016-05-08 08:00','2016-05-08 17:00',8,'2016-05-08 08:00','2016-05-08 17:00',8,1,494),
	(595,595,2,1,6,'tarefa495','2016-05-09 08:00','2016-05-09 17:00',8,'2016-05-09 08:00','2016-05-09 17:00',8,1,495),
	(596,596,2,1,6,'tarefa496','2016-05-10 08:00','2016-05-10 17:00',8,'2016-05-10 08:00','2016-05-10 17:00',8,1,496),
	(597,597,2,1,6,'tarefa497','2016-05-11 08:00','2016-05-11 17:00',8,'2016-05-11 08:00','2016-05-11 17:00',8,1,497),
	(598,598,2,1,6,'tarefa498','2016-05-12 08:00','2016-05-12 17:00',8,'2016-05-12 08:00','2016-05-12 17:00',8,1,498),
	(599,599,2,1,6,'tarefa499','2016-05-13 08:00','2016-05-13 17:00',8,'2016-05-13 08:00','2016-05-13 17:00',8,1,499),
	(600,600,2,1,6,'tarefa500','2016-05-14 08:00','2016-05-14 17:00',8,'2016-05-14 08:00','2016-05-14 17:00',8,1,500),
	(601,601,2,1,6,'tarefa501','2016-05-15 08:00','2016-05-15 17:00',8,'2016-05-15 08:00','2016-05-15 17:00',8,1,501),
	(602,602,2,1,6,'tarefa502','2016-05-16 08:00','2016-05-16 17:00',8,'2016-05-16 08:00','2016-05-16 17:00',8,1,502),
	(603,603,2,1,6,'tarefa503','2016-05-17 08:00','2016-05-17 17:00',8,'2016-05-17 08:00','2016-05-17 17:00',8,1,503),
	(604,604,2,1,6,'tarefa504','2016-05-18 08:00','2016-05-18 17:00',8,'2016-05-18 08:00','2016-05-18 17:00',8,1,504),
	(605,605,2,1,6,'tarefa505','2016-05-19 08:00','2016-05-19 17:00',8,'2016-05-19 08:00','2016-05-19 17:00',8,1,505),
	(606,606,2,1,6,'tarefa506','2016-05-20 08:00','2016-05-20 17:00',8,'2016-05-20 08:00','2016-05-20 17:00',8,1,506),
	(607,607,2,1,6,'tarefa507','2016-05-21 08:00','2016-05-21 17:00',8,'2016-05-21 08:00','2016-05-21 17:00',8,1,507),
	(608,608,2,1,6,'tarefa508','2016-05-22 08:00','2016-05-22 17:00',8,'2016-05-22 08:00','2016-05-22 17:00',8,1,508),
	(609,609,2,1,6,'tarefa509','2016-05-23 08:00','2016-05-23 17:00',8,'2016-05-23 08:00','2016-05-23 17:00',8,1,509),
	(610,610,2,1,6,'tarefa510','2016-05-24 08:00','2016-05-24 17:00',8,'2016-05-24 08:00','2016-05-24 17:00',8,1,510),
	(611,611,2,1,6,'tarefa511','2016-05-25 08:00','2016-05-25 17:00',8,'2016-05-25 08:00','2016-05-25 17:00',8,1,511),
	(612,612,2,1,6,'tarefa512','2016-05-26 08:00','2016-05-26 17:00',8,'2016-05-26 08:00','2016-05-26 17:00',8,1,512),
	(613,613,2,1,6,'tarefa513','2016-05-27 08:00','2016-05-27 17:00',8,'2016-05-27 08:00','2016-05-27 17:00',8,1,513),
	(614,614,2,1,6,'tarefa514','2016-05-28 08:00','2016-05-28 17:00',8,'2016-05-28 08:00','2016-05-28 17:00',8,1,514),
	(615,615,2,1,6,'tarefa515','2016-05-29 08:00','2016-05-29 17:00',8,'2016-05-29 08:00','2016-05-29 17:00',8,1,515),
	(616,616,2,1,6,'tarefa516','2016-05-30 08:00','2016-05-30 17:00',8,'2016-05-30 08:00','2016-05-30 17:00',8,1,516),
	(617,617,2,1,6,'tarefa517','2016-05-31 08:00','2016-05-31 17:00',8,'2016-05-31 08:00','2016-05-31 17:00',8,1,517),
	(618,618,2,1,6,'tarefa518','2016-06-01 08:00','2016-06-01 17:00',8,'2016-06-01 08:00','2016-06-01 17:00',8,1,518),
	(619,619,2,1,6,'tarefa519','2016-06-02 08:00','2016-06-02 17:00',8,'2016-06-02 08:00','2016-06-02 17:00',8,1,519),
	(620,620,2,1,6,'tarefa520','2016-06-03 08:00','2016-06-03 17:00',8,'2016-06-03 08:00','2016-06-03 17:00',8,1,520),
	(621,621,2,1,6,'tarefa521','2016-06-04 08:00','2016-06-04 17:00',8,'2016-06-04 08:00','2016-06-04 17:00',8,1,521),
	(622,622,2,1,6,'tarefa522','2016-06-05 08:00','2016-06-05 17:00',8,'2016-06-05 08:00','2016-06-05 17:00',8,1,522),
	(623,623,2,1,6,'tarefa523','2016-06-06 08:00','2016-06-06 17:00',8,'2016-06-06 08:00','2016-06-06 17:00',8,1,523),
	(624,624,2,1,6,'tarefa524','2016-06-07 08:00','2016-06-07 17:00',8,'2016-06-07 08:00','2016-06-07 17:00',8,1,524),
	(625,625,2,1,6,'tarefa525','2016-06-08 08:00','2016-06-08 17:00',8,'2016-06-08 08:00','2016-06-08 17:00',8,1,525),
	(626,626,2,1,6,'tarefa526','2016-06-09 08:00','2016-06-09 17:00',8,'2016-06-09 08:00','2016-06-09 17:00',8,1,526),
	(627,627,2,1,6,'tarefa527','2016-06-10 08:00','2016-06-10 17:00',8,'2016-06-10 08:00','2016-06-10 17:00',8,1,527),
	(628,628,2,1,6,'tarefa528','2016-06-11 08:00','2016-06-11 17:00',8,'2016-06-11 08:00','2016-06-11 17:00',8,1,528),
	(629,629,2,1,6,'tarefa529','2016-06-12 08:00','2016-06-12 17:00',8,'2016-06-12 08:00','2016-06-12 17:00',8,1,529),
	(630,630,2,1,6,'tarefa530','2016-06-13 08:00','2016-06-13 17:00',8,'2016-06-13 08:00','2016-06-13 17:00',8,1,530),
	(631,631,2,1,6,'tarefa531','2016-06-14 08:00','2016-06-14 17:00',8,'2016-06-14 08:00','2016-06-14 17:00',8,1,531),
	(632,632,2,1,6,'tarefa532','2016-06-15 08:00','2016-06-15 17:00',8,'2016-06-15 08:00','2016-06-15 17:00',8,1,532),
	(633,633,2,1,6,'tarefa533','2016-06-16 08:00','2016-06-16 17:00',8,'2016-06-16 08:00','2016-06-16 17:00',8,1,533),
	(634,634,2,1,6,'tarefa534','2016-06-17 08:00','2016-06-17 17:00',8,'2016-06-17 08:00','2016-06-17 17:00',8,1,534),
	(635,635,2,1,6,'tarefa535','2016-06-18 08:00','2016-06-18 17:00',8,'2016-06-18 08:00','2016-06-18 17:00',8,1,535),
	(636,636,2,1,6,'tarefa536','2016-06-19 08:00','2016-06-19 17:00',8,'2016-06-19 08:00','2016-06-19 17:00',8,1,536),
	(637,637,2,1,6,'tarefa537','2016-06-20 08:00','2016-06-20 17:00',8,'2016-06-20 08:00','2016-06-20 17:00',8,1,537),
	(638,638,2,1,6,'tarefa538','2016-06-21 08:00','2016-06-21 17:00',8,'2016-06-21 08:00','2016-06-21 17:00',8,1,538),
	(639,639,2,1,6,'tarefa539','2016-06-22 08:00','2016-06-22 17:00',8,'2016-06-22 08:00','2016-06-22 17:00',8,1,539),
	(640,640,2,1,6,'tarefa540','2016-06-23 08:00','2016-06-23 17:00',8,'2016-06-23 08:00','2016-06-23 17:00',8,1,540),
	(641,641,2,1,6,'tarefa541','2016-06-24 08:00','2016-06-24 17:00',8,'2016-06-24 08:00','2016-06-24 17:00',8,1,541),
	(642,642,2,1,6,'tarefa542','2016-06-25 08:00','2016-06-25 17:00',8,'2016-06-25 08:00','2016-06-25 17:00',8,1,542),
	(643,643,2,1,6,'tarefa543','2016-06-26 08:00','2016-06-26 17:00',8,'2016-06-26 08:00','2016-06-26 17:00',8,1,543),
	(644,644,2,1,6,'tarefa544','2016-06-27 08:00','2016-06-27 17:00',8,'2016-06-27 08:00','2016-06-27 17:00',8,1,544),
	(645,645,2,1,6,'tarefa545','2016-06-28 08:00','2016-06-28 17:00',8,'2016-06-28 08:00','2016-06-28 17:00',8,1,545),
	(646,646,2,1,6,'tarefa546','2016-06-29 08:00','2016-06-29 17:00',8,'2016-06-29 08:00','2016-06-29 17:00',8,1,546),
	(647,647,2,1,6,'tarefa547','2016-06-30 08:00','2016-06-30 17:00',8,'2016-06-30 08:00','2016-06-30 17:00',8,1,547),
	(648,648,2,1,6,'tarefa548','2016-07-01 08:00','2016-07-01 17:00',8,'2016-07-01 08:00','2016-07-01 17:00',8,1,548),
	(649,649,2,1,6,'tarefa549','2016-07-02 08:00','2016-07-02 17:00',8,'2016-07-02 08:00','2016-07-02 17:00',8,1,549),
	(650,650,2,1,6,'tarefa550','2016-07-03 08:00','2016-07-03 17:00',8,'2016-07-03 08:00','2016-07-03 17:00',8,1,550),
	(651,651,2,1,6,'tarefa551','2016-07-04 08:00','2016-07-04 17:00',8,'2016-07-04 08:00','2016-07-04 17:00',8,1,551),
	(652,652,2,1,6,'tarefa552','2016-07-05 08:00','2016-07-05 17:00',8,'2016-07-05 08:00','2016-07-05 17:00',8,1,552),
	(653,653,2,1,6,'tarefa553','2016-07-06 08:00','2016-07-06 17:00',8,'2016-07-06 08:00','2016-07-06 17:00',8,1,553),
	(654,654,2,1,6,'tarefa554','2016-07-07 08:00','2016-07-07 17:00',8,'2016-07-07 08:00','2016-07-07 17:00',8,1,554),
	(655,655,2,1,6,'tarefa555','2016-07-08 08:00','2016-07-08 17:00',8,'2016-07-08 08:00','2016-07-08 17:00',8,1,555),
	(656,656,2,1,6,'tarefa556','2016-07-09 08:00','2016-07-09 17:00',8,'2016-07-09 08:00','2016-07-09 17:00',8,1,556),
	(657,657,2,1,6,'tarefa557','2016-07-10 08:00','2016-07-10 17:00',8,'2016-07-10 08:00','2016-07-10 17:00',8,1,557),
	(658,658,2,1,6,'tarefa558','2016-07-11 08:00','2016-07-11 17:00',8,'2016-07-11 08:00','2016-07-11 17:00',8,1,558),
	(659,659,2,1,6,'tarefa559','2016-07-12 08:00','2016-07-12 17:00',8,'2016-07-12 08:00','2016-07-12 17:00',8,1,559),
	(660,660,2,1,6,'tarefa560','2016-07-13 08:00','2016-07-13 17:00',8,'2016-07-13 08:00','2016-07-13 17:00',8,1,560),
	(661,661,2,1,6,'tarefa561','2016-07-14 08:00','2016-07-14 17:00',8,'2016-07-14 08:00','2016-07-14 17:00',8,1,561),
	(662,662,2,1,6,'tarefa562','2016-07-15 08:00','2016-07-15 17:00',8,'2016-07-15 08:00','2016-07-15 17:00',8,1,562),
	(663,663,2,1,6,'tarefa563','2016-07-16 08:00','2016-07-16 17:00',8,'2016-07-16 08:00','2016-07-16 17:00',8,1,563),
	(664,664,2,1,6,'tarefa564','2016-07-17 08:00','2016-07-17 17:00',8,'2016-07-17 08:00','2016-07-17 17:00',8,1,564),
	(665,665,2,1,6,'tarefa565','2016-07-18 08:00','2016-07-18 17:00',8,'2016-07-18 08:00','2016-07-18 17:00',8,1,565),
	(666,666,2,1,6,'tarefa566','2016-07-19 08:00','2016-07-19 17:00',8,'2016-07-19 08:00','2016-07-19 17:00',8,1,566),
	(667,667,2,1,6,'tarefa567','2016-07-20 08:00','2016-07-20 17:00',8,'2016-07-20 08:00','2016-07-20 17:00',8,1,567),
	(668,668,2,1,6,'tarefa568','2016-07-21 08:00','2016-07-21 17:00',8,'2016-07-21 08:00','2016-07-21 17:00',8,1,568),
	(669,669,2,1,6,'tarefa569','2016-07-22 08:00','2016-07-22 17:00',8,'2016-07-22 08:00','2016-07-22 17:00',8,1,569),
	(670,670,2,1,6,'tarefa570','2016-07-23 08:00','2016-07-23 17:00',8,'2016-07-23 08:00','2016-07-23 17:00',8,1,570),
	(671,671,2,1,6,'tarefa571','2016-07-24 08:00','2016-07-24 17:00',8,'2016-07-24 08:00','2016-07-24 17:00',8,1,571),
	(672,672,2,1,6,'tarefa572','2016-07-25 08:00','2016-07-25 17:00',8,'2016-07-25 08:00','2016-07-25 17:00',8,1,572),
	(673,673,2,1,6,'tarefa573','2016-07-26 08:00','2016-07-26 17:00',8,'2016-07-26 08:00','2016-07-26 17:00',8,1,573),
	(674,674,2,1,6,'tarefa574','2016-07-27 08:00','2016-07-27 17:00',8,'2016-07-27 08:00','2016-07-27 17:00',8,1,574),
	(675,675,2,1,6,'tarefa575','2016-07-28 08:00','2016-07-28 17:00',8,'2016-07-28 08:00','2016-07-28 17:00',8,1,575),
	(676,676,2,1,6,'tarefa576','2016-07-29 08:00','2016-07-29 17:00',8,'2016-07-29 08:00','2016-07-29 17:00',8,1,576),
	(677,677,2,1,6,'tarefa577','2016-07-30 08:00','2016-07-30 17:00',8,'2016-07-30 08:00','2016-07-30 17:00',8,1,577),
	(678,678,2,1,6,'tarefa578','2016-07-31 08:00','2016-07-31 17:00',8,'2016-07-31 08:00','2016-07-31 17:00',8,1,578),
	(679,679,2,1,6,'tarefa579','2016-08-01 08:00','2016-08-01 17:00',8,'2016-08-01 08:00','2016-08-01 17:00',8,1,579),
	(680,680,2,1,6,'tarefa580','2016-08-02 08:00','2016-08-02 17:00',8,'2016-08-02 08:00','2016-08-02 17:00',8,1,580),
	(681,681,2,1,6,'tarefa581','2016-08-03 08:00','2016-08-03 17:00',8,'2016-08-03 08:00','2016-08-03 17:00',8,1,581),
	(682,682,2,1,6,'tarefa582','2016-08-04 08:00','2016-08-04 17:00',8,'2016-08-04 08:00','2016-08-04 17:00',8,1,582),
	(683,683,2,1,6,'tarefa583','2016-08-05 08:00','2016-08-05 17:00',8,'2016-08-05 08:00','2016-08-05 17:00',8,1,583),
	(684,684,2,1,6,'tarefa584','2016-08-06 08:00','2016-08-06 17:00',8,'2016-08-06 08:00','2016-08-06 17:00',8,1,584),
	(685,685,2,1,6,'tarefa585','2016-08-07 08:00','2016-08-07 17:00',8,'2016-08-07 08:00','2016-08-07 17:00',8,1,585),
	(686,686,2,1,6,'tarefa586','2016-08-08 08:00','2016-08-08 17:00',8,'2016-08-08 08:00','2016-08-08 17:00',8,1,586),
	(687,687,2,1,6,'tarefa587','2016-08-09 08:00','2016-08-09 17:00',8,'2016-08-09 08:00','2016-08-09 17:00',8,1,587),
	(688,688,2,1,6,'tarefa588','2016-08-10 08:00','2016-08-10 17:00',8,'2016-08-10 08:00','2016-08-10 17:00',8,1,588),
	(689,689,2,1,6,'tarefa589','2016-08-11 08:00','2016-08-11 17:00',8,'2016-08-11 08:00','2016-08-11 17:00',8,1,589),
	(690,690,2,1,6,'tarefa590','2016-08-12 08:00','2016-08-12 17:00',8,'2016-08-12 08:00','2016-08-12 17:00',8,1,590),
	(691,691,2,1,6,'tarefa591','2016-08-13 08:00','2016-08-13 17:00',8,'2016-08-13 08:00','2016-08-13 17:00',8,1,591),
	(692,692,2,1,6,'tarefa592','2016-08-14 08:00','2016-08-14 17:00',8,'2016-08-14 08:00','2016-08-14 17:00',8,1,592),
	(693,693,2,1,6,'tarefa593','2016-08-15 08:00','2016-08-15 17:00',8,'2016-08-15 08:00','2016-08-15 17:00',8,1,593),
	(694,694,2,1,6,'tarefa594','2016-08-16 08:00','2016-08-16 17:00',8,'2016-08-16 08:00','2016-08-16 17:00',8,1,594),
	(695,695,2,1,6,'tarefa595','2016-08-17 08:00','2016-08-17 17:00',8,'2016-08-17 08:00','2016-08-17 17:00',8,1,595),
	(696,696,2,1,6,'tarefa596','2016-08-18 08:00','2016-08-18 17:00',8,'2016-08-18 08:00','2016-08-18 17:00',8,1,596),
	(697,697,2,1,6,'tarefa597','2016-08-19 08:00','2016-08-19 17:00',8,'2016-08-19 08:00','2016-08-19 17:00',8,1,597),
	(698,698,2,1,6,'tarefa598','2016-08-20 08:00','2016-08-20 17:00',8,'2016-08-20 08:00','2016-08-20 17:00',8,1,598),
	(699,699,2,1,6,'tarefa599','2016-08-21 08:00','2016-08-21 17:00',8,'2016-08-21 08:00','2016-08-21 17:00',8,1,599),
	(700,700,2,1,6,'tarefa600','2016-08-22 08:00','2016-08-22 17:00',8,'2016-08-22 08:00','2016-08-22 17:00',8,1,600),
	(701,701,2,1,6,'tarefa601','2016-08-23 08:00','2016-08-23 17:00',8,'2016-08-23 08:00','2016-08-23 17:00',8,1,601),
	(702,702,2,1,6,'tarefa602','2016-08-24 08:00','2016-08-24 17:00',8,'2016-08-24 08:00','2016-08-24 17:00',8,1,602),
	(703,703,2,1,6,'tarefa603','2016-08-25 08:00','2016-08-25 17:00',8,'2016-08-25 08:00','2016-08-25 17:00',8,1,603),
	(704,704,2,1,6,'tarefa604','2016-08-26 08:00','2016-08-26 17:00',8,'2016-08-26 08:00','2016-08-26 17:00',8,1,604),
	(705,705,2,1,6,'tarefa605','2016-08-27 08:00','2016-08-27 17:00',8,'2016-08-27 08:00','2016-08-27 17:00',8,1,605),
	(706,706,2,1,6,'tarefa606','2016-08-28 08:00','2016-08-28 17:00',8,'2016-08-28 08:00','2016-08-28 17:00',8,1,606),
	(707,707,2,1,6,'tarefa607','2016-08-29 08:00','2016-08-29 17:00',8,'2016-08-29 08:00','2016-08-29 17:00',8,1,607),
	(708,708,2,1,6,'tarefa608','2016-08-30 08:00','2016-08-30 17:00',8,'2016-08-30 08:00','2016-08-30 17:00',8,1,608),
	(709,709,2,1,6,'tarefa609','2016-08-31 08:00','2016-08-31 17:00',8,'2016-08-31 08:00','2016-08-31 17:00',8,1,609),
	(710,710,2,1,6,'tarefa610','2016-09-01 08:00','2016-09-01 17:00',8,'2016-09-01 08:00','2016-09-01 17:00',8,1,610),
	(711,711,2,1,6,'tarefa611','2016-09-02 08:00','2016-09-02 17:00',8,'2016-09-02 08:00','2016-09-02 17:00',8,1,611),
	(712,712,2,1,6,'tarefa612','2016-09-03 08:00','2016-09-03 17:00',8,'2016-09-03 08:00','2016-09-03 17:00',8,1,612),
	(713,713,2,1,6,'tarefa613','2016-09-04 08:00','2016-09-04 17:00',8,'2016-09-04 08:00','2016-09-04 17:00',8,1,613),
	(714,714,2,1,6,'tarefa614','2016-09-05 08:00','2016-09-05 17:00',8,'2016-09-05 08:00','2016-09-05 17:00',8,1,614),
	(715,715,2,1,6,'tarefa615','2016-09-06 08:00','2016-09-06 17:00',8,'2016-09-06 08:00','2016-09-06 17:00',8,1,615),
	(716,716,2,1,6,'tarefa616','2016-09-07 08:00','2016-09-07 17:00',8,'2016-09-07 08:00','2016-09-07 17:00',8,1,616),
	(717,717,2,1,6,'tarefa617','2016-09-08 08:00','2016-09-08 17:00',8,'2016-09-08 08:00','2016-09-08 17:00',8,1,617),
	(718,718,2,1,6,'tarefa618','2016-09-09 08:00','2016-09-09 17:00',8,'2016-09-09 08:00','2016-09-09 17:00',8,1,618),
	(719,719,2,1,6,'tarefa619','2016-09-10 08:00','2016-09-10 17:00',8,'2016-09-10 08:00','2016-09-10 17:00',8,1,619),
	(720,720,2,1,6,'tarefa620','2016-09-11 08:00','2016-09-11 17:00',8,'2016-09-11 08:00','2016-09-11 17:00',8,1,620),
	(721,721,2,1,6,'tarefa621','2016-09-12 08:00','2016-09-12 17:00',8,'2016-09-12 08:00','2016-09-12 17:00',8,1,621),
	(722,722,2,1,6,'tarefa622','2016-09-13 08:00','2016-09-13 17:00',8,'2016-09-13 08:00','2016-09-13 17:00',8,1,622),
	(723,723,2,1,6,'tarefa623','2016-09-14 08:00','2016-09-14 17:00',8,'2016-09-14 08:00','2016-09-14 17:00',8,1,623),
	(724,724,2,1,6,'tarefa624','2016-09-15 08:00','2016-09-15 17:00',8,'2016-09-15 08:00','2016-09-15 17:00',8,1,624),
	(725,725,2,1,6,'tarefa625','2016-09-16 08:00','2016-09-16 17:00',8,'2016-09-16 08:00','2016-09-16 17:00',8,1,625),
	(726,726,2,1,6,'tarefa626','2016-09-17 08:00','2016-09-17 17:00',8,'2016-09-17 08:00','2016-09-17 17:00',8,1,626),
	(727,727,2,1,6,'tarefa627','2016-09-18 08:00','2016-09-18 17:00',8,'2016-09-18 08:00','2016-09-18 17:00',8,1,627),
	(728,728,2,1,6,'tarefa628','2016-09-19 08:00','2016-09-19 17:00',8,'2016-09-19 08:00','2016-09-19 17:00',8,1,628),
	(729,729,2,1,6,'tarefa629','2016-09-20 08:00','2016-09-20 17:00',8,'2016-09-20 08:00','2016-09-20 17:00',8,1,629),
	(730,730,2,1,6,'tarefa630','2016-09-21 08:00','2016-09-21 17:00',8,'2016-09-21 08:00','2016-09-21 17:00',8,1,630),
	(731,731,2,1,6,'tarefa631','2016-09-22 08:00','2016-09-22 17:00',8,'2016-09-22 08:00','2016-09-22 17:00',8,1,631),
	(732,732,2,1,6,'tarefa632','2016-09-23 08:00','2016-09-23 17:00',8,'2016-09-23 08:00','2016-09-23 17:00',8,1,632),
	(733,733,2,1,6,'tarefa633','2016-09-24 08:00','2016-09-24 17:00',8,'2016-09-24 08:00','2016-09-24 17:00',8,1,633),
	(734,734,2,1,6,'tarefa634','2016-09-25 08:00','2016-09-25 17:00',8,'2016-09-25 08:00','2016-09-25 17:00',8,1,634),
	(735,735,2,1,6,'tarefa635','2016-09-26 08:00','2016-09-26 17:00',8,'2016-09-26 08:00','2016-09-26 17:00',8,1,635),
	(736,736,2,1,6,'tarefa636','2016-09-27 08:00','2016-09-27 17:00',8,'2016-09-27 08:00','2016-09-27 17:00',8,1,636),
	(737,737,2,1,6,'tarefa637','2016-09-28 08:00','2016-09-28 17:00',8,'2016-09-28 08:00','2016-09-28 17:00',8,1,637),
	(738,738,2,1,6,'tarefa638','2016-09-29 08:00','2016-09-29 17:00',8,'2016-09-29 08:00','2016-09-29 17:00',8,1,638),
	(739,739,2,1,6,'tarefa639','2016-09-30 08:00','2016-09-30 17:00',8,'2016-09-30 08:00','2016-09-30 17:00',8,1,639),
	(740,740,2,1,6,'tarefa640','2016-10-01 08:00','2016-10-01 17:00',8,'2016-10-01 08:00','2016-10-01 17:00',8,1,640),
	(741,741,2,1,6,'tarefa641','2016-10-02 08:00','2016-10-02 17:00',8,'2016-10-02 08:00','2016-10-02 17:00',8,1,641),
	(742,742,2,1,6,'tarefa642','2016-10-03 08:00','2016-10-03 17:00',8,'2016-10-03 08:00','2016-10-03 17:00',8,1,642),
	(743,743,2,1,6,'tarefa643','2016-10-04 08:00','2016-10-04 17:00',8,'2016-10-04 08:00','2016-10-04 17:00',8,1,643),
	(744,744,2,1,6,'tarefa644','2016-10-05 08:00','2016-10-05 17:00',8,'2016-10-05 08:00','2016-10-05 17:00',8,1,644),
	(745,745,2,1,6,'tarefa645','2016-10-06 08:00','2016-10-06 17:00',8,'2016-10-06 08:00','2016-10-06 17:00',8,1,645),
	(746,746,2,1,6,'tarefa646','2016-10-07 08:00','2016-10-07 17:00',8,'2016-10-07 08:00','2016-10-07 17:00',8,1,646),
	(747,747,2,1,6,'tarefa647','2016-10-08 08:00','2016-10-08 17:00',8,'2016-10-08 08:00','2016-10-08 17:00',8,1,647),
	(748,748,2,1,6,'tarefa648','2016-10-09 08:00','2016-10-09 17:00',8,'2016-10-09 08:00','2016-10-09 17:00',8,1,648),
	(749,749,2,1,6,'tarefa649','2016-10-10 08:00','2016-10-10 17:00',8,'2016-10-10 08:00','2016-10-10 17:00',8,1,649),
	(750,750,2,1,6,'tarefa650','2016-10-11 08:00','2016-10-11 17:00',8,'2016-10-11 08:00','2016-10-11 17:00',8,1,650),
	(751,751,2,1,6,'tarefa651','2016-10-12 08:00','2016-10-12 17:00',8,'2016-10-12 08:00','2016-10-12 17:00',8,1,651),
	(752,752,2,1,6,'tarefa652','2016-10-13 08:00','2016-10-13 17:00',8,'2016-10-13 08:00','2016-10-13 17:00',8,1,652),
	(753,753,2,1,6,'tarefa653','2016-10-14 08:00','2016-10-14 17:00',8,'2016-10-14 08:00','2016-10-14 17:00',8,1,653),
	(754,754,2,1,6,'tarefa654','2016-10-15 08:00','2016-10-15 17:00',8,'2016-10-15 08:00','2016-10-15 17:00',8,1,654),
	(755,755,2,1,6,'tarefa655','2016-10-16 08:00','2016-10-16 17:00',8,'2016-10-16 08:00','2016-10-16 17:00',8,1,655),
	(756,756,2,1,6,'tarefa656','2016-10-17 08:00','2016-10-17 17:00',8,'2016-10-17 08:00','2016-10-17 17:00',8,1,656),
	(757,757,2,1,6,'tarefa657','2016-10-18 08:00','2016-10-18 17:00',8,'2016-10-18 08:00','2016-10-18 17:00',8,1,657),
	(758,758,2,1,6,'tarefa658','2016-10-19 08:00','2016-10-19 17:00',8,'2016-10-19 08:00','2016-10-19 17:00',8,1,658),
	(759,759,2,1,6,'tarefa659','2016-10-20 08:00','2016-10-20 17:00',8,'2016-10-20 08:00','2016-10-20 17:00',8,1,659),
	(760,760,2,1,6,'tarefa660','2016-10-21 08:00','2016-10-21 17:00',8,'2016-10-21 08:00','2016-10-21 17:00',8,1,660),
	(761,761,2,1,6,'tarefa661','2016-10-22 08:00','2016-10-22 17:00',8,'2016-10-22 08:00','2016-10-22 17:00',8,1,661),
	(762,762,2,1,6,'tarefa662','2016-10-23 08:00','2016-10-23 17:00',8,'2016-10-23 08:00','2016-10-23 17:00',8,1,662),
	(763,763,2,1,6,'tarefa663','2016-10-24 08:00','2016-10-24 17:00',8,'2016-10-24 08:00','2016-10-24 17:00',8,1,663),
	(764,764,2,1,6,'tarefa664','2016-10-25 08:00','2016-10-25 17:00',8,'2016-10-25 08:00','2016-10-25 17:00',8,1,664),
	(765,765,2,1,6,'tarefa665','2016-10-26 08:00','2016-10-26 17:00',8,'2016-10-26 08:00','2016-10-26 17:00',8,1,665),
	(766,766,2,1,6,'tarefa666','2016-10-27 08:00','2016-10-27 17:00',8,'2016-10-27 08:00','2016-10-27 17:00',8,1,666),
	(767,767,2,1,6,'tarefa667','2016-10-28 08:00','2016-10-28 17:00',8,'2016-10-28 08:00','2016-10-28 17:00',8,1,667),
	(768,768,2,1,6,'tarefa668','2016-10-29 08:00','2016-10-29 17:00',8,'2016-10-29 08:00','2016-10-29 17:00',8,1,668),
	(769,769,2,1,6,'tarefa669','2016-10-30 08:00','2016-10-30 17:00',8,'2016-10-30 08:00','2016-10-30 17:00',8,1,669),
	(770,770,2,1,6,'tarefa670','2016-10-31 08:00','2016-10-31 17:00',8,'2016-10-31 08:00','2016-10-31 17:00',8,1,670),
	(771,771,2,1,6,'tarefa671','2016-11-01 08:00','2016-11-01 17:00',8,'2016-11-01 08:00','2016-11-01 17:00',8,1,671),
	(772,772,2,1,6,'tarefa672','2016-11-02 08:00','2016-11-02 17:00',8,'2016-11-02 08:00','2016-11-02 17:00',8,1,672),
	(773,773,2,1,6,'tarefa673','2016-11-03 08:00','2016-11-03 17:00',8,'2016-11-03 08:00','2016-11-03 17:00',8,1,673),
	(774,774,2,1,6,'tarefa674','2016-11-04 08:00','2016-11-04 17:00',8,'2016-11-04 08:00','2016-11-04 17:00',8,1,674),
	(775,775,2,1,6,'tarefa675','2016-11-05 08:00','2016-11-05 17:00',8,'2016-11-05 08:00','2016-11-05 17:00',8,1,675),
	(776,776,2,1,6,'tarefa676','2016-11-06 08:00','2016-11-06 17:00',8,'2016-11-06 08:00','2016-11-06 17:00',8,1,676),
	(777,777,2,1,6,'tarefa677','2016-11-07 08:00','2016-11-07 17:00',8,'2016-11-07 08:00','2016-11-07 17:00',8,1,677),
	(778,778,2,1,6,'tarefa678','2016-11-08 08:00','2016-11-08 17:00',8,'2016-11-08 08:00','2016-11-08 17:00',8,1,678),
	(779,779,2,1,6,'tarefa679','2016-11-09 08:00','2016-11-09 17:00',8,'2016-11-09 08:00','2016-11-09 17:00',8,1,679),
	(780,780,2,1,6,'tarefa680','2016-11-10 08:00','2016-11-10 17:00',8,'2016-11-10 08:00','2016-11-10 17:00',8,1,680),
	(781,781,2,1,6,'tarefa681','2016-11-11 08:00','2016-11-11 17:00',8,'2016-11-11 08:00','2016-11-11 17:00',8,1,681),
	(782,782,2,1,6,'tarefa682','2016-11-12 08:00','2016-11-12 17:00',8,'2016-11-12 08:00','2016-11-12 17:00',8,1,682),
	(783,783,2,1,6,'tarefa683','2016-11-13 08:00','2016-11-13 17:00',8,'2016-11-13 08:00','2016-11-13 17:00',8,1,683),
	(784,784,2,1,6,'tarefa684','2016-11-14 08:00','2016-11-14 17:00',8,'2016-11-14 08:00','2016-11-14 17:00',8,1,684),
	(785,785,2,1,6,'tarefa685','2016-11-15 08:00','2016-11-15 17:00',8,'2016-11-15 08:00','2016-11-15 17:00',8,1,685),
	(786,786,2,1,6,'tarefa686','2016-11-16 08:00','2016-11-16 17:00',8,'2016-11-16 08:00','2016-11-16 17:00',8,1,686),
	(787,787,2,1,6,'tarefa687','2016-11-17 08:00','2016-11-17 17:00',8,'2016-11-17 08:00','2016-11-17 17:00',8,1,687),
	(788,788,2,1,6,'tarefa688','2016-11-18 08:00','2016-11-18 17:00',8,'2016-11-18 08:00','2016-11-18 17:00',8,1,688),
	(789,789,2,1,6,'tarefa689','2016-11-19 08:00','2016-11-19 17:00',8,'2016-11-19 08:00','2016-11-19 17:00',8,1,689),
	(790,790,2,1,6,'tarefa690','2016-11-20 08:00','2016-11-20 17:00',8,'2016-11-20 08:00','2016-11-20 17:00',8,1,690),
	(791,791,2,1,6,'tarefa691','2016-11-21 08:00','2016-11-21 17:00',8,'2016-11-21 08:00','2016-11-21 17:00',8,1,691),
	(792,792,2,1,6,'tarefa692','2016-11-22 08:00','2016-11-22 17:00',8,'2016-11-22 08:00','2016-11-22 17:00',8,1,692),
	(793,793,2,1,6,'tarefa693','2016-11-23 08:00','2016-11-23 17:00',8,'2016-11-23 08:00','2016-11-23 17:00',8,1,693),
	(794,794,2,1,6,'tarefa694','2016-11-24 08:00','2016-11-24 17:00',8,'2016-11-24 08:00','2016-11-24 17:00',8,1,694),
	(795,795,2,1,6,'tarefa695','2016-11-25 08:00','2016-11-25 17:00',8,'2016-11-25 08:00','2016-11-25 17:00',8,1,695),
	(796,796,2,1,6,'tarefa696','2016-11-26 08:00','2016-11-26 17:00',8,'2016-11-26 08:00','2016-11-26 17:00',8,1,696),
	(797,797,2,1,6,'tarefa697','2016-11-27 08:00','2016-11-27 17:00',8,'2016-11-27 08:00','2016-11-27 17:00',8,1,697),
	(798,798,2,1,6,'tarefa698','2016-11-28 08:00','2016-11-28 17:00',8,'2016-11-28 08:00','2016-11-28 17:00',8,1,698),
	(799,799,2,1,6,'tarefa699','2016-11-29 08:00','2016-11-29 17:00',8,'2016-11-29 08:00','2016-11-29 17:00',8,1,699),
	(800,800,2,1,6,'tarefa700','2016-11-30 08:00','2016-11-30 17:00',8,'2016-11-30 08:00','2016-11-30 17:00',8,1,700),
	(801,801,2,1,6,'tarefa701','2016-12-01 08:00','2016-12-01 17:00',8,'2016-12-01 08:00','2016-12-01 17:00',8,1,701),
	(802,802,2,1,6,'tarefa702','2016-12-02 08:00','2016-12-02 17:00',8,'2016-12-02 08:00','2016-12-02 17:00',8,1,702),
	(803,803,2,1,6,'tarefa703','2016-12-03 08:00','2016-12-03 17:00',8,'2016-12-03 08:00','2016-12-03 17:00',8,1,703),
	(804,804,2,1,6,'tarefa704','2016-12-04 08:00','2016-12-04 17:00',8,'2016-12-04 08:00','2016-12-04 17:00',8,1,704),
	(805,805,2,1,6,'tarefa705','2016-12-05 08:00','2016-12-05 17:00',8,'2016-12-05 08:00','2016-12-05 17:00',8,1,705),
	(806,806,2,1,6,'tarefa706','2016-12-06 08:00','2016-12-06 17:00',8,'2016-12-06 08:00','2016-12-06 17:00',8,1,706),
	(807,807,2,1,6,'tarefa707','2016-12-07 08:00','2016-12-07 17:00',8,'2016-12-07 08:00','2016-12-07 17:00',8,1,707),
	(808,808,2,1,6,'tarefa708','2016-12-08 08:00','2016-12-08 17:00',8,'2016-12-08 08:00','2016-12-08 17:00',8,1,708),
	(809,809,2,1,6,'tarefa709','2016-12-09 08:00','2016-12-09 17:00',8,'2016-12-09 08:00','2016-12-09 17:00',8,1,709),
	(810,810,2,1,6,'tarefa710','2016-12-10 08:00','2016-12-10 17:00',8,'2016-12-10 08:00','2016-12-10 17:00',8,1,710),
	(811,811,2,1,6,'tarefa711','2016-12-11 08:00','2016-12-11 17:00',8,'2016-12-11 08:00','2016-12-11 17:00',8,1,711),
	(812,812,2,1,6,'tarefa712','2016-12-12 08:00','2016-12-12 17:00',8,'2016-12-12 08:00','2016-12-12 17:00',8,1,712),
	(813,813,2,1,6,'tarefa713','2016-12-13 08:00','2016-12-13 17:00',8,'2016-12-13 08:00','2016-12-13 17:00',8,1,713),
	(814,814,2,1,6,'tarefa714','2016-12-14 08:00','2016-12-14 17:00',8,'2016-12-14 08:00','2016-12-14 17:00',8,1,714),
	(815,815,2,1,6,'tarefa715','2016-12-15 08:00','2016-12-15 17:00',8,'2016-12-15 08:00','2016-12-15 17:00',8,1,715),
	(816,816,2,1,6,'tarefa716','2016-12-16 08:00','2016-12-16 17:00',8,'2016-12-16 08:00','2016-12-16 17:00',8,1,716),
	(817,817,2,1,6,'tarefa717','2016-12-17 08:00','2016-12-17 17:00',8,'2016-12-17 08:00','2016-12-17 17:00',8,1,717),
	(818,818,2,1,6,'tarefa718','2016-12-18 08:00','2016-12-18 17:00',8,'2016-12-18 08:00','2016-12-18 17:00',8,1,718),
	(819,819,2,1,6,'tarefa719','2016-12-19 08:00','2016-12-19 17:00',8,'2016-12-19 08:00','2016-12-19 17:00',8,1,719),
	(820,820,2,1,6,'tarefa720','2016-12-20 08:00','2016-12-20 17:00',8,'2016-12-20 08:00','2016-12-20 17:00',8,1,720),
	(821,821,2,1,6,'tarefa721','2016-12-21 08:00','2016-12-21 17:00',8,'2016-12-21 08:00','2016-12-21 17:00',8,1,721),
	(822,822,2,1,6,'tarefa722','2016-12-22 08:00','2016-12-22 17:00',8,'2016-12-22 08:00','2016-12-22 17:00',8,1,722),
	(823,823,2,1,6,'tarefa723','2016-12-23 08:00','2016-12-23 17:00',8,'2016-12-23 08:00','2016-12-23 17:00',8,1,723),
	(824,824,2,1,6,'tarefa724','2016-12-24 08:00','2016-12-24 17:00',8,'2016-12-24 08:00','2016-12-24 17:00',8,1,724),
	(825,825,2,1,6,'tarefa725','2016-12-25 08:00','2016-12-25 17:00',8,'2016-12-25 08:00','2016-12-25 17:00',8,1,725),
	(826,826,2,1,6,'tarefa726','2016-12-26 08:00','2016-12-26 17:00',8,'2016-12-26 08:00','2016-12-26 17:00',8,1,726),
	(827,827,2,1,6,'tarefa727','2016-12-27 08:00','2016-12-27 17:00',8,'2016-12-27 08:00','2016-12-27 17:00',8,1,727),
	(828,828,2,1,6,'tarefa728','2016-12-28 08:00','2016-12-28 17:00',8,'2016-12-28 08:00','2016-12-28 17:00',8,1,728),
	(829,829,2,1,6,'tarefa729','2016-12-29 08:00','2016-12-29 17:00',8,'2016-12-29 08:00','2016-12-29 17:00',8,1,729),
	(830,830,2,1,6,'tarefa730','2016-12-30 08:00','2016-12-30 17:00',8,'2016-12-30 08:00','2016-12-30 17:00',8,1,730),
	(831,831,2,1,6,'tarefa731','2016-12-31 08:00','2016-12-31 17:00',8,'2016-12-31 08:00','2016-12-31 17:00',8,1,731),
	(832,832,2,1,6,'tarefa732','2017-01-01 08:00','2017-01-01 17:00',8,'2017-01-01 08:00','2017-01-01 17:00',8,1,732),
	(833,833,2,1,6,'tarefa733','2017-01-02 08:00','2017-01-02 17:00',8,'2017-01-02 08:00','2017-01-02 17:00',8,1,733),
	(834,834,2,1,6,'tarefa734','2017-01-03 08:00','2017-01-03 17:00',8,'2017-01-03 08:00','2017-01-03 17:00',8,1,734),
	(835,835,2,1,6,'tarefa735','2017-01-04 08:00','2017-01-04 17:00',8,'2017-01-04 08:00','2017-01-04 17:00',8,1,735),
	(836,836,2,1,6,'tarefa736','2017-01-05 08:00','2017-01-05 17:00',8,'2017-01-05 08:00','2017-01-05 17:00',8,1,736),
	(837,837,2,1,6,'tarefa737','2017-01-06 08:00','2017-01-06 17:00',8,'2017-01-06 08:00','2017-01-06 17:00',8,1,737),
	(838,838,2,1,6,'tarefa738','2017-01-07 08:00','2017-01-07 17:00',8,'2017-01-07 08:00','2017-01-07 17:00',8,1,738),
	(839,839,2,1,6,'tarefa739','2017-01-08 08:00','2017-01-08 17:00',8,'2017-01-08 08:00','2017-01-08 17:00',8,1,739),
	(840,840,2,1,6,'tarefa740','2017-01-09 08:00','2017-01-09 17:00',8,'2017-01-09 08:00','2017-01-09 17:00',8,1,740),
	(841,841,2,1,6,'tarefa741','2017-01-10 08:00','2017-01-10 17:00',8,'2017-01-10 08:00','2017-01-10 17:00',8,1,741),
	(842,842,2,1,6,'tarefa742','2017-01-11 08:00','2017-01-11 17:00',8,'2017-01-11 08:00','2017-01-11 17:00',8,1,742),
	(843,843,2,1,6,'tarefa743','2017-01-12 08:00','2017-01-12 17:00',8,'2017-01-12 08:00','2017-01-12 17:00',8,1,743),
	(844,844,2,1,6,'tarefa744','2017-01-13 08:00','2017-01-13 17:00',8,'2017-01-13 08:00','2017-01-13 17:00',8,1,744),
	(845,845,2,1,6,'tarefa745','2017-01-14 08:00','2017-01-14 17:00',8,'2017-01-14 08:00','2017-01-14 17:00',8,1,745),
	(846,846,2,1,6,'tarefa746','2017-01-15 08:00','2017-01-15 17:00',8,'2017-01-15 08:00','2017-01-15 17:00',8,1,746),
	(847,847,2,1,6,'tarefa747','2017-01-16 08:00','2017-01-16 17:00',8,'2017-01-16 08:00','2017-01-16 17:00',8,1,747),
	(848,848,2,1,6,'tarefa748','2017-01-17 08:00','2017-01-17 17:00',8,'2017-01-17 08:00','2017-01-17 17:00',8,1,748),
	(849,849,2,1,6,'tarefa749','2017-01-18 08:00','2017-01-18 17:00',8,'2017-01-18 08:00','2017-01-18 17:00',8,1,749),
	(850,850,2,1,6,'tarefa750','2017-01-19 08:00','2017-01-19 17:00',8,'2017-01-19 08:00','2017-01-19 17:00',8,1,750),
	(851,851,2,1,6,'tarefa751','2017-01-20 08:00','2017-01-20 17:00',8,'2017-01-20 08:00','2017-01-20 17:00',8,1,751),
	(852,852,2,1,6,'tarefa752','2017-01-21 08:00','2017-01-21 17:00',8,'2017-01-21 08:00','2017-01-21 17:00',8,1,752),
	(853,853,2,1,6,'tarefa753','2017-01-22 08:00','2017-01-22 17:00',8,'2017-01-22 08:00','2017-01-22 17:00',8,1,753),
	(854,854,2,1,6,'tarefa754','2017-01-23 08:00','2017-01-23 17:00',8,'2017-01-23 08:00','2017-01-23 17:00',8,1,754),
	(855,855,2,1,6,'tarefa755','2017-01-24 08:00','2017-01-24 17:00',8,'2017-01-24 08:00','2017-01-24 17:00',8,1,755),
	(856,856,2,1,6,'tarefa756','2017-01-25 08:00','2017-01-25 17:00',8,'2017-01-25 08:00','2017-01-25 17:00',8,1,756),
	(857,857,2,1,6,'tarefa757','2017-01-26 08:00','2017-01-26 17:00',8,'2017-01-26 08:00','2017-01-26 17:00',8,1,757),
	(858,858,2,1,6,'tarefa758','2017-01-27 08:00','2017-01-27 17:00',8,'2017-01-27 08:00','2017-01-27 17:00',8,1,758),
	(859,859,2,1,6,'tarefa759','2017-01-28 08:00','2017-01-28 17:00',8,'2017-01-28 08:00','2017-01-28 17:00',8,1,759),
	(860,860,2,1,6,'tarefa760','2017-01-29 08:00','2017-01-29 17:00',8,'2017-01-29 08:00','2017-01-29 17:00',8,1,760),
	(861,861,2,1,6,'tarefa761','2017-01-30 08:00','2017-01-30 17:00',8,'2017-01-30 08:00','2017-01-30 17:00',8,1,761),
	(862,862,2,1,6,'tarefa762','2017-01-31 08:00','2017-01-31 17:00',8,'2017-01-31 08:00','2017-01-31 17:00',8,1,762),
	(863,863,2,1,6,'tarefa763','2017-02-01 08:00','2017-02-01 17:00',8,'2017-02-01 08:00','2017-02-01 17:00',8,1,763),
	(864,864,2,1,6,'tarefa764','2017-02-02 08:00','2017-02-02 17:00',8,'2017-02-02 08:00','2017-02-02 17:00',8,1,764),
	(865,865,2,1,6,'tarefa765','2017-02-03 08:00','2017-02-03 17:00',8,'2017-02-03 08:00','2017-02-03 17:00',8,1,765),
	(866,866,2,1,6,'tarefa766','2017-02-04 08:00','2017-02-04 17:00',8,'2017-02-04 08:00','2017-02-04 17:00',8,1,766),
	(867,867,2,1,6,'tarefa767','2017-02-05 08:00','2017-02-05 17:00',8,'2017-02-05 08:00','2017-02-05 17:00',8,1,767),
	(868,868,2,1,6,'tarefa768','2017-02-06 08:00','2017-02-06 17:00',8,'2017-02-06 08:00','2017-02-06 17:00',8,1,768),
	(869,869,2,1,6,'tarefa769','2017-02-07 08:00','2017-02-07 17:00',8,'2017-02-07 08:00','2017-02-07 17:00',8,1,769),
	(870,870,2,1,6,'tarefa770','2017-02-08 08:00','2017-02-08 17:00',8,'2017-02-08 08:00','2017-02-08 17:00',8,1,770),
	(871,871,2,1,6,'tarefa771','2017-02-09 08:00','2017-02-09 17:00',8,'2017-02-09 08:00','2017-02-09 17:00',8,1,771),
	(872,872,2,1,6,'tarefa772','2017-02-10 08:00','2017-02-10 17:00',8,'2017-02-10 08:00','2017-02-10 17:00',8,1,772),
	(873,873,2,1,6,'tarefa773','2017-02-11 08:00','2017-02-11 17:00',8,'2017-02-11 08:00','2017-02-11 17:00',8,1,773),
	(874,874,2,1,6,'tarefa774','2017-02-12 08:00','2017-02-12 17:00',8,'2017-02-12 08:00','2017-02-12 17:00',8,1,774),
	(875,875,2,1,6,'tarefa775','2017-02-13 08:00','2017-02-13 17:00',8,'2017-02-13 08:00','2017-02-13 17:00',8,1,775),
	(876,876,2,1,6,'tarefa776','2017-02-14 08:00','2017-02-14 17:00',8,'2017-02-14 08:00','2017-02-14 17:00',8,1,776),
	(877,877,2,1,6,'tarefa777','2017-02-15 08:00','2017-02-15 17:00',8,'2017-02-15 08:00','2017-02-15 17:00',8,1,777),
	(878,878,2,1,6,'tarefa778','2017-02-16 08:00','2017-02-16 17:00',8,'2017-02-16 08:00','2017-02-16 17:00',8,1,778),
	(879,879,2,1,6,'tarefa779','2017-02-17 08:00','2017-02-17 17:00',8,'2017-02-17 08:00','2017-02-17 17:00',8,1,779),
	(880,880,2,1,6,'tarefa780','2017-02-18 08:00','2017-02-18 17:00',8,'2017-02-18 08:00','2017-02-18 17:00',8,1,780),
	(881,881,2,1,6,'tarefa781','2017-02-19 08:00','2017-02-19 17:00',8,'2017-02-19 08:00','2017-02-19 17:00',8,1,781),
	(882,882,2,1,6,'tarefa782','2017-02-20 08:00','2017-02-20 17:00',8,'2017-02-20 08:00','2017-02-20 17:00',8,1,782),
	(883,883,2,1,6,'tarefa783','2017-02-21 08:00','2017-02-21 17:00',8,'2017-02-21 08:00','2017-02-21 17:00',8,1,783),
	(884,884,2,1,6,'tarefa784','2017-02-22 08:00','2017-02-22 17:00',8,'2017-02-22 08:00','2017-02-22 17:00',8,1,784),
	(885,885,2,1,6,'tarefa785','2017-02-23 08:00','2017-02-23 17:00',8,'2017-02-23 08:00','2017-02-23 17:00',8,1,785),
	(886,886,2,1,6,'tarefa786','2017-02-24 08:00','2017-02-24 17:00',8,'2017-02-24 08:00','2017-02-24 17:00',8,1,786),
	(887,887,2,1,6,'tarefa787','2017-02-25 08:00','2017-02-25 17:00',8,'2017-02-25 08:00','2017-02-25 17:00',8,1,787),
	(888,888,2,1,6,'tarefa788','2017-02-26 08:00','2017-02-26 17:00',8,'2017-02-26 08:00','2017-02-26 17:00',8,1,788),
	(889,889,2,1,6,'tarefa789','2017-02-27 08:00','2017-02-27 17:00',8,'2017-02-27 08:00','2017-02-27 17:00',8,1,789),
	(890,890,2,1,6,'tarefa790','2017-02-28 08:00','2017-02-28 17:00',8,'2017-02-28 08:00','2017-02-28 17:00',8,1,790),
	(891,891,2,1,6,'tarefa791','2017-03-01 08:00','2017-03-01 17:00',8,'2017-03-01 08:00','2017-03-01 17:00',8,1,791),
	(892,892,2,1,6,'tarefa792','2017-03-02 08:00','2017-03-02 17:00',8,'2017-03-02 08:00','2017-03-02 17:00',8,1,792),
	(893,893,2,1,6,'tarefa793','2017-03-03 08:00','2017-03-03 17:00',8,'2017-03-03 08:00','2017-03-03 17:00',8,1,793),
	(894,894,2,1,6,'tarefa794','2017-03-04 08:00','2017-03-04 17:00',8,'2017-03-04 08:00','2017-03-04 17:00',8,1,794),
	(895,895,2,1,6,'tarefa795','2017-03-05 08:00','2017-03-05 17:00',8,'2017-03-05 08:00','2017-03-05 17:00',8,1,795),
	(896,896,2,1,6,'tarefa796','2017-03-06 08:00','2017-03-06 17:00',8,'2017-03-06 08:00','2017-03-06 17:00',8,1,796),
	(897,897,2,1,6,'tarefa797','2017-03-07 08:00','2017-03-07 17:00',8,'2017-03-07 08:00','2017-03-07 17:00',8,1,797),
	(898,898,2,1,6,'tarefa798','2017-03-08 08:00','2017-03-08 17:00',8,'2017-03-08 08:00','2017-03-08 17:00',8,1,798),
	(899,899,2,1,6,'tarefa799','2017-03-09 08:00','2017-03-09 17:00',8,'2017-03-09 08:00','2017-03-09 17:00',8,1,799),
	(900,900,2,1,6,'tarefa800','2017-03-10 08:00','2017-03-10 17:00',8,'2017-03-10 08:00','2017-03-10 17:00',8,1,800),
	(901,901,2,1,6,'tarefa801','2017-03-11 08:00','2017-03-11 17:00',8,'2017-03-11 08:00','2017-03-11 17:00',8,1,801),
	(902,902,2,1,6,'tarefa802','2017-03-12 08:00','2017-03-12 17:00',8,'2017-03-12 08:00','2017-03-12 17:00',8,1,802),
	(903,903,2,1,6,'tarefa803','2017-03-13 08:00','2017-03-13 17:00',8,'2017-03-13 08:00','2017-03-13 17:00',8,1,803),
	(904,904,2,1,6,'tarefa804','2017-03-14 08:00','2017-03-14 17:00',8,'2017-03-14 08:00','2017-03-14 17:00',8,1,804),
	(905,905,2,1,6,'tarefa805','2017-03-15 08:00','2017-03-15 17:00',8,'2017-03-15 08:00','2017-03-15 17:00',8,1,805),
	(906,906,2,1,6,'tarefa806','2017-03-16 08:00','2017-03-16 17:00',8,'2017-03-16 08:00','2017-03-16 17:00',8,1,806),
	(907,907,2,1,6,'tarefa807','2017-03-17 08:00','2017-03-17 17:00',8,'2017-03-17 08:00','2017-03-17 17:00',8,1,807),
	(908,908,2,1,6,'tarefa808','2017-03-18 08:00','2017-03-18 17:00',8,'2017-03-18 08:00','2017-03-18 17:00',8,1,808),
	(909,909,2,1,6,'tarefa809','2017-03-19 08:00','2017-03-19 17:00',8,'2017-03-19 08:00','2017-03-19 17:00',8,1,809),
	(910,910,2,1,6,'tarefa810','2017-03-20 08:00','2017-03-20 17:00',8,'2017-03-20 08:00','2017-03-20 17:00',8,1,810),
	(911,911,2,1,6,'tarefa811','2017-03-21 08:00','2017-03-21 17:00',8,'2017-03-21 08:00','2017-03-21 17:00',8,1,811),
	(912,912,2,1,6,'tarefa812','2017-03-22 08:00','2017-03-22 17:00',8,'2017-03-22 08:00','2017-03-22 17:00',8,1,812),
	(913,913,2,1,6,'tarefa813','2017-03-23 08:00','2017-03-23 17:00',8,'2017-03-23 08:00','2017-03-23 17:00',8,1,813),
	(914,914,2,1,6,'tarefa814','2017-03-24 08:00','2017-03-24 17:00',8,'2017-03-24 08:00','2017-03-24 17:00',8,1,814),
	(915,915,2,1,6,'tarefa815','2017-03-25 08:00','2017-03-25 17:00',8,'2017-03-25 08:00','2017-03-25 17:00',8,1,815),
	(916,916,2,1,6,'tarefa816','2017-03-26 08:00','2017-03-26 17:00',8,'2017-03-26 08:00','2017-03-26 17:00',8,1,816),
	(917,917,2,1,6,'tarefa817','2017-03-27 08:00','2017-03-27 17:00',8,'2017-03-27 08:00','2017-03-27 17:00',8,1,817),
	(918,918,2,1,6,'tarefa818','2017-03-28 08:00','2017-03-28 17:00',8,'2017-03-28 08:00','2017-03-28 17:00',8,1,818),
	(919,919,2,1,6,'tarefa819','2017-03-29 08:00','2017-03-29 17:00',8,'2017-03-29 08:00','2017-03-29 17:00',8,1,819),
	(920,920,2,1,6,'tarefa820','2017-03-30 08:00','2017-03-30 17:00',8,'2017-03-30 08:00','2017-03-30 17:00',8,1,820),
	(921,921,2,1,6,'tarefa821','2017-03-31 08:00','2017-03-31 17:00',8,'2017-03-31 08:00','2017-03-31 17:00',8,1,821),
	(922,922,2,1,6,'tarefa822','2017-04-01 08:00','2017-04-01 17:00',8,'2017-04-01 08:00','2017-04-01 17:00',8,1,822),
	(923,923,2,1,6,'tarefa823','2017-04-02 08:00','2017-04-02 17:00',8,'2017-04-02 08:00','2017-04-02 17:00',8,1,823),
	(924,924,2,1,6,'tarefa824','2017-04-03 08:00','2017-04-03 17:00',8,'2017-04-03 08:00','2017-04-03 17:00',8,1,824),
	(925,925,2,1,6,'tarefa825','2017-04-04 08:00','2017-04-04 17:00',8,'2017-04-04 08:00','2017-04-04 17:00',8,1,825),
	(926,926,2,1,6,'tarefa826','2017-04-05 08:00','2017-04-05 17:00',8,'2017-04-05 08:00','2017-04-05 17:00',8,1,826),
	(927,927,2,1,6,'tarefa827','2017-04-06 08:00','2017-04-06 17:00',8,'2017-04-06 08:00','2017-04-06 17:00',8,1,827),
	(928,928,2,1,6,'tarefa828','2017-04-07 08:00','2017-04-07 17:00',8,'2017-04-07 08:00','2017-04-07 17:00',8,1,828),
	(929,929,2,1,6,'tarefa829','2017-04-08 08:00','2017-04-08 17:00',8,'2017-04-08 08:00','2017-04-08 17:00',8,1,829),
	(930,930,2,1,6,'tarefa830','2017-04-09 08:00','2017-04-09 17:00',8,'2017-04-09 08:00','2017-04-09 17:00',8,1,830),
	(931,931,2,1,6,'tarefa831','2017-04-10 08:00','2017-04-10 17:00',8,'2017-04-10 08:00','2017-04-10 17:00',8,1,831),
	(932,932,2,1,6,'tarefa832','2017-04-11 08:00','2017-04-11 17:00',8,'2017-04-11 08:00','2017-04-11 17:00',8,1,832),
	(933,933,2,1,6,'tarefa833','2017-04-12 08:00','2017-04-12 17:00',8,'2017-04-12 08:00','2017-04-12 17:00',8,1,833),
	(934,934,2,1,6,'tarefa834','2017-04-13 08:00','2017-04-13 17:00',8,'2017-04-13 08:00','2017-04-13 17:00',8,1,834),
	(935,935,2,1,6,'tarefa835','2017-04-14 08:00','2017-04-14 17:00',8,'2017-04-14 08:00','2017-04-14 17:00',8,1,835),
	(936,936,2,1,6,'tarefa836','2017-04-15 08:00','2017-04-15 17:00',8,'2017-04-15 08:00','2017-04-15 17:00',8,1,836),
	(937,937,2,1,6,'tarefa837','2017-04-16 08:00','2017-04-16 17:00',8,'2017-04-16 08:00','2017-04-16 17:00',8,1,837),
	(938,938,2,1,6,'tarefa838','2017-04-17 08:00','2017-04-17 17:00',8,'2017-04-17 08:00','2017-04-17 17:00',8,1,838),
	(939,939,2,1,6,'tarefa839','2017-04-18 08:00','2017-04-18 17:00',8,'2017-04-18 08:00','2017-04-18 17:00',8,1,839),
	(940,940,2,1,6,'tarefa840','2017-04-19 08:00','2017-04-19 17:00',8,'2017-04-19 08:00','2017-04-19 17:00',8,1,840),
	(941,941,2,1,6,'tarefa841','2017-04-20 08:00','2017-04-20 17:00',8,'2017-04-20 08:00','2017-04-20 17:00',8,1,841),
	(942,942,2,1,6,'tarefa842','2017-04-21 08:00','2017-04-21 17:00',8,'2017-04-21 08:00','2017-04-21 17:00',8,1,842),
	(943,943,2,1,6,'tarefa843','2017-04-22 08:00','2017-04-22 17:00',8,'2017-04-22 08:00','2017-04-22 17:00',8,1,843),
	(944,944,2,1,6,'tarefa844','2017-04-23 08:00','2017-04-23 17:00',8,'2017-04-23 08:00','2017-04-23 17:00',8,1,844),
	(945,945,2,1,6,'tarefa845','2017-04-24 08:00','2017-04-24 17:00',8,'2017-04-24 08:00','2017-04-24 17:00',8,1,845),
	(946,946,2,1,6,'tarefa846','2017-04-25 08:00','2017-04-25 17:00',8,'2017-04-25 08:00','2017-04-25 17:00',8,1,846),
	(947,947,2,1,6,'tarefa847','2017-04-26 08:00','2017-04-26 17:00',8,'2017-04-26 08:00','2017-04-26 17:00',8,1,847),
	(948,948,2,1,6,'tarefa848','2017-04-27 08:00','2017-04-27 17:00',8,'2017-04-27 08:00','2017-04-27 17:00',8,1,848),
	(949,949,2,1,6,'tarefa849','2017-04-28 08:00','2017-04-28 17:00',8,'2017-04-28 08:00','2017-04-28 17:00',8,1,849),
	(950,950,2,1,6,'tarefa850','2017-04-29 08:00','2017-04-29 17:00',8,'2017-04-29 08:00','2017-04-29 17:00',8,1,850),
	(951,951,2,1,6,'tarefa851','2017-04-30 08:00','2017-04-30 17:00',8,'2017-04-30 08:00','2017-04-30 17:00',8,1,851),
	(952,952,2,1,6,'tarefa852','2017-05-01 08:00','2017-05-01 17:00',8,'2017-05-01 08:00','2017-05-01 17:00',8,1,852),
	(953,953,2,1,6,'tarefa853','2017-05-02 08:00','2017-05-02 17:00',8,'2017-05-02 08:00','2017-05-02 17:00',8,1,853),
	(954,954,2,1,6,'tarefa854','2017-05-03 08:00','2017-05-03 17:00',8,'2017-05-03 08:00','2017-05-03 17:00',8,1,854),
	(955,955,2,1,6,'tarefa855','2017-05-04 08:00','2017-05-04 17:00',8,'2017-05-04 08:00','2017-05-04 17:00',8,1,855),
	(956,956,2,1,6,'tarefa856','2017-05-05 08:00','2017-05-05 17:00',8,'2017-05-05 08:00','2017-05-05 17:00',8,1,856),
	(957,957,2,1,6,'tarefa857','2017-05-06 08:00','2017-05-06 17:00',8,'2017-05-06 08:00','2017-05-06 17:00',8,1,857),
	(958,958,2,1,6,'tarefa858','2017-05-07 08:00','2017-05-07 17:00',8,'2017-05-07 08:00','2017-05-07 17:00',8,1,858),
	(959,959,2,1,6,'tarefa859','2017-05-08 08:00','2017-05-08 17:00',8,'2017-05-08 08:00','2017-05-08 17:00',8,1,859),
	(960,960,2,1,6,'tarefa860','2017-05-09 08:00','2017-05-09 17:00',8,'2017-05-09 08:00','2017-05-09 17:00',8,1,860),
	(961,961,2,1,6,'tarefa861','2017-05-10 08:00','2017-05-10 17:00',8,'2017-05-10 08:00','2017-05-10 17:00',8,1,861),
	(962,962,2,1,6,'tarefa862','2017-05-11 08:00','2017-05-11 17:00',8,'2017-05-11 08:00','2017-05-11 17:00',8,1,862),
	(963,963,2,1,6,'tarefa863','2017-05-12 08:00','2017-05-12 17:00',8,'2017-05-12 08:00','2017-05-12 17:00',8,1,863),
	(964,964,2,1,6,'tarefa864','2017-05-13 08:00','2017-05-13 17:00',8,'2017-05-13 08:00','2017-05-13 17:00',8,1,864),
	(965,965,2,1,6,'tarefa865','2017-05-14 08:00','2017-05-14 17:00',8,'2017-05-14 08:00','2017-05-14 17:00',8,1,865),
	(966,966,2,1,6,'tarefa866','2017-05-15 08:00','2017-05-15 17:00',8,'2017-05-15 08:00','2017-05-15 17:00',8,1,866),
	(967,967,2,1,6,'tarefa867','2017-05-16 08:00','2017-05-16 17:00',8,'2017-05-16 08:00','2017-05-16 17:00',8,1,867),
	(968,968,2,1,6,'tarefa868','2017-05-17 08:00','2017-05-17 17:00',8,'2017-05-17 08:00','2017-05-17 17:00',8,1,868),
	(969,969,2,1,6,'tarefa869','2017-05-18 08:00','2017-05-18 17:00',8,'2017-05-18 08:00','2017-05-18 17:00',8,1,869),
	(970,970,2,1,6,'tarefa870','2017-05-19 08:00','2017-05-19 17:00',8,'2017-05-19 08:00','2017-05-19 17:00',8,1,870),
	(971,971,2,1,6,'tarefa871','2017-05-20 08:00','2017-05-20 17:00',8,'2017-05-20 08:00','2017-05-20 17:00',8,1,871),
	(972,972,2,1,6,'tarefa872','2017-05-21 08:00','2017-05-21 17:00',8,'2017-05-21 08:00','2017-05-21 17:00',8,1,872),
	(973,973,2,1,6,'tarefa873','2017-05-22 08:00','2017-05-22 17:00',8,'2017-05-22 08:00','2017-05-22 17:00',8,1,873),
	(974,974,2,1,6,'tarefa874','2017-05-23 08:00','2017-05-23 17:00',8,'2017-05-23 08:00','2017-05-23 17:00',8,1,874),
	(975,975,2,1,6,'tarefa875','2017-05-24 08:00','2017-05-24 17:00',8,'2017-05-24 08:00','2017-05-24 17:00',8,1,875),
	(976,976,2,1,6,'tarefa876','2017-05-25 08:00','2017-05-25 17:00',8,'2017-05-25 08:00','2017-05-25 17:00',8,1,876),
	(977,977,2,1,6,'tarefa877','2017-05-26 08:00','2017-05-26 17:00',8,'2017-05-26 08:00','2017-05-26 17:00',8,1,877),
	(978,978,2,1,6,'tarefa878','2017-05-27 08:00','2017-05-27 17:00',8,'2017-05-27 08:00','2017-05-27 17:00',8,1,878),
	(979,979,2,1,6,'tarefa879','2017-05-28 08:00','2017-05-28 17:00',8,'2017-05-28 08:00','2017-05-28 17:00',8,1,879),
	(980,980,2,1,6,'tarefa880','2017-05-29 08:00','2017-05-29 17:00',8,'2017-05-29 08:00','2017-05-29 17:00',8,1,880),
	(981,981,2,1,6,'tarefa881','2017-05-30 08:00','2017-05-30 17:00',8,'2017-05-30 08:00','2017-05-30 17:00',8,1,881),
	(982,982,2,1,6,'tarefa882','2017-05-31 08:00','2017-05-31 17:00',8,'2017-05-31 08:00','2017-05-31 17:00',8,1,882),
	(983,983,2,1,6,'tarefa883','2017-06-01 08:00','2017-06-01 17:00',8,'2017-06-01 08:00','2017-06-01 17:00',8,1,883),
	(984,984,2,1,6,'tarefa884','2017-06-02 08:00','2017-06-02 17:00',8,'2017-06-02 08:00','2017-06-02 17:00',8,1,884),
	(985,985,2,1,6,'tarefa885','2017-06-03 08:00','2017-06-03 17:00',8,'2017-06-03 08:00','2017-06-03 17:00',8,1,885),
	(986,986,2,1,6,'tarefa886','2017-06-04 08:00','2017-06-04 17:00',8,'2017-06-04 08:00','2017-06-04 17:00',8,1,886),
	(987,987,2,1,6,'tarefa887','2017-06-05 08:00','2017-06-05 17:00',8,'2017-06-05 08:00','2017-06-05 17:00',8,1,887),
	(988,988,2,1,6,'tarefa888','2017-06-06 08:00','2017-06-06 17:00',8,'2017-06-06 08:00','2017-06-06 17:00',8,1,888),
	(989,989,2,1,6,'tarefa889','2017-06-07 08:00','2017-06-07 17:00',8,'2017-06-07 08:00','2017-06-07 17:00',8,1,889),
	(990,990,2,1,6,'tarefa890','2017-06-08 08:00','2017-06-08 17:00',8,'2017-06-08 08:00','2017-06-08 17:00',8,1,890),
	(991,991,2,1,6,'tarefa891','2017-06-09 08:00','2017-06-09 17:00',8,'2017-06-09 08:00','2017-06-09 17:00',8,1,891),
	(992,992,2,1,6,'tarefa892','2017-06-10 08:00','2017-06-10 17:00',8,'2017-06-10 08:00','2017-06-10 17:00',8,1,892),
	(993,993,2,1,6,'tarefa893','2017-06-11 08:00','2017-06-11 17:00',8,'2017-06-11 08:00','2017-06-11 17:00',8,1,893),
	(994,994,2,1,6,'tarefa894','2017-06-12 08:00','2017-06-12 17:00',8,'2017-06-12 08:00','2017-06-12 17:00',8,1,894),
	(995,995,2,1,6,'tarefa895','2017-06-13 08:00','2017-06-13 17:00',8,'2017-06-13 08:00','2017-06-13 17:00',8,1,895),
	(996,996,2,1,6,'tarefa896','2017-06-14 08:00','2017-06-14 17:00',8,'2017-06-14 08:00','2017-06-14 17:00',8,1,896),
	(997,997,2,1,6,'tarefa897','2017-06-15 08:00','2017-06-15 17:00',8,'2017-06-15 08:00','2017-06-15 17:00',8,1,897),
	(998,998,2,1,6,'tarefa898','2017-06-16 08:00','2017-06-16 17:00',8,'2017-06-16 08:00','2017-06-16 17:00',8,1,898),
	(999,999,2,1,6,'tarefa899','2017-06-17 08:00','2017-06-17 17:00',8,'2017-06-17 08:00','2017-06-17 17:00',8,1,899),
	(1000,1000,2,1,6,'tarefa900','2017-06-18 08:00','2017-06-18 17:00',8,'2017-06-18 08:00','2017-06-18 17:00',8,1,900),
	(1001,1001,2,1,6,'tarefa901','2017-06-19 08:00','2017-06-19 17:00',8,'2017-06-19 08:00','2017-06-19 17:00',8,1,901),
	(1002,1002,2,1,6,'tarefa902','2017-06-20 08:00','2017-06-20 17:00',8,'2017-06-20 08:00','2017-06-20 17:00',8,1,902),
	(1003,1003,2,1,6,'tarefa903','2017-06-21 08:00','2017-06-21 17:00',8,'2017-06-21 08:00','2017-06-21 17:00',8,1,903),
	(1004,1004,2,1,6,'tarefa904','2017-06-22 08:00','2017-06-22 17:00',8,'2017-06-22 08:00','2017-06-22 17:00',8,1,904),
	(1005,1005,2,1,6,'tarefa905','2017-06-23 08:00','2017-06-23 17:00',8,'2017-06-23 08:00','2017-06-23 17:00',8,1,905),
	(1006,1006,2,1,6,'tarefa906','2017-06-24 08:00','2017-06-24 17:00',8,'2017-06-24 08:00','2017-06-24 17:00',8,1,906),
	(1007,1007,2,1,6,'tarefa907','2017-06-25 08:00','2017-06-25 17:00',8,'2017-06-25 08:00','2017-06-25 17:00',8,1,907),
	(1008,1008,2,1,6,'tarefa908','2017-06-26 08:00','2017-06-26 17:00',8,'2017-06-26 08:00','2017-06-26 17:00',8,1,908),
	(1009,1009,2,1,6,'tarefa909','2017-06-27 08:00','2017-06-27 17:00',8,'2017-06-27 08:00','2017-06-27 17:00',8,1,909),
	(1010,1010,2,1,6,'tarefa910','2017-06-28 08:00','2017-06-28 17:00',8,'2017-06-28 08:00','2017-06-28 17:00',8,1,910),
	(1011,1011,2,1,6,'tarefa911','2017-06-29 08:00','2017-06-29 17:00',8,'2017-06-29 08:00','2017-06-29 17:00',8,1,911),
	(1012,1012,2,1,6,'tarefa912','2017-06-30 08:00','2017-06-30 17:00',8,'2017-06-30 08:00','2017-06-30 17:00',8,1,912),
	(1013,1013,2,1,6,'tarefa913','2017-07-01 08:00','2017-07-01 17:00',8,'2017-07-01 08:00','2017-07-01 17:00',8,1,913),
	(1014,1014,2,1,6,'tarefa914','2017-07-02 08:00','2017-07-02 17:00',8,'2017-07-02 08:00','2017-07-02 17:00',8,1,914),
	(1015,1015,2,1,6,'tarefa915','2017-07-03 08:00','2017-07-03 17:00',8,'2017-07-03 08:00','2017-07-03 17:00',8,1,915),
	(1016,1016,2,1,6,'tarefa916','2017-07-04 08:00','2017-07-04 17:00',8,'2017-07-04 08:00','2017-07-04 17:00',8,1,916),
	(1017,1017,2,1,6,'tarefa917','2017-07-05 08:00','2017-07-05 17:00',8,'2017-07-05 08:00','2017-07-05 17:00',8,1,917),
	(1018,1018,2,1,6,'tarefa918','2017-07-06 08:00','2017-07-06 17:00',8,'2017-07-06 08:00','2017-07-06 17:00',8,1,918),
	(1019,1019,2,1,6,'tarefa919','2017-07-07 08:00','2017-07-07 17:00',8,'2017-07-07 08:00','2017-07-07 17:00',8,1,919),
	(1020,1020,2,1,6,'tarefa920','2017-07-08 08:00','2017-07-08 17:00',8,'2017-07-08 08:00','2017-07-08 17:00',8,1,920),
	(1021,1021,2,1,6,'tarefa921','2017-07-09 08:00','2017-07-09 17:00',8,'2017-07-09 08:00','2017-07-09 17:00',8,1,921),
	(1022,1022,2,1,6,'tarefa922','2017-07-10 08:00','2017-07-10 17:00',8,'2017-07-10 08:00','2017-07-10 17:00',8,1,922),
	(1023,1023,2,1,6,'tarefa923','2017-07-11 08:00','2017-07-11 17:00',8,'2017-07-11 08:00','2017-07-11 17:00',8,1,923),
	(1024,1024,2,1,6,'tarefa924','2017-07-12 08:00','2017-07-12 17:00',8,'2017-07-12 08:00','2017-07-12 17:00',8,1,924),
	(1025,1025,2,1,6,'tarefa925','2017-07-13 08:00','2017-07-13 17:00',8,'2017-07-13 08:00','2017-07-13 17:00',8,1,925),
	(1026,1026,2,1,6,'tarefa926','2017-07-14 08:00','2017-07-14 17:00',8,'2017-07-14 08:00','2017-07-14 17:00',8,1,926),
	(1027,1027,2,1,6,'tarefa927','2017-07-15 08:00','2017-07-15 17:00',8,'2017-07-15 08:00','2017-07-15 17:00',8,1,927),
	(1028,1028,2,1,6,'tarefa928','2017-07-16 08:00','2017-07-16 17:00',8,'2017-07-16 08:00','2017-07-16 17:00',8,1,928),
	(1029,1029,2,1,6,'tarefa929','2017-07-17 08:00','2017-07-17 17:00',8,'2017-07-17 08:00','2017-07-17 17:00',8,1,929),
	(1030,1030,2,1,6,'tarefa930','2017-07-18 08:00','2017-07-18 17:00',8,'2017-07-18 08:00','2017-07-18 17:00',8,1,930),
	(1031,1031,2,1,6,'tarefa931','2017-07-19 08:00','2017-07-19 17:00',8,'2017-07-19 08:00','2017-07-19 17:00',8,1,931),
	(1032,1032,2,1,6,'tarefa932','2017-07-20 08:00','2017-07-20 17:00',8,'2017-07-20 08:00','2017-07-20 17:00',8,1,932),
	(1033,1033,2,1,6,'tarefa933','2017-07-21 08:00','2017-07-21 17:00',8,'2017-07-21 08:00','2017-07-21 17:00',8,1,933),
	(1034,1034,2,1,6,'tarefa934','2017-07-22 08:00','2017-07-22 17:00',8,'2017-07-22 08:00','2017-07-22 17:00',8,1,934),
	(1035,1035,2,1,6,'tarefa935','2017-07-23 08:00','2017-07-23 17:00',8,'2017-07-23 08:00','2017-07-23 17:00',8,1,935),
	(1036,1036,2,1,6,'tarefa936','2017-07-24 08:00','2017-07-24 17:00',8,'2017-07-24 08:00','2017-07-24 17:00',8,1,936),
	(1037,1037,2,1,6,'tarefa937','2017-07-25 08:00','2017-07-25 17:00',8,'2017-07-25 08:00','2017-07-25 17:00',8,1,937),
	(1038,1038,2,1,6,'tarefa938','2017-07-26 08:00','2017-07-26 17:00',8,'2017-07-26 08:00','2017-07-26 17:00',8,1,938),
	(1039,1039,2,1,6,'tarefa939','2017-07-27 08:00','2017-07-27 17:00',8,'2017-07-27 08:00','2017-07-27 17:00',8,1,939),
	(1040,1040,2,1,6,'tarefa940','2017-07-28 08:00','2017-07-28 17:00',8,'2017-07-28 08:00','2017-07-28 17:00',8,1,940),
	(1041,1041,2,1,6,'tarefa941','2017-07-29 08:00','2017-07-29 17:00',8,'2017-07-29 08:00','2017-07-29 17:00',8,1,941),
	(1042,1042,2,1,6,'tarefa942','2017-07-30 08:00','2017-07-30 17:00',8,'2017-07-30 08:00','2017-07-30 17:00',8,1,942),
	(1043,1043,2,1,6,'tarefa943','2017-07-31 08:00','2017-07-31 17:00',8,'2017-07-31 08:00','2017-07-31 17:00',8,1,943),
	(1044,1044,2,1,6,'tarefa944','2017-08-01 08:00','2017-08-01 17:00',8,'2017-08-01 08:00','2017-08-01 17:00',8,1,944),
	(1045,1045,2,1,6,'tarefa945','2017-08-02 08:00','2017-08-02 17:00',8,'2017-08-02 08:00','2017-08-02 17:00',8,1,945),
	(1046,1046,2,1,6,'tarefa946','2017-08-03 08:00','2017-08-03 17:00',8,'2017-08-03 08:00','2017-08-03 17:00',8,1,946),
	(1047,1047,2,1,6,'tarefa947','2017-08-04 08:00','2017-08-04 17:00',8,'2017-08-04 08:00','2017-08-04 17:00',8,1,947),
	(1048,1048,2,1,6,'tarefa948','2017-08-05 08:00','2017-08-05 17:00',8,'2017-08-05 08:00','2017-08-05 17:00',8,1,948),
	(1049,1049,2,1,6,'tarefa949','2017-08-06 08:00','2017-08-06 17:00',8,'2017-08-06 08:00','2017-08-06 17:00',8,1,949),
	(1050,1050,2,1,6,'tarefa950','2017-08-07 08:00','2017-08-07 17:00',8,'2017-08-07 08:00','2017-08-07 17:00',8,1,950),
	(1051,1051,2,1,6,'tarefa951','2017-08-08 08:00','2017-08-08 17:00',8,'2017-08-08 08:00','2017-08-08 17:00',8,1,951),
	(1052,1052,2,1,6,'tarefa952','2017-08-09 08:00','2017-08-09 17:00',8,'2017-08-09 08:00','2017-08-09 17:00',8,1,952),
	(1053,1053,2,1,6,'tarefa953','2017-08-10 08:00','2017-08-10 17:00',8,'2017-08-10 08:00','2017-08-10 17:00',8,1,953),
	(1054,1054,2,1,6,'tarefa954','2017-08-11 08:00','2017-08-11 17:00',8,'2017-08-11 08:00','2017-08-11 17:00',8,1,954),
	(1055,1055,2,1,6,'tarefa955','2017-08-12 08:00','2017-08-12 17:00',8,'2017-08-12 08:00','2017-08-12 17:00',8,1,955),
	(1056,1056,2,1,6,'tarefa956','2017-08-13 08:00','2017-08-13 17:00',8,'2017-08-13 08:00','2017-08-13 17:00',8,1,956),
	(1057,1057,2,1,6,'tarefa957','2017-08-14 08:00','2017-08-14 17:00',8,'2017-08-14 08:00','2017-08-14 17:00',8,1,957),
	(1058,1058,2,1,6,'tarefa958','2017-08-15 08:00','2017-08-15 17:00',8,'2017-08-15 08:00','2017-08-15 17:00',8,1,958),
	(1059,1059,2,1,6,'tarefa959','2017-08-16 08:00','2017-08-16 17:00',8,'2017-08-16 08:00','2017-08-16 17:00',8,1,959),
	(1060,1060,2,1,6,'tarefa960','2017-08-17 08:00','2017-08-17 17:00',8,'2017-08-17 08:00','2017-08-17 17:00',8,1,960),
	(1061,1061,2,1,6,'tarefa961','2017-08-18 08:00','2017-08-18 17:00',8,'2017-08-18 08:00','2017-08-18 17:00',8,1,961),
	(1062,1062,2,1,6,'tarefa962','2017-08-19 08:00','2017-08-19 17:00',8,'2017-08-19 08:00','2017-08-19 17:00',8,1,962),
	(1063,1063,2,1,6,'tarefa963','2017-08-20 08:00','2017-08-20 17:00',8,'2017-08-20 08:00','2017-08-20 17:00',8,1,963),
	(1064,1064,2,1,6,'tarefa964','2017-08-21 08:00','2017-08-21 17:00',8,'2017-08-21 08:00','2017-08-21 17:00',8,1,964),
	(1065,1065,2,1,6,'tarefa965','2017-08-22 08:00','2017-08-22 17:00',8,'2017-08-22 08:00','2017-08-22 17:00',8,1,965),
	(1066,1066,2,1,6,'tarefa966','2017-08-23 08:00','2017-08-23 17:00',8,'2017-08-23 08:00','2017-08-23 17:00',8,1,966),
	(1067,1067,2,1,6,'tarefa967','2017-08-24 08:00','2017-08-24 17:00',8,'2017-08-24 08:00','2017-08-24 17:00',8,1,967),
	(1068,1068,2,1,6,'tarefa968','2017-08-25 08:00','2017-08-25 17:00',8,'2017-08-25 08:00','2017-08-25 17:00',8,1,968),
	(1069,1069,2,1,6,'tarefa969','2017-08-26 08:00','2017-08-26 17:00',8,'2017-08-26 08:00','2017-08-26 17:00',8,1,969),
	(1070,1070,2,1,6,'tarefa970','2017-08-27 08:00','2017-08-27 17:00',8,'2017-08-27 08:00','2017-08-27 17:00',8,1,970),
	(1071,1071,2,1,6,'tarefa971','2017-08-28 08:00','2017-08-28 17:00',8,'2017-08-28 08:00','2017-08-28 17:00',8,1,971),
	(1072,1072,2,1,6,'tarefa972','2017-08-29 08:00','2017-08-29 17:00',8,'2017-08-29 08:00','2017-08-29 17:00',8,1,972),
	(1073,1073,2,1,6,'tarefa973','2017-08-30 08:00','2017-08-30 17:00',8,'2017-08-30 08:00','2017-08-30 17:00',8,1,973),
	(1074,1074,2,1,6,'tarefa974','2017-08-31 08:00','2017-08-31 17:00',8,'2017-08-31 08:00','2017-08-31 17:00',8,1,974),
	(1075,1075,2,1,6,'tarefa975','2017-09-01 08:00','2017-09-01 17:00',8,'2017-09-01 08:00','2017-09-01 17:00',8,1,975),
	(1076,1076,2,1,6,'tarefa976','2017-09-02 08:00','2017-09-02 17:00',8,'2017-09-02 08:00','2017-09-02 17:00',8,1,976),
	(1077,1077,2,1,6,'tarefa977','2017-09-03 08:00','2017-09-03 17:00',8,'2017-09-03 08:00','2017-09-03 17:00',8,1,977),
	(1078,1078,2,1,6,'tarefa978','2017-09-04 08:00','2017-09-04 17:00',8,'2017-09-04 08:00','2017-09-04 17:00',8,1,978),
	(1079,1079,2,1,6,'tarefa979','2017-09-05 08:00','2017-09-05 17:00',8,'2017-09-05 08:00','2017-09-05 17:00',8,1,979),
	(1080,1080,2,1,6,'tarefa980','2017-09-06 08:00','2017-09-06 17:00',8,'2017-09-06 08:00','2017-09-06 17:00',8,1,980),
	(1081,1081,2,1,6,'tarefa981','2017-09-07 08:00','2017-09-07 17:00',8,'2017-09-07 08:00','2017-09-07 17:00',8,1,981),
	(1082,1082,2,1,6,'tarefa982','2017-09-08 08:00','2017-09-08 17:00',8,'2017-09-08 08:00','2017-09-08 17:00',8,1,982),
	(1083,1083,2,1,6,'tarefa983','2017-09-09 08:00','2017-09-09 17:00',8,'2017-09-09 08:00','2017-09-09 17:00',8,1,983),
	(1084,1084,2,1,6,'tarefa984','2017-09-10 08:00','2017-09-10 17:00',8,'2017-09-10 08:00','2017-09-10 17:00',8,1,984),
	(1085,1085,2,1,6,'tarefa985','2017-09-11 08:00','2017-09-11 17:00',8,'2017-09-11 08:00','2017-09-11 17:00',8,1,985),
	(1086,1086,2,1,6,'tarefa986','2017-09-12 08:00','2017-09-12 17:00',8,'2017-09-12 08:00','2017-09-12 17:00',8,1,986),
	(1087,1087,2,1,6,'tarefa987','2017-09-13 08:00','2017-09-13 17:00',8,'2017-09-13 08:00','2017-09-13 17:00',8,1,987),
	(1088,1088,2,1,6,'tarefa988','2017-09-14 08:00','2017-09-14 17:00',8,'2017-09-14 08:00','2017-09-14 17:00',8,1,988),
	(1089,1089,2,1,6,'tarefa989','2017-09-15 08:00','2017-09-15 17:00',8,'2017-09-15 08:00','2017-09-15 17:00',8,1,989),
	(1090,1090,2,1,6,'tarefa990','2017-09-16 08:00','2017-09-16 17:00',8,'2017-09-16 08:00','2017-09-16 17:00',8,1,990),
	(1091,1091,2,1,6,'tarefa991','2017-09-17 08:00','2017-09-17 17:00',8,'2017-09-17 08:00','2017-09-17 17:00',8,1,991),
	(1092,1092,2,1,6,'tarefa992','2017-09-18 08:00','2017-09-18 17:00',8,'2017-09-18 08:00','2017-09-18 17:00',8,1,992),
	(1093,1093,2,1,6,'tarefa993','2017-09-19 08:00','2017-09-19 17:00',8,'2017-09-19 08:00','2017-09-19 17:00',8,1,993),
	(1094,1094,2,1,6,'tarefa994','2017-09-20 08:00','2017-09-20 17:00',8,'2017-09-20 08:00','2017-09-20 17:00',8,1,994),
	(1095,1095,2,1,6,'tarefa995','2017-09-21 08:00','2017-09-21 17:00',8,'2017-09-21 08:00','2017-09-21 17:00',8,1,995),
	(1096,1096,2,1,6,'tarefa996','2017-09-22 08:00','2017-09-22 17:00',8,'2017-09-22 08:00','2017-09-22 17:00',8,1,996),
	(1097,1097,2,1,6,'tarefa997','2017-09-23 08:00','2017-09-23 17:00',8,'2017-09-23 08:00','2017-09-23 17:00',8,1,997),
	(1098,1098,2,1,6,'tarefa998','2017-09-24 08:00','2017-09-24 17:00',8,'2017-09-24 08:00','2017-09-24 17:00',8,1,998),
	(1099,1099,2,1,6,'tarefa999','2017-09-25 08:00','2017-09-25 17:00',8,'2017-09-25 08:00','2017-09-25 17:00',8,1,999),
	(1100,1100,2,1,6,'tarefa1000','2017-09-26 08:00','2017-09-26 17:00',8,'2017-09-26 08:00','2017-09-26 17:00',8,1,1000);



INSERT INTO tarefa_dependencias (dependencias_tarefa_id, dependencias_req_tarefa_id, tipo_dependencia, latencia, tipo_latencia) VALUES
	(102,101,'TI',0,'d'),
	(103,102,'TI',0,'d'),
	(104,103,'TI',0,'d'),
	(105,104,'TI',0,'d'),
	(106,105,'TI',0,'d'),
	(107,106,'TI',0,'d'),
	(108,107,'TI',0,'d'),
	(109,108,'TI',0,'d'),
	(110,109,'TI',0,'d'),
	(111,110,'TI',0,'d'),
	(112,111,'TI',0,'d'),
	(113,112,'TI',0,'d'),
	(114,113,'TI',0,'d'),
	(115,114,'TI',0,'d'),
	(116,115,'TI',0,'d'),
	(117,116,'TI',0,'d'),
	(118,117,'TI',0,'d'),
	(119,118,'TI',0,'d'),
	(120,119,'TI',0,'d'),
	(121,120,'TI',0,'d'),
	(122,121,'TI',0,'d'),
	(123,122,'TI',0,'d'),
	(124,123,'TI',0,'d'),
	(125,124,'TI',0,'d'),
	(126,125,'TI',0,'d'),
	(127,126,'TI',0,'d'),
	(128,127,'TI',0,'d'),
	(129,128,'TI',0,'d'),
	(130,129,'TI',0,'d'),
	(131,130,'TI',0,'d'),
	(132,131,'TI',0,'d'),
	(133,132,'TI',0,'d'),
	(134,133,'TI',0,'d'),
	(135,134,'TI',0,'d'),
	(136,135,'TI',0,'d'),
	(137,136,'TI',0,'d'),
	(138,137,'TI',0,'d'),
	(139,138,'TI',0,'d'),
	(140,139,'TI',0,'d'),
	(141,140,'TI',0,'d'),
	(142,141,'TI',0,'d'),
	(143,142,'TI',0,'d'),
	(144,143,'TI',0,'d'),
	(145,144,'TI',0,'d'),
	(146,145,'TI',0,'d'),
	(147,146,'TI',0,'d'),
	(148,147,'TI',0,'d'),
	(149,148,'TI',0,'d'),
	(150,149,'TI',0,'d'),
	(151,150,'TI',0,'d'),
	(152,151,'TI',0,'d'),
	(153,152,'TI',0,'d'),
	(154,153,'TI',0,'d'),
	(155,154,'TI',0,'d'),
	(156,155,'TI',0,'d'),
	(157,156,'TI',0,'d'),
	(158,157,'TI',0,'d'),
	(159,158,'TI',0,'d'),
	(160,159,'TI',0,'d'),
	(161,160,'TI',0,'d'),
	(162,161,'TI',0,'d'),
	(163,162,'TI',0,'d'),
	(164,163,'TI',0,'d'),
	(165,164,'TI',0,'d'),
	(166,165,'TI',0,'d'),
	(167,166,'TI',0,'d'),
	(168,167,'TI',0,'d'),
	(169,168,'TI',0,'d'),
	(170,169,'TI',0,'d'),
	(171,170,'TI',0,'d'),
	(172,171,'TI',0,'d'),
	(173,172,'TI',0,'d'),
	(174,173,'TI',0,'d'),
	(175,174,'TI',0,'d'),
	(176,175,'TI',0,'d'),
	(177,176,'TI',0,'d'),
	(178,177,'TI',0,'d'),
	(179,178,'TI',0,'d'),
	(180,179,'TI',0,'d'),
	(181,180,'TI',0,'d'),
	(182,181,'TI',0,'d'),
	(183,182,'TI',0,'d'),
	(184,183,'TI',0,'d'),
	(185,184,'TI',0,'d'),
	(186,185,'TI',0,'d'),
	(187,186,'TI',0,'d'),
	(188,187,'TI',0,'d'),
	(189,188,'TI',0,'d'),
	(190,189,'TI',0,'d'),
	(191,190,'TI',0,'d'),
	(192,191,'TI',0,'d'),
	(193,192,'TI',0,'d'),
	(194,193,'TI',0,'d'),
	(195,194,'TI',0,'d'),
	(196,195,'TI',0,'d'),
	(197,196,'TI',0,'d'),
	(198,197,'TI',0,'d'),
	(199,198,'TI',0,'d'),
	(200,199,'TI',0,'d'),
	(201,200,'TI',0,'d'),
	(202,201,'TI',0,'d'),
	(203,202,'TI',0,'d'),
	(204,203,'TI',0,'d'),
	(205,204,'TI',0,'d'),
	(206,205,'TI',0,'d'),
	(207,206,'TI',0,'d'),
	(208,207,'TI',0,'d'),
	(209,208,'TI',0,'d'),
	(210,209,'TI',0,'d'),
	(211,210,'TI',0,'d'),
	(212,211,'TI',0,'d'),
	(213,212,'TI',0,'d'),
	(214,213,'TI',0,'d'),
	(215,214,'TI',0,'d'),
	(216,215,'TI',0,'d'),
	(217,216,'TI',0,'d'),
	(218,217,'TI',0,'d'),
	(219,218,'TI',0,'d'),
	(220,219,'TI',0,'d'),
	(221,220,'TI',0,'d'),
	(222,221,'TI',0,'d'),
	(223,222,'TI',0,'d'),
	(224,223,'TI',0,'d'),
	(225,224,'TI',0,'d'),
	(226,225,'TI',0,'d'),
	(227,226,'TI',0,'d'),
	(228,227,'TI',0,'d'),
	(229,228,'TI',0,'d'),
	(230,229,'TI',0,'d'),
	(231,230,'TI',0,'d'),
	(232,231,'TI',0,'d'),
	(233,232,'TI',0,'d'),
	(234,233,'TI',0,'d'),
	(235,234,'TI',0,'d'),
	(236,235,'TI',0,'d'),
	(237,236,'TI',0,'d'),
	(238,237,'TI',0,'d'),
	(239,238,'TI',0,'d'),
	(240,239,'TI',0,'d'),
	(241,240,'TI',0,'d'),
	(242,241,'TI',0,'d'),
	(243,242,'TI',0,'d'),
	(244,243,'TI',0,'d'),
	(245,244,'TI',0,'d'),
	(246,245,'TI',0,'d'),
	(247,246,'TI',0,'d'),
	(248,247,'TI',0,'d'),
	(249,248,'TI',0,'d'),
	(250,249,'TI',0,'d'),
	(251,250,'TI',0,'d'),
	(252,251,'TI',0,'d'),
	(253,252,'TI',0,'d'),
	(254,253,'TI',0,'d'),
	(255,254,'TI',0,'d'),
	(256,255,'TI',0,'d'),
	(257,256,'TI',0,'d'),
	(258,257,'TI',0,'d'),
	(259,258,'TI',0,'d'),
	(260,259,'TI',0,'d'),
	(261,260,'TI',0,'d'),
	(262,261,'TI',0,'d'),
	(263,262,'TI',0,'d'),
	(264,263,'TI',0,'d'),
	(265,264,'TI',0,'d'),
	(266,265,'TI',0,'d'),
	(267,266,'TI',0,'d'),
	(268,267,'TI',0,'d'),
	(269,268,'TI',0,'d'),
	(270,269,'TI',0,'d'),
	(271,270,'TI',0,'d'),
	(272,271,'TI',0,'d'),
	(273,272,'TI',0,'d'),
	(274,273,'TI',0,'d'),
	(275,274,'TI',0,'d'),
	(276,275,'TI',0,'d'),
	(277,276,'TI',0,'d'),
	(278,277,'TI',0,'d'),
	(279,278,'TI',0,'d'),
	(280,279,'TI',0,'d'),
	(281,280,'TI',0,'d'),
	(282,281,'TI',0,'d'),
	(283,282,'TI',0,'d'),
	(284,283,'TI',0,'d'),
	(285,284,'TI',0,'d'),
	(286,285,'TI',0,'d'),
	(287,286,'TI',0,'d'),
	(288,287,'TI',0,'d'),
	(289,288,'TI',0,'d'),
	(290,289,'TI',0,'d'),
	(291,290,'TI',0,'d'),
	(292,291,'TI',0,'d'),
	(293,292,'TI',0,'d'),
	(294,293,'TI',0,'d'),
	(295,294,'TI',0,'d'),
	(296,295,'TI',0,'d'),
	(297,296,'TI',0,'d'),
	(298,297,'TI',0,'d'),
	(299,298,'TI',0,'d'),
	(300,299,'TI',0,'d'),
	(301,300,'TI',0,'d'),
	(302,301,'TI',0,'d'),
	(303,302,'TI',0,'d'),
	(304,303,'TI',0,'d'),
	(305,304,'TI',0,'d'),
	(306,305,'TI',0,'d'),
	(307,306,'TI',0,'d'),
	(308,307,'TI',0,'d'),
	(309,308,'TI',0,'d'),
	(310,309,'TI',0,'d'),
	(311,310,'TI',0,'d'),
	(312,311,'TI',0,'d'),
	(313,312,'TI',0,'d'),
	(314,313,'TI',0,'d'),
	(315,314,'TI',0,'d'),
	(316,315,'TI',0,'d'),
	(317,316,'TI',0,'d'),
	(318,317,'TI',0,'d'),
	(319,318,'TI',0,'d'),
	(320,319,'TI',0,'d'),
	(321,320,'TI',0,'d'),
	(322,321,'TI',0,'d'),
	(323,322,'TI',0,'d'),
	(324,323,'TI',0,'d'),
	(325,324,'TI',0,'d'),
	(326,325,'TI',0,'d'),
	(327,326,'TI',0,'d'),
	(328,327,'TI',0,'d'),
	(329,328,'TI',0,'d'),
	(330,329,'TI',0,'d'),
	(331,330,'TI',0,'d'),
	(332,331,'TI',0,'d'),
	(333,332,'TI',0,'d'),
	(334,333,'TI',0,'d'),
	(335,334,'TI',0,'d'),
	(336,335,'TI',0,'d'),
	(337,336,'TI',0,'d'),
	(338,337,'TI',0,'d'),
	(339,338,'TI',0,'d'),
	(340,339,'TI',0,'d'),
	(341,340,'TI',0,'d'),
	(342,341,'TI',0,'d'),
	(343,342,'TI',0,'d'),
	(344,343,'TI',0,'d'),
	(345,344,'TI',0,'d'),
	(346,345,'TI',0,'d'),
	(347,346,'TI',0,'d'),
	(348,347,'TI',0,'d'),
	(349,348,'TI',0,'d'),
	(350,349,'TI',0,'d'),
	(351,350,'TI',0,'d'),
	(352,351,'TI',0,'d'),
	(353,352,'TI',0,'d'),
	(354,353,'TI',0,'d'),
	(355,354,'TI',0,'d'),
	(356,355,'TI',0,'d'),
	(357,356,'TI',0,'d'),
	(358,357,'TI',0,'d'),
	(359,358,'TI',0,'d'),
	(360,359,'TI',0,'d'),
	(361,360,'TI',0,'d'),
	(362,361,'TI',0,'d'),
	(363,362,'TI',0,'d'),
	(364,363,'TI',0,'d'),
	(365,364,'TI',0,'d'),
	(366,365,'TI',0,'d'),
	(367,366,'TI',0,'d'),
	(368,367,'TI',0,'d'),
	(369,368,'TI',0,'d'),
	(370,369,'TI',0,'d'),
	(371,370,'TI',0,'d'),
	(372,371,'TI',0,'d'),
	(373,372,'TI',0,'d'),
	(374,373,'TI',0,'d'),
	(375,374,'TI',0,'d'),
	(376,375,'TI',0,'d'),
	(377,376,'TI',0,'d'),
	(378,377,'TI',0,'d'),
	(379,378,'TI',0,'d'),
	(380,379,'TI',0,'d'),
	(381,380,'TI',0,'d'),
	(382,381,'TI',0,'d'),


	(383,382,'TI',0,'d'),
	(384,383,'TI',0,'d'),
	(385,384,'TI',0,'d'),
	(386,385,'TI',0,'d'),
	(387,386,'TI',0,'d'),
	(388,387,'TI',0,'d'),
	(389,388,'TI',0,'d'),
	(390,389,'TI',0,'d'),
	(391,390,'TI',0,'d'),
	(392,391,'TI',0,'d'),
	(393,392,'TI',0,'d'),
	(394,393,'TI',0,'d'),
	(395,394,'TI',0,'d'),
	(396,395,'TI',0,'d'),
	(397,396,'TI',0,'d'),
	(398,397,'TI',0,'d'),
	(399,398,'TI',0,'d'),
	(400,399,'TI',0,'d'),
	(401,400,'TI',0,'d'),
	(402,401,'TI',0,'d'),
	(403,402,'TI',0,'d'),
	(404,403,'TI',0,'d'),
	(405,404,'TI',0,'d'),
	(406,405,'TI',0,'d'),
	(407,406,'TI',0,'d'),
	(408,407,'TI',0,'d'),
	(409,408,'TI',0,'d'),
	(410,409,'TI',0,'d'),
	(411,410,'TI',0,'d'),
	(412,411,'TI',0,'d'),
	(413,412,'TI',0,'d'),
	(414,413,'TI',0,'d'),
	(415,414,'TI',0,'d'),
	(416,415,'TI',0,'d'),
	(417,416,'TI',0,'d'),
	(418,417,'TI',0,'d'),
	(419,418,'TI',0,'d'),
	(420,419,'TI',0,'d'),
	(421,420,'TI',0,'d'),
	(422,421,'TI',0,'d'),
	(423,422,'TI',0,'d'),
	(424,423,'TI',0,'d'),
	(425,424,'TI',0,'d'),
	(426,425,'TI',0,'d'),
	(427,426,'TI',0,'d'),
	(428,427,'TI',0,'d'),
	(429,428,'TI',0,'d'),
	(430,429,'TI',0,'d'),
	(431,430,'TI',0,'d'),
	(432,431,'TI',0,'d'),
	(433,432,'TI',0,'d'),
	(434,433,'TI',0,'d'),
	(435,434,'TI',0,'d'),
	(436,435,'TI',0,'d'),
	(437,436,'TI',0,'d'),
	(438,437,'TI',0,'d'),
	(439,438,'TI',0,'d'),
	(440,439,'TI',0,'d'),
	(441,440,'TI',0,'d'),
	(442,441,'TI',0,'d'),
	(443,442,'TI',0,'d'),
	(444,443,'TI',0,'d'),
	(445,444,'TI',0,'d'),
	(446,445,'TI',0,'d'),
	(447,446,'TI',0,'d'),
	(448,447,'TI',0,'d'),
	(449,448,'TI',0,'d'),
	(450,449,'TI',0,'d'),
	(451,450,'TI',0,'d'),
	(452,451,'TI',0,'d'),
	(453,452,'TI',0,'d'),
	(454,453,'TI',0,'d'),
	(455,454,'TI',0,'d'),
	(456,455,'TI',0,'d'),
	(457,456,'TI',0,'d'),
	(458,457,'TI',0,'d'),
	(459,458,'TI',0,'d'),
	(460,459,'TI',0,'d'),
	(461,460,'TI',0,'d'),
	(462,461,'TI',0,'d'),
	(463,462,'TI',0,'d'),
	(464,463,'TI',0,'d'),
	(465,464,'TI',0,'d'),
	(466,465,'TI',0,'d'),
	(467,466,'TI',0,'d'),
	(468,467,'TI',0,'d'),
	(469,468,'TI',0,'d'),
	(470,469,'TI',0,'d'),
	(471,470,'TI',0,'d'),
	(472,471,'TI',0,'d'),
	(473,472,'TI',0,'d'),
	(474,473,'TI',0,'d'),
	(475,474,'TI',0,'d'),
	(476,475,'TI',0,'d'),
	(477,476,'TI',0,'d'),
	(478,477,'TI',0,'d'),
	(479,478,'TI',0,'d'),
	(480,479,'TI',0,'d'),
	(481,480,'TI',0,'d'),
	(482,481,'TI',0,'d'),
	(483,482,'TI',0,'d'),
	(484,483,'TI',0,'d'),
	(485,484,'TI',0,'d'),
	(486,485,'TI',0,'d'),
	(487,486,'TI',0,'d'),
	(488,487,'TI',0,'d'),
	(489,488,'TI',0,'d'),
	(490,489,'TI',0,'d'),
	(491,490,'TI',0,'d'),
	(492,491,'TI',0,'d'),
	(493,492,'TI',0,'d'),
	(494,493,'TI',0,'d'),
	(495,494,'TI',0,'d'),
	(496,495,'TI',0,'d'),
	(497,496,'TI',0,'d'),
	(498,497,'TI',0,'d'),
	(499,498,'TI',0,'d'),
	(500,499,'TI',0,'d'),
	(501,500,'TI',0,'d'),
	(502,501,'TI',0,'d'),
	(503,502,'TI',0,'d'),
	(504,503,'TI',0,'d'),
	(505,504,'TI',0,'d'),
	(506,505,'TI',0,'d'),
	(507,506,'TI',0,'d'),
	(508,507,'TI',0,'d'),
	(509,508,'TI',0,'d'),
	(510,509,'TI',0,'d'),
	(511,510,'TI',0,'d'),
	(512,511,'TI',0,'d'),
	(513,512,'TI',0,'d'),
	(514,513,'TI',0,'d'),
	(515,514,'TI',0,'d'),
	(516,515,'TI',0,'d'),
	(517,516,'TI',0,'d'),
	(518,517,'TI',0,'d'),
	(519,518,'TI',0,'d'),
	(520,519,'TI',0,'d'),
	(521,520,'TI',0,'d'),
	(522,521,'TI',0,'d'),
	(523,522,'TI',0,'d'),
	(524,523,'TI',0,'d'),
	(525,524,'TI',0,'d'),
	(526,525,'TI',0,'d'),
	(527,526,'TI',0,'d'),
	(528,527,'TI',0,'d'),
	(529,528,'TI',0,'d'),
	(530,529,'TI',0,'d'),
	(531,530,'TI',0,'d'),
	(532,531,'TI',0,'d'),
	(533,532,'TI',0,'d'),
	(534,533,'TI',0,'d'),
	(535,534,'TI',0,'d'),
	(536,535,'TI',0,'d'),
	(537,536,'TI',0,'d'),
	(538,537,'TI',0,'d'),
	(539,538,'TI',0,'d'),
	(540,539,'TI',0,'d'),
	(541,540,'TI',0,'d'),
	(542,541,'TI',0,'d'),
	(543,542,'TI',0,'d'),
	(544,543,'TI',0,'d'),
	(545,544,'TI',0,'d'),
	(546,545,'TI',0,'d'),
	(547,546,'TI',0,'d'),
	(548,547,'TI',0,'d'),
	(549,548,'TI',0,'d'),
	(550,549,'TI',0,'d'),
	(551,550,'TI',0,'d'),
	(552,551,'TI',0,'d'),
	(553,552,'TI',0,'d'),
	(554,553,'TI',0,'d'),
	(555,554,'TI',0,'d'),
	(556,555,'TI',0,'d'),
	(557,556,'TI',0,'d'),
	(558,557,'TI',0,'d'),
	(559,558,'TI',0,'d'),
	(560,559,'TI',0,'d'),
	(561,560,'TI',0,'d'),
	(562,561,'TI',0,'d'),
	(563,562,'TI',0,'d'),
	(564,563,'TI',0,'d'),
	(565,564,'TI',0,'d'),
	(566,565,'TI',0,'d'),
	(567,566,'TI',0,'d'),
	(568,567,'TI',0,'d'),
	(569,568,'TI',0,'d'),
	(570,569,'TI',0,'d'),
	(571,570,'TI',0,'d'),
	(572,571,'TI',0,'d'),
	(573,572,'TI',0,'d'),
	(574,573,'TI',0,'d'),
	(575,574,'TI',0,'d'),
	(576,575,'TI',0,'d'),
	(577,576,'TI',0,'d'),
	(578,577,'TI',0,'d'),
	(579,578,'TI',0,'d'),
	(580,579,'TI',0,'d'),
	(581,580,'TI',0,'d'),
	(582,581,'TI',0,'d'),
	(583,582,'TI',0,'d'),
	(584,583,'TI',0,'d'),
	(585,584,'TI',0,'d'),
	(586,585,'TI',0,'d'),
	(587,586,'TI',0,'d'),
	(588,587,'TI',0,'d'),
	(589,588,'TI',0,'d'),
	(590,589,'TI',0,'d'),
	(591,590,'TI',0,'d'),
	(592,591,'TI',0,'d'),
	(593,592,'TI',0,'d'),
	(594,593,'TI',0,'d'),
	(595,594,'TI',0,'d'),
	(596,595,'TI',0,'d'),
	(597,596,'TI',0,'d'),
	(598,597,'TI',0,'d'),
	(599,598,'TI',0,'d'),
	(600,599,'TI',0,'d'),
	(601,600,'TI',0,'d'),
	(602,601,'TI',0,'d'),
	(603,602,'TI',0,'d'),
	(604,603,'TI',0,'d'),
	(605,604,'TI',0,'d'),
	(606,605,'TI',0,'d'),
	(607,606,'TI',0,'d'),
	(608,607,'TI',0,'d'),
	(609,608,'TI',0,'d'),
	(610,609,'TI',0,'d'),
	(611,610,'TI',0,'d'),
	(612,611,'TI',0,'d'),
	(613,612,'TI',0,'d'),
	(614,613,'TI',0,'d'),
	(615,614,'TI',0,'d'),
	(616,615,'TI',0,'d'),
	(617,616,'TI',0,'d'),
	(618,617,'TI',0,'d'),
	(619,618,'TI',0,'d'),
	(620,619,'TI',0,'d'),
	(621,620,'TI',0,'d'),
	(622,621,'TI',0,'d'),
	(623,622,'TI',0,'d'),
	(624,623,'TI',0,'d'),
	(625,624,'TI',0,'d'),
	(626,625,'TI',0,'d'),
	(627,626,'TI',0,'d'),
	(628,627,'TI',0,'d'),
	(629,628,'TI',0,'d'),
	(630,629,'TI',0,'d'),
	(631,630,'TI',0,'d'),
	(632,631,'TI',0,'d'),
	(633,632,'TI',0,'d'),
	(634,633,'TI',0,'d'),
	(635,634,'TI',0,'d'),
	(636,635,'TI',0,'d'),
	(637,636,'TI',0,'d'),
	(638,637,'TI',0,'d'),
	(639,638,'TI',0,'d'),
	(640,639,'TI',0,'d'),
	(641,640,'TI',0,'d'),
	(642,641,'TI',0,'d'),
	(643,642,'TI',0,'d'),
	(644,643,'TI',0,'d'),
	(645,644,'TI',0,'d'),
	(646,645,'TI',0,'d'),
	(647,646,'TI',0,'d'),
	(648,647,'TI',0,'d'),
	(649,648,'TI',0,'d'),
	(650,649,'TI',0,'d'),
	(651,650,'TI',0,'d'),
	(652,651,'TI',0,'d'),
	(653,652,'TI',0,'d'),
	(654,653,'TI',0,'d'),
	(655,654,'TI',0,'d'),
	(656,655,'TI',0,'d'),
	(657,656,'TI',0,'d'),
	(658,657,'TI',0,'d'),
	(659,658,'TI',0,'d'),
	(660,659,'TI',0,'d'),
	(661,660,'TI',0,'d'),
	(662,661,'TI',0,'d'),
	(663,662,'TI',0,'d'),
	(664,663,'TI',0,'d'),
	(665,664,'TI',0,'d'),
	(666,665,'TI',0,'d'),
	(667,666,'TI',0,'d'),
	(668,667,'TI',0,'d'),
	(669,668,'TI',0,'d'),
	(670,669,'TI',0,'d'),
	(671,670,'TI',0,'d'),
	(672,671,'TI',0,'d'),
	(673,672,'TI',0,'d'),
	(674,673,'TI',0,'d'),
	(675,674,'TI',0,'d'),
	(676,675,'TI',0,'d'),
	(677,676,'TI',0,'d'),
	(678,677,'TI',0,'d'),
	(679,678,'TI',0,'d'),
	(680,679,'TI',0,'d'),
	(681,680,'TI',0,'d'),
	(682,681,'TI',0,'d'),
	(683,682,'TI',0,'d'),
	(684,683,'TI',0,'d'),
	(685,684,'TI',0,'d'),
	(686,685,'TI',0,'d'),
	(687,686,'TI',0,'d'),
	(688,687,'TI',0,'d'),
	(689,688,'TI',0,'d'),
	(690,689,'TI',0,'d'),
	(691,690,'TI',0,'d'),
	(692,691,'TI',0,'d'),
	(693,692,'TI',0,'d'),
	(694,693,'TI',0,'d'),
	(695,694,'TI',0,'d'),
	(696,695,'TI',0,'d'),
	(697,696,'TI',0,'d'),
	(698,697,'TI',0,'d'),
	(699,698,'TI',0,'d'),
	(700,699,'TI',0,'d'),
	(701,700,'TI',0,'d'),
	(702,701,'TI',0,'d'),
	(703,702,'TI',0,'d'),
	(704,703,'TI',0,'d'),
	(705,704,'TI',0,'d'),
	(706,705,'TI',0,'d'),
	(707,706,'TI',0,'d'),
	(708,707,'TI',0,'d'),
	(709,708,'TI',0,'d'),
	(710,709,'TI',0,'d'),
	(711,710,'TI',0,'d'),
	(712,711,'TI',0,'d'),
	(713,712,'TI',0,'d'),
	(714,713,'TI',0,'d'),
	(715,714,'TI',0,'d'),
	(716,715,'TI',0,'d'),
	(717,716,'TI',0,'d'),
	(718,717,'TI',0,'d'),
	(719,718,'TI',0,'d'),
	(720,719,'TI',0,'d'),
	(721,720,'TI',0,'d'),
	(722,721,'TI',0,'d'),
	(723,722,'TI',0,'d'),
	(724,723,'TI',0,'d'),
	(725,724,'TI',0,'d'),
	(726,725,'TI',0,'d'),
	(727,726,'TI',0,'d'),
	(728,727,'TI',0,'d'),
	(729,728,'TI',0,'d'),
	(730,729,'TI',0,'d'),
	(731,730,'TI',0,'d'),
	(732,731,'TI',0,'d'),
	(733,732,'TI',0,'d'),
	(734,733,'TI',0,'d'),
	(735,734,'TI',0,'d'),
	(736,735,'TI',0,'d'),
	(737,736,'TI',0,'d'),
	(738,737,'TI',0,'d'),
	(739,738,'TI',0,'d'),
	(740,739,'TI',0,'d'),
	(741,740,'TI',0,'d'),
	(742,741,'TI',0,'d'),
	(743,742,'TI',0,'d'),
	(744,743,'TI',0,'d'),
	(745,744,'TI',0,'d'),
	(746,745,'TI',0,'d'),
	(747,746,'TI',0,'d'),
	(748,747,'TI',0,'d'),
	(749,748,'TI',0,'d'),
	(750,749,'TI',0,'d'),
	(751,750,'TI',0,'d'),
	(752,751,'TI',0,'d'),
	(753,752,'TI',0,'d'),
	(754,753,'TI',0,'d'),
	(755,754,'TI',0,'d'),
	(756,755,'TI',0,'d'),
	(757,756,'TI',0,'d'),
	(758,757,'TI',0,'d'),
	(759,758,'TI',0,'d'),
	(760,759,'TI',0,'d'),
	(761,760,'TI',0,'d'),
	(762,761,'TI',0,'d'),
	(763,762,'TI',0,'d'),
	(764,763,'TI',0,'d'),
	(765,764,'TI',0,'d'),
	(766,765,'TI',0,'d'),
	(767,766,'TI',0,'d'),
	(768,767,'TI',0,'d'),
	(769,768,'TI',0,'d'),
	(770,769,'TI',0,'d'),
	(771,770,'TI',0,'d'),
	(772,771,'TI',0,'d'),
	(773,772,'TI',0,'d'),
	(774,773,'TI',0,'d'),
	(775,774,'TI',0,'d'),
	(776,775,'TI',0,'d'),
	(777,776,'TI',0,'d'),
	(778,777,'TI',0,'d'),
	(779,778,'TI',0,'d'),
	(780,779,'TI',0,'d'),
	(781,780,'TI',0,'d'),
	(782,781,'TI',0,'d'),
	(783,782,'TI',0,'d'),
	(784,783,'TI',0,'d'),
	(785,784,'TI',0,'d'),
	(786,785,'TI',0,'d'),
	(787,786,'TI',0,'d'),
	(788,787,'TI',0,'d'),
	(789,788,'TI',0,'d'),
	(790,789,'TI',0,'d'),
	(791,790,'TI',0,'d'),
	(792,791,'TI',0,'d'),
	(793,792,'TI',0,'d'),
	(794,793,'TI',0,'d'),
	(795,794,'TI',0,'d'),
	(796,795,'TI',0,'d'),
	(797,796,'TI',0,'d'),
	(798,797,'TI',0,'d'),
	(799,798,'TI',0,'d'),
	(800,799,'TI',0,'d'),
	(801,800,'TI',0,'d'),
	(802,801,'TI',0,'d'),
	(803,802,'TI',0,'d'),
	(804,803,'TI',0,'d'),
	(805,804,'TI',0,'d'),
	(806,805,'TI',0,'d'),
	(807,806,'TI',0,'d'),
	(808,807,'TI',0,'d'),
	(809,808,'TI',0,'d'),
	(810,809,'TI',0,'d'),
	(811,810,'TI',0,'d'),
	(812,811,'TI',0,'d'),
	(813,812,'TI',0,'d'),
	(814,813,'TI',0,'d'),
	(815,814,'TI',0,'d'),
	(816,815,'TI',0,'d'),
	(817,816,'TI',0,'d'),
	(818,817,'TI',0,'d'),
	(819,818,'TI',0,'d'),
	(820,819,'TI',0,'d'),
	(821,820,'TI',0,'d'),
	(822,821,'TI',0,'d'),
	(823,822,'TI',0,'d'),
	(824,823,'TI',0,'d'),
	(825,824,'TI',0,'d'),
	(826,825,'TI',0,'d'),
	(827,826,'TI',0,'d'),
	(828,827,'TI',0,'d'),
	(829,828,'TI',0,'d'),
	(830,829,'TI',0,'d'),
	(831,830,'TI',0,'d'),
	(832,831,'TI',0,'d'),
	(833,832,'TI',0,'d'),
	(834,833,'TI',0,'d'),
	(835,834,'TI',0,'d'),
	(836,835,'TI',0,'d'),
	(837,836,'TI',0,'d'),
	(838,837,'TI',0,'d'),
	(839,838,'TI',0,'d'),
	(840,839,'TI',0,'d'),
	(841,840,'TI',0,'d'),
	(842,841,'TI',0,'d'),
	(843,842,'TI',0,'d'),
	(844,843,'TI',0,'d'),
	(845,844,'TI',0,'d'),
	(846,845,'TI',0,'d'),
	(847,846,'TI',0,'d'),
	(848,847,'TI',0,'d'),
	(849,848,'TI',0,'d'),
	(850,849,'TI',0,'d'),
	(851,850,'TI',0,'d'),
	(852,851,'TI',0,'d'),
	(853,852,'TI',0,'d'),
	(854,853,'TI',0,'d'),
	(855,854,'TI',0,'d'),
	(856,855,'TI',0,'d'),
	(857,856,'TI',0,'d'),
	(858,857,'TI',0,'d'),
	(859,858,'TI',0,'d'),
	(860,859,'TI',0,'d'),
	(861,860,'TI',0,'d'),
	(862,861,'TI',0,'d'),
	(863,862,'TI',0,'d'),
	(864,863,'TI',0,'d'),
	(865,864,'TI',0,'d'),
	(866,865,'TI',0,'d'),
	(867,866,'TI',0,'d'),
	(868,867,'TI',0,'d'),
	(869,868,'TI',0,'d'),
	(870,869,'TI',0,'d'),
	(871,870,'TI',0,'d'),
	(872,871,'TI',0,'d'),
	(873,872,'TI',0,'d'),
	(874,873,'TI',0,'d'),
	(875,874,'TI',0,'d'),
	(876,875,'TI',0,'d'),
	(877,876,'TI',0,'d'),
	(878,877,'TI',0,'d'),
	(879,878,'TI',0,'d'),
	(880,879,'TI',0,'d'),
	(881,880,'TI',0,'d'),
	(882,881,'TI',0,'d'),
	(883,882,'TI',0,'d'),
	(884,883,'TI',0,'d'),
	(885,884,'TI',0,'d'),
	(886,885,'TI',0,'d'),
	(887,886,'TI',0,'d'),
	(888,887,'TI',0,'d'),
	(889,888,'TI',0,'d'),
	(890,889,'TI',0,'d'),
	(891,890,'TI',0,'d'),
	(892,891,'TI',0,'d'),
	(893,892,'TI',0,'d'),
	(894,893,'TI',0,'d'),
	(895,894,'TI',0,'d'),
	(896,895,'TI',0,'d'),
	(897,896,'TI',0,'d'),
	(898,897,'TI',0,'d'),
	(899,898,'TI',0,'d'),
	(900,899,'TI',0,'d'),
	(901,900,'TI',0,'d'),
	(902,901,'TI',0,'d'),
	(903,902,'TI',0,'d'),
	(904,903,'TI',0,'d'),
	(905,904,'TI',0,'d'),
	(906,905,'TI',0,'d'),
	(907,906,'TI',0,'d'),
	(908,907,'TI',0,'d'),
	(909,908,'TI',0,'d'),
	(910,909,'TI',0,'d'),
	(911,910,'TI',0,'d'),
	(912,911,'TI',0,'d'),
	(913,912,'TI',0,'d'),
	(914,913,'TI',0,'d'),
	(915,914,'TI',0,'d'),
	(916,915,'TI',0,'d'),
	(917,916,'TI',0,'d'),
	(918,917,'TI',0,'d'),
	(919,918,'TI',0,'d'),
	(920,919,'TI',0,'d'),
	(921,920,'TI',0,'d'),
	(922,921,'TI',0,'d'),
	(923,922,'TI',0,'d'),
	(924,923,'TI',0,'d'),
	(925,924,'TI',0,'d'),
	(926,925,'TI',0,'d'),
	(927,926,'TI',0,'d'),
	(928,927,'TI',0,'d'),
	(929,928,'TI',0,'d'),
	(930,929,'TI',0,'d'),
	(931,930,'TI',0,'d'),
	(932,931,'TI',0,'d'),
	(933,932,'TI',0,'d'),
	(934,933,'TI',0,'d'),
	(935,934,'TI',0,'d'),
	(936,935,'TI',0,'d'),
	(937,936,'TI',0,'d'),
	(938,937,'TI',0,'d'),
	(939,938,'TI',0,'d'),
	(940,939,'TI',0,'d'),
	(941,940,'TI',0,'d'),
	(942,941,'TI',0,'d'),
	(943,942,'TI',0,'d'),
	(944,943,'TI',0,'d'),
	(945,944,'TI',0,'d'),
	(946,945,'TI',0,'d'),
	(947,946,'TI',0,'d'),
	(948,947,'TI',0,'d'),
	(949,948,'TI',0,'d'),
	(950,949,'TI',0,'d'),
	(951,950,'TI',0,'d'),
	(952,951,'TI',0,'d'),
	(953,952,'TI',0,'d'),
	(954,953,'TI',0,'d'),
	(955,954,'TI',0,'d'),
	(956,955,'TI',0,'d'),
	(957,956,'TI',0,'d'),
	(958,957,'TI',0,'d'),
	(959,958,'TI',0,'d'),
	(960,959,'TI',0,'d'),
	(961,960,'TI',0,'d'),
	(962,961,'TI',0,'d'),
	(963,962,'TI',0,'d'),
	(964,963,'TI',0,'d'),
	(965,964,'TI',0,'d'),
	(966,965,'TI',0,'d'),
	(967,966,'TI',0,'d'),
	(968,967,'TI',0,'d'),
	(969,968,'TI',0,'d'),
	(970,969,'TI',0,'d'),
	(971,970,'TI',0,'d'),
	(972,971,'TI',0,'d'),
	(973,972,'TI',0,'d'),
	(974,973,'TI',0,'d'),
	(975,974,'TI',0,'d'),
	(976,975,'TI',0,'d'),
	(977,976,'TI',0,'d'),
	(978,977,'TI',0,'d'),
	(979,978,'TI',0,'d'),
	(980,979,'TI',0,'d'),
	(981,980,'TI',0,'d'),
	(982,981,'TI',0,'d'),
	(983,982,'TI',0,'d'),
	(984,983,'TI',0,'d'),
	(985,984,'TI',0,'d'),
	(986,985,'TI',0,'d'),
	(987,986,'TI',0,'d'),
	(988,987,'TI',0,'d'),
	(989,988,'TI',0,'d'),
	(990,989,'TI',0,'d'),
	(991,990,'TI',0,'d'),
	(992,991,'TI',0,'d'),
	(993,992,'TI',0,'d'),
	(994,993,'TI',0,'d'),
	(995,994,'TI',0,'d'),
	(996,995,'TI',0,'d'),
	(997,996,'TI',0,'d'),
	(998,997,'TI',0,'d'),
	(999,998,'TI',0,'d'),
	(1000,999,'TI',0,'d'),
	(1001,1000,'TI',0,'d'),
	(1002,1001,'TI',0,'d'),
	(1003,1002,'TI',0,'d'),
	(1004,1003,'TI',0,'d'),
	(1005,1004,'TI',0,'d'),
	(1006,1005,'TI',0,'d'),
	(1007,1006,'TI',0,'d'),
	(1008,1007,'TI',0,'d'),
	(1009,1008,'TI',0,'d'),
	(1010,1009,'TI',0,'d'),
	(1011,1010,'TI',0,'d'),
	(1012,1011,'TI',0,'d'),
	(1013,1012,'TI',0,'d'),
	(1014,1013,'TI',0,'d'),
	(1015,1014,'TI',0,'d'),
	(1016,1015,'TI',0,'d'),
	(1017,1016,'TI',0,'d'),
	(1018,1017,'TI',0,'d'),
	(1019,1018,'TI',0,'d'),
	(1020,1019,'TI',0,'d'),
	(1021,1020,'TI',0,'d'),
	(1022,1021,'TI',0,'d'),
	(1023,1022,'TI',0,'d'),
	(1024,1023,'TI',0,'d'),
	(1025,1024,'TI',0,'d'),
	(1026,1025,'TI',0,'d'),
	(1027,1026,'TI',0,'d'),
	(1028,1027,'TI',0,'d'),
	(1029,1028,'TI',0,'d'),
	(1030,1029,'TI',0,'d'),
	(1031,1030,'TI',0,'d'),
	(1032,1031,'TI',0,'d'),
	(1033,1032,'TI',0,'d'),
	(1034,1033,'TI',0,'d'),
	(1035,1034,'TI',0,'d'),
	(1036,1035,'TI',0,'d'),
	(1037,1036,'TI',0,'d'),
	(1038,1037,'TI',0,'d'),
	(1039,1038,'TI',0,'d'),
	(1040,1039,'TI',0,'d'),
	(1041,1040,'TI',0,'d'),
	(1042,1041,'TI',0,'d'),
	(1043,1042,'TI',0,'d'),
	(1044,1043,'TI',0,'d'),
	(1045,1044,'TI',0,'d'),
	(1046,1045,'TI',0,'d'),
	(1047,1046,'TI',0,'d'),
	(1048,1047,'TI',0,'d'),
	(1049,1048,'TI',0,'d'),
	(1050,1049,'TI',0,'d'),
	(1051,1050,'TI',0,'d'),
	(1052,1051,'TI',0,'d'),
	(1053,1052,'TI',0,'d'),
	(1054,1053,'TI',0,'d'),
	(1055,1054,'TI',0,'d'),
	(1056,1055,'TI',0,'d'),
	(1057,1056,'TI',0,'d'),
	(1058,1057,'TI',0,'d'),
	(1059,1058,'TI',0,'d'),
	(1060,1059,'TI',0,'d'),
	(1061,1060,'TI',0,'d'),
	(1062,1061,'TI',0,'d'),
	(1063,1062,'TI',0,'d'),
	(1064,1063,'TI',0,'d'),
	(1065,1064,'TI',0,'d'),
	(1066,1065,'TI',0,'d'),
	(1067,1066,'TI',0,'d'),
	(1068,1067,'TI',0,'d'),
	(1069,1068,'TI',0,'d'),
	(1070,1069,'TI',0,'d'),
	(1071,1070,'TI',0,'d'),
	(1072,1071,'TI',0,'d'),
	(1073,1072,'TI',0,'d'),
	(1074,1073,'TI',0,'d'),
	(1075,1074,'TI',0,'d'),
	(1076,1075,'TI',0,'d'),
	(1077,1076,'TI',0,'d'),
	(1078,1077,'TI',0,'d'),
	(1079,1078,'TI',0,'d'),
	(1080,1079,'TI',0,'d'),
	(1081,1080,'TI',0,'d'),
	(1082,1081,'TI',0,'d'),
	(1083,1082,'TI',0,'d'),
	(1084,1083,'TI',0,'d'),
	(1085,1084,'TI',0,'d'),
	(1086,1085,'TI',0,'d'),
	(1087,1086,'TI',0,'d'),
	(1088,1087,'TI',0,'d'),
	(1089,1088,'TI',0,'d'),
	(1090,1089,'TI',0,'d'),
	(1091,1090,'TI',0,'d'),
	(1092,1091,'TI',0,'d'),
	(1093,1092,'TI',0,'d'),
	(1094,1093,'TI',0,'d'),
	(1095,1094,'TI',0,'d'),
	(1096,1095,'TI',0,'d'),
	(1097,1096,'TI',0,'d'),
	(1098,1097,'TI',0,'d'),
	(1099,1098,'TI',0,'d'),
	(1100,1099,'TI',0,'d');


INSERT INTO pratica_indicador_meta (pratica_indicador_meta_id, pratica_indicador_meta_indicador, pratica_indicador_meta_data, pratica_indicador_meta_valor_referencial, pratica_indicador_meta_valor_meta, pratica_indicador_meta_valor_meta_boa, pratica_indicador_meta_valor_meta_regular, pratica_indicador_meta_valor_meta_ruim, pratica_indicador_meta_data_meta, uuid) VALUES
  (1,3,'2011-01-01',91.000,86.000,NULL,NULL,NULL,'2016-12-31',NULL),
  (2,4,'2011-01-01',35000.000,40000.000,NULL,NULL,NULL,'2016-12-31',NULL),
  (3,6,'2011-01-01',80.000,85.000,NULL,NULL,NULL,'2016-12-31',NULL),
  (5,118,'2011-01-01',91.000,86.000,NULL,NULL,NULL,'2016-12-31',NULL),
  (6,119,'2011-01-01',91.000,86.000,NULL,NULL,NULL,'2016-12-31',NULL),
  (7,120,'2011-01-01',91.000,86.000,NULL,NULL,NULL,'2016-12-31',NULL),
  (8,121,'2011-01-01',91.000,86.000,NULL,NULL,NULL,'2016-12-31',NULL),
  (9,122,'2011-01-01',91.000,86.000,NULL,NULL,NULL,'2016-12-31',NULL),
  (10,123,'2011-01-01',91.000,86.000,NULL,NULL,NULL,'2016-12-31',NULL),
  (11,124,'2011-01-01',91.000,86.000,NULL,NULL,NULL,'2016-12-31',NULL),
  (12,125,'2011-01-01',91.000,86.000,NULL,NULL,NULL,'2016-12-31',NULL),
  (13,126,'2011-01-01',91.000,86.000,NULL,NULL,NULL,'2016-12-31',NULL),
  (14,127,'2011-01-01',91.000,86.000,NULL,NULL,NULL,'2016-12-31',NULL),
  (15,128,'2011-01-01',91.000,86.000,NULL,NULL,NULL,'2016-12-31',NULL),
  (16,129,'2011-01-01',91.000,86.000,NULL,NULL,NULL,'2016-12-31',NULL),
  (17,130,'2011-01-01',0.000,40000.000,NULL,NULL,NULL,'2016-12-31',NULL),
  (18,131,'2011-01-01',0.000,2000.000,NULL,NULL,NULL,'2016-12-31',NULL),
  (214,455,'2011-01-01',0.000,100.000,NULL,NULL,NULL,'2016-12-31',NULL),
  (215,456,'2011-01-01',0.000,80.000,NULL,NULL,NULL,'2016-12-31',NULL),
  (216,457,'2011-01-01',80.000,90.000,NULL,NULL,NULL,'2016-12-31',NULL),
  (217,458,'2011-01-01',10.000,12.000,NULL,NULL,NULL,'2016-12-31',NULL),
  (218,459,'2011-01-01',1.000,1.000,NULL,NULL,NULL,'2016-12-31',NULL),
  (219,460,'2011-01-01',12.000,10.000,NULL,NULL,NULL,'2016-12-31',NULL),
  (220,461,'2011-01-01',2.000,1.000,NULL,NULL,NULL,'2016-12-31',NULL),
  (221,462,'2011-01-01',4.000,3.000,NULL,NULL,NULL,'2016-12-31',NULL),
  (222,463,'2011-01-01',700.000,800.000,NULL,NULL,NULL,'2016-12-31',NULL),
  (223,464,'2011-01-01',700.000,800.000,NULL,NULL,NULL,'2016-12-31',NULL),
  (224,465,'2011-01-01',500.000,400.000,NULL,NULL,NULL,'2016-12-31',NULL);


INSERT INTO tema_perspectiva (tema_perspectiva_id, tema_perspectiva_tema, tema_perspectiva_perspectiva, tema_perspectiva_ordem, tema_perspectiva_uuid) VALUES
	(1,1,1,1,NULL);

INSERT INTO objetivo_perspectiva (objetivo_perspectiva_id, objetivo_perspectiva_objetivo, objetivo_perspectiva_tema, objetivo_perspectiva_perspectiva, objetivo_perspectiva_ordem, objetivo_perspectiva_uuid) VALUES
  (1,2,NULL,2,1,NULL),
  (2,3,NULL,3,1,NULL),
  (3,4,NULL,4,1,NULL),
  (4,5,1,NULL,1,NULL),
  (5,6,NULL,3,1,NULL),
  (6,7,NULL,4,1,NULL),
  (7,8,NULL,3,1,NULL),
  (8,9,NULL,4,1,NULL),
  (9,10,1,NULL,1,NULL),
  (10,11,1,NULL,1,NULL);

INSERT INTO fator_objetivo (fator_objetivo_id, fator_objetivo_fator, fator_objetivo_objetivo, fator_objetivo_ordem, fator_objetivo_uuid) VALUES
  (1,5,2,1,NULL),
  (2,6,3,1,NULL),
  (3,4,4,1,NULL);

INSERT INTO estrategia_fator (estrategia_fator_id, estrategia_fator_estrategia, estrategia_fator_fator, estrategia_fator_objetivo, estrategia_fator_tema, estrategia_fator_perspectiva, estrategia_fator_ordem, estrategia_fator_uuid) VALUES
	(1,4,4,NULL,NULL,NULL,1,NULL),
	(2,2,5,NULL,NULL,NULL,1,NULL),
	(3,3,6,NULL,NULL,NULL,1,NULL);